date,symbol,factor,prev_close_reported,close_previous_day
2026-03-03,20MICRONS,1.026501,174.69,170.18
2026-03-26,20MICRONS,0.970462,147.19,151.67
2026-03-31,20MICRONS,1.056933,140.72,133.14
2026-06-26,20MICRONS,1.039184,207.92,200.08
2026-01-26,21STCENMGM,1.020212,40.38,39.58
2026-03-03,21STCENMGM,1.020213,36.34,35.62
2026-03-26,21STCENMGM,1.020273,30.7,30.09
2026-03-31,21STCENMGM,1.020062,29.49,28.91
2026-04-03,21STCENMGM,1.020125,29.4,28.82
2026-02-02,360ONE,0.971348,1101.8,1134.3
2026-03-03,360ONE,1.026891,1103.6,1074.7
2026-03-31,360ONE,1.029275,977.4,949.6
2026-04-03,360ONE,1.02056,953.05,933.85
2026-05-01,3BBLACKBIO,1.054532,1264.7,1199.3
2025-12-25,3IINFOLTD,1.027267,17.33,16.87
2026-03-03,3IINFOLTD,1.028782,13.94,13.55
2026-04-03,3IINFOLTD,0.964262,14.3,14.83
2026-04-14,3IINFOLTD,0.976961,15.69,16.06
2025-11-05,3MINDIA,0.855511,30700.0,35885.0
2026-03-03,3MINDIA,1.051296,37505.0,35675.0
2026-03-31,3MINDIA,1.024734,30865.0,30120.0
2025-10-22,3PLAND,0.975783,41.1,42.12
2026-02-02,3PLAND,0.977099,34.56,35.37
2026-03-03,3PLAND,1.040764,32.68,31.4
2026-03-31,3PLAND,0.973559,28.72,29.5
2026-04-03,3PLAND,0.968596,31.46,32.48
2026-05-28,3PLAND,0.972249,30.83,31.71
2025-12-25,5PAISA,0.926915,315.8,340.7
2026-01-15,5PAISA,0.932418,356.65,382.5
2026-01-26,5PAISA,1.048636,353.6,337.2
2026-02-02,5PAISA,0.957588,331.9,346.6
2026-03-03,5PAISA,1.042026,319.85,306.95
2026-03-31,5PAISA,1.050783,261.75,249.1
2026-04-03,5PAISA,0.946843,270.21,285.38
2026-03-31,5PAISA-RE,0.666667,0.1,0.15
2026-04-03,5PAISA-RE,0.84,0.21,0.25
2026-01-15,63MOONS,1.023874,694.75,678.55
2026-01-26,63MOONS,1.046541,617.25,589.8
2026-02-02,63MOONS,0.970856,629.6,648.5
2026-03-31,63MOONS,1.037317,487.85,470.3
2026-04-14,63MOONS,0.96659,549.7,568.7
2025-10-22,A2ZINFRA,0.964699,15.85,16.43
2025-11-05,A2ZINFRA,0.964497,16.3,16.9
2025-12-25,A2ZINFRA,0.935652,16.14,17.25
2026-01-15,A2ZINFRA,0.952572,14.26,14.97
2026-03-03,A2ZINFRA,1.052415,17.87,16.98
2026-03-26,A2ZINFRA,0.959125,16.66,17.37
2026-03-31,A2ZINFRA,1.052263,16.51,15.69
2026-04-03,A2ZINFRA,0.978562,15.52,15.86
2025-10-22,AAATECH,0.953472,82.79,86.83
2025-12-25,AAATECH,1.023564,97.3,95.06
2026-01-15,AAATECH,0.960814,112.79,117.39
2026-03-03,AAATECH,1.035258,102.18,98.7
2026-02-02,AADHARHFC,0.978933,480.95,491.3
2026-04-03,AADHARHFC,1.027442,451.15,439.1
2026-06-26,AADHARHFC,0.976471,506.3,518.5
2026-03-31,AAKAAR,1.051975,50.6,48.1
2026-04-03,AAKAAR,0.95283,50.5,53.0
2026-04-14,AAKAAR,0.95409,57.15,59.9
2026-05-28,AAKAAR,0.9533,76.55,80.3
2026-03-31,AAKASH,1.039191,8.22,7.91
2026-06-26,AAKASH,1.030543,9.11,8.84
2025-10-22,AARADHYA,0.96338,153.9,159.75
2025-11-05,AARADHYA,1.030569,158.45,153.75
2026-01-15,AARADHYA,1.040984,127.0,122.0
2026-03-26,AARADHYA,0.96,108.0,112.5
2026-04-14,AARADHYA,1.090075,95.0,87.15
2026-01-26,AAREYDRUGS,0.952886,65.53,68.77
2026-02-02,AAREYDRUGS,0.951036,64.29,67.6
2026-03-03,AAREYDRUGS,1.101335,76.73,69.67
2026-03-26,AAREYDRUGS,1.029374,63.78,61.96
2026-03-31,AAREYDRUGS,1.101478,55.9,50.75
2026-04-14,AAREYDRUGS,0.95452,68.21,71.46
2026-03-03,AARNAV,1.023247,27.29,26.67
2026-03-31,AARNAV,1.051637,22.81,21.69
2026-04-03,AARNAV,1.021683,23.56,23.06
2026-05-28,AARNAV,0.979542,23.94,24.44
2025-10-22,AARON,0.965528,180.66,187.11
2025-11-05,AARON,1.022204,203.02,198.61
2026-03-03,AARON,1.056366,161.55,152.93
2026-03-26,AARON,1.023491,133.32,130.26
2026-03-31,AARON,1.09536,119.69,109.27
2026-04-03,AARON,0.901892,122.54,135.87
2026-04-14,AARON,1.021625,143.62,140.58
2026-05-28,AARON,1.026468,124.1,120.9
2025-12-25,AARTECH,0.944116,47.98,50.82
2026-01-15,AARTECH,0.97499,50.29,51.58
2026-01-26,AARTECH,1.02527,47.47,46.3
2026-03-03,AARTECH,1.031325,42.8,41.5
2026-03-31,AARTECH,1.135057,39.5,34.8
2026-04-03,AARTECH,0.945548,36.64,38.75
2026-04-14,AARTECH,0.935623,41.13,43.96
2026-05-28,AARTECH,1.026105,44.81,43.67
2026-06-26,AARTECH,0.960796,50.24,52.29
2025-12-25,AARTIDRUGS,0.977133,412.35,422.0
2026-03-03,AARTIDRUGS,1.027148,367.0,357.3
2026-03-31,AARTIDRUGS,1.034246,330.7,319.75
2026-03-03,AARTIIND,1.032798,447.15,432.95
2026-03-26,AARTIIND,0.970899,418.7,431.25
2026-03-31,AARTIIND,1.045984,417.4,399.05
2025-12-25,AARTIPHARM,1.028099,781.15,759.8
2026-01-15,AARTIPHARM,0.965713,764.7,791.85
2026-02-02,AARTIPHARM,0.978226,736.8,753.2
2026-03-03,AARTIPHARM,1.025434,723.7,705.75
2026-03-26,AARTIPHARM,0.97457,622.75,639.0
2026-03-31,AARTIPHARM,1.02855,608.85,591.95
2026-05-01,AARTIPHARM,0.95792,709.1,740.25
2026-05-28,AARTIPHARM,1.060053,694.6,655.25
2026-06-26,AARTIPHARM,1.028015,710.05,690.7
2025-10-22,AARTISURF,0.979309,480.4,490.55
2025-11-05,AARTISURF,1.023573,473.3,462.4
2026-01-26,AARTISURF,1.071103,434.6,405.75
2026-03-03,AARTISURF,1.050182,404.95,385.6
2026-03-31,AARTISURF,1.056524,339.25,321.1
2026-04-03,AARTISURF,0.964948,351.0,363.75
2026-04-14,AARTISURF,1.021357,404.1,395.65
2026-01-26,AARVI,1.023751,121.55,118.73
2026-02-02,AARVI,1.032301,132.63,128.48
2026-03-03,AARVI,1.061123,130.03,122.54
2026-03-26,AARVI,0.977945,125.04,127.86
2026-03-31,AARVI,1.022289,123.38,120.69
2026-04-14,AARVI,1.044183,131.4,125.84
2026-05-01,AARVI,1.025659,128.31,125.1
2026-05-28,AARVI,1.021896,138.61,135.64
2026-06-26,AARVI,1.046331,149.73,143.1
2026-01-15,AATMAJ,0.945455,20.8,22.0
2026-01-26,AATMAJ,1.131455,24.1,21.3
2026-02-02,AATMAJ,1.065534,21.95,20.6
2026-03-26,AATMAJ,1.076923,20.3,18.85
2026-04-03,AATMAJ,1.059432,20.5,19.35
2026-03-03,AAVAS,1.036691,1285.6,1240.1
2026-03-31,AAVAS,1.030056,1110.4,1078.0
2026-04-14,AAVAS,0.968993,1243.8,1283.6
2025-10-22,ABAN,0.970019,41.09,42.36
2025-11-05,ABAN,1.023871,39.46,38.54
2025-12-25,ABAN,1.052349,23.52,22.35
2026-01-15,ABAN,0.952727,18.34,19.25
2026-01-26,ABAN,1.048198,23.27,22.2
2026-03-31,ABAN,1.052418,23.29,22.13
2026-04-14,ABAN,1.052553,21.03,19.98
2026-05-01,ABANSENT,0.909404,39.65,43.6
2026-05-28,ABANSENT,1.02063,28.2,27.63
2026-02-02,ABB,0.974635,5437.0,5578.5
2026-03-31,ABB,1.027518,6105.0,5941.5
2026-05-28,ABB,0.942513,6804.0,7219.0
2026-01-15,ABCAPITAL,0.978388,350.85,358.6
2026-01-26,ABCAPITAL,1.020291,354.5,347.45
2026-02-02,ABCAPITAL,0.968805,329.2,339.8
2026-03-26,ABCAPITAL,0.960915,302.4,314.7
2026-03-31,ABCAPITAL,1.046193,305.75,292.25
2026-05-28,ABCOTS,1.035713,223.31,215.61
2025-10-22,ABDL,0.962313,580.9,603.65
2026-03-26,ABDL,0.969155,395.9,408.5
2026-05-01,ABDL,1.037702,551.85,531.8
2026-01-26,ABFRL,1.033258,63.69,61.64
2026-02-02,ABFRL,0.975456,64.78,66.41
2026-03-31,ABFRL,1.058638,57.05,53.89
2026-04-14,ABFRL,0.973693,60.33,61.96
2026-06-26,ABFRL,1.024617,61.6,60.12
2025-12-25,ABHAPOWER,0.923836,32.75,35.45
2026-01-15,ABHAPOWER,0.945347,32.0,33.85
2026-01-26,ABHAPOWER,0.939259,31.7,33.75
2026-03-03,ABHAPOWER,1.04475,30.35,29.05
2026-03-26,ABHAPOWER,0.957295,26.9,28.1
2026-03-31,ABHAPOWER,1.065126,25.35,23.8
2026-04-14,ABHAPOWER,1.020221,27.75,27.2
2026-06-26,ABHAPOWER,1.040892,28.0,26.9
2025-10-22,ABINFRA,1.029801,18.66,18.12
2026-01-26,ABINFRA,1.036131,18.64,17.99
2026-02-02,ABINFRA,0.951646,18.5,19.44
2026-03-31,ABINFRA,1.047164,16.43,15.69
2026-05-28,ABINFRA,1.056397,12.55,11.88
2026-06-26,ABINFRA,0.935209,10.97,11.73
2025-12-25,ABLBL,0.978948,120.44,123.03
2026-01-26,ABLBL,1.028787,106.5,103.52
2026-03-31,ABLBL,1.042503,91.98,88.23
2026-05-01,ABLBL,1.020918,104.93,102.78
2026-06-26,ABLBL,1.029825,100.48,97.57
2025-10-22,ABMINTLLTD,0.952979,50.87,53.38
2026-01-15,ABMINTLLTD,1.024695,37.76,36.85
2026-03-03,ABMINTLLTD,1.050743,41.0,39.02
2026-03-26,ABMINTLLTD,1.020316,45.2,44.3
2026-03-31,ABMINTLLTD,1.020207,43.42,42.56
2026-05-01,ABMINTLLTD,1.05167,43.76,41.61
2026-05-28,ABMKNO,1.02193,233.0,228.0
2026-01-26,ABREL,1.044544,1346.0,1288.6
2026-02-02,ABREL,0.974337,1233.9,1266.4
2026-03-03,ABREL,1.027311,1290.2,1255.9
2026-03-26,ABREL,0.9708,1133.7,1167.8
2026-05-01,ABREL,1.043197,1550.4,1486.2
2026-06-26,ABREL,0.969407,1305.5,1346.7
2026-03-26,ABSLAMC,0.957331,899.7,939.8
2026-03-31,ABSLAMC,1.028066,902.95,878.3
2026-05-28,ABSLAMC,0.976735,1003.4,1027.3
2026-06-26,ABSLAMC,1.047319,1195.2,1141.2
2026-03-31,ABSLBANETF,1.038267,53.45,51.48
2026-03-26,ABSLMSCIN,0.977674,27.15,27.77
2026-03-31,ABSLMSCIN,0.954737,27.21,28.5
2026-04-03,ABSLMSCIN,1.027367,27.78,27.04
2026-02-02,ABSLNN50ET,0.972634,68.95,70.89
2026-01-15,ABSLPSE,0.978785,10.15,10.37
2026-02-02,ABSLPSE,0.977011,10.2,10.44
2026-01-26,ABSMARINE,1.04539,183.1,175.15
2026-03-03,ABSMARINE,1.035034,168.4,162.7
2026-03-31,ABSMARINE,1.027081,153.6,149.55
2026-04-03,ABSMARINE,0.907145,163.15,179.85
2026-04-14,ABSMARINE,1.03354,200.3,193.8
2026-05-28,ABSMARINE,1.050735,285.8,272.0
2025-11-05,ACC,1.020681,1870.5,1832.6
2026-01-26,ACC,1.035408,1728.2,1669.1
2026-03-03,ACC,1.025238,1592.4,1553.2
2026-03-26,ACC,0.975437,1334.3,1367.9
2026-03-31,ACC,1.047665,1314.4,1254.6
2026-01-15,ACCELYA,0.976528,1310.5,1342.0
2026-02-02,ACCELYA,1.025052,1321.6,1289.3
2026-03-03,ACCELYA,1.026417,1196.7,1165.9
2026-03-31,ACCELYA,1.07642,1102.9,1024.6
2026-04-03,ACCELYA,0.972186,1115.0,1146.9
2026-05-01,ACCELYA,1.0372,1201.7,1158.6
2025-12-25,ACCENTMIC,1.03353,342.15,331.05
2026-01-26,ACCENTMIC,1.052493,338.85,321.95
2026-02-02,ACCENTMIC,1.031332,332.45,322.35
2026-03-31,ACCENTMIC,1.044757,371.15,355.25
2026-04-03,ACCENTMIC,0.961114,365.8,380.6
2026-04-14,ACCENTMIC,0.96029,417.15,434.4
2025-11-05,ACCORD,1.052897,20.9,19.85
2026-01-15,ACCORD,1.048193,30.45,29.05
2026-03-03,ACCORD,1.051601,29.55,28.1
2026-04-03,ACCORD,0.952381,26.0,27.3
2026-04-14,ACCORD,0.953361,34.75,36.45
2026-06-26,ACCORD,0.95272,126.95,133.25
2025-11-05,ACCPL,1.027313,58.3,56.75
2025-12-25,ACCPL,1.021591,89.9,88.0
2026-01-15,ACCPL,1.051911,72.95,69.35
2026-01-26,ACCPL,1.050742,67.3,64.05
2026-02-03,ACCPL,1.034866,69.75,67.4
2026-03-03,ACCPL,1.04335,71.0,68.05
2026-03-26,ACCPL,0.957014,63.45,66.3
2026-03-31,ACCPL,1.042486,66.25,63.55
2026-04-03,ACCPL,0.952857,66.7,70.0
2026-04-14,ACCPL,1.038436,77.0,74.15
2026-05-01,ACCPL,0.9526,103.5,108.65
2026-01-26,ACCURACY,0.977867,4.86,4.97
2026-02-02,ACCURACY,1.020161,5.06,4.96
2026-03-03,ACCURACY,1.08686,4.88,4.49
2026-03-31,ACCURACY,1.023055,3.55,3.47
2026-04-03,ACCURACY,0.97389,3.73,3.83
2026-04-14,ACCURACY,1.046967,5.35,5.11
2026-05-01,ACCURACY,1.023576,5.21,5.09
2026-05-28,ACCURACY,1.040853,5.86,5.63
2026-02-02,ACE,1.044497,887.3,849.5
2026-03-03,ACE,1.020415,884.7,867.0
2026-03-26,ACE,0.975632,798.75,818.7
2026-03-31,ACE,1.042393,780.7,748.95
2026-04-14,ACE,1.024043,909.35,888.0
2026-01-15,ACEINTEG,0.962549,19.79,20.56
2026-01-26,ACEINTEG,1.03057,19.89,19.3
2026-03-03,ACEINTEG,1.039542,18.14,17.45
2026-03-26,ACEINTEG,0.965598,16.56,17.15
2026-03-31,ACEINTEG,1.032131,15.74,15.25
2026-04-14,ACEINTEG,0.947283,17.61,18.59
2026-06-26,ACEINTEG,0.976031,20.36,20.86
2026-03-31,ACETEC,1.088224,138.15,126.95
2026-04-03,ACETEC,0.928122,125.25,134.95
2026-02-02,ACI,1.038689,587.95,566.05
2026-03-03,ACI,1.045455,576.15,551.1
2026-03-31,ACI,1.035663,608.4,587.45
2026-05-01,ACI,1.024452,622.15,607.3
2025-10-22,ACL,0.956355,74.72,78.13
2025-12-25,ACL,0.978199,68.2,69.72
2026-01-15,ACL,1.030193,68.24,66.24
2026-01-26,ACL,1.040041,61.56,59.19
2026-03-03,ACL,1.04674,55.54,53.06
2026-03-31,ACL,1.035548,42.24,40.79
2026-04-03,ACL,0.952402,42.82,44.96
2025-10-22,ACMESOLAR,0.946272,274.75,290.35
2026-01-26,ACMESOLAR,1.039154,206.75,198.96
2026-03-31,ACMESOLAR,1.029815,269.41,261.61
2026-04-03,ACMESOLAR,0.971418,266.8,274.65
2026-04-14,ACMESOLAR,0.945784,268.65,284.05
2026-06-26,ACSTECH,0.952487,42.7,44.83
2026-03-26,ACTIVEINFR,0.970686,175.5,180.8
2026-03-31,ACTIVEINFR,1.047059,178.0,170.0
2026-06-26,ACTIVEINFR,0.952381,170.0,178.5
2025-12-25,ACUTAAS,1.025162,1694.9,1653.3
2026-02-02,ACUTAAS,0.954405,1825.3,1912.5
2026-03-26,ACUTAAS,0.963598,2435.3,2527.3
2026-04-03,ACUTAAS,1.105156,2332.1,2110.2
2026-05-01,ACUTAAS,0.964651,2502.4,2594.1
2026-01-26,ADANIENSOL,1.137935,924.8,812.7
2026-02-02,ADANIENSOL,0.945183,845.75,894.8
2026-03-03,ADANIENSOL,1.040368,1011.55,972.3
2026-03-26,ADANIENSOL,0.976676,967.3,990.4
2026-03-31,ADANIENSOL,1.022569,956.0,934.9
2026-05-01,ADANIENSOL,1.056547,1418.15,1342.25
2026-05-28,ADANIENSOL,0.950133,1463.3,1540.1
2026-01-26,ADANIENT,1.119193,2086.4,1864.2
2026-02-02,ADANIENT,0.961592,1942.8,2020.4
2026-03-26,ADANIENT,0.963585,1817.9,1886.6
2026-03-31,ADANIENT,1.036502,1823.0,1758.8
2026-01-26,ADANIGREEN,1.17016,904.3,772.8
2026-02-02,ADANIGREEN,0.946615,806.8,852.3
2026-03-03,ADANIGREEN,1.048475,947.35,903.55
2026-03-31,ADANIGREEN,1.031726,832.5,806.9
2026-05-28,ADANIGREEN,0.978186,1457.4,1489.9
2026-01-26,ADANIPORTS,1.080862,1414.2,1308.4
2026-02-02,ADANIPORTS,0.947246,1344.9,1419.8
2026-03-03,ADANIPORTS,1.034483,1521.0,1470.3
2026-03-26,ADANIPORTS,0.976961,1344.2,1375.9
2026-01-26,ADANIPOWER,1.059868,140.92,132.96
2026-03-26,ADANIPOWER,0.976961,150.11,153.65
2026-03-31,ADANIPOWER,1.0232,153.92,150.43
2026-04-14,ADANIPOWER,0.969451,175.81,181.35
2025-12-25,ADDICTIVE,1.051793,132.0,125.5
2026-01-26,ADDICTIVE,1.046992,111.4,106.4
2026-02-02,ADDICTIVE,1.042184,105.0,100.75
2026-03-03,ADDICTIVE,1.065657,105.5,99.0
2026-03-26,ADDICTIVE,0.970525,67.5,69.55
2026-03-31,ADDICTIVE,1.111015,64.05,57.65
2026-04-14,ADDICTIVE,0.971057,82.2,84.65
2026-05-01,ADDICTIVE,1.052632,96.0,91.2
2026-05-28,ADDICTIVE,1.043243,77.2,74.0
2026-01-26,ADFFOODS,1.040671,183.72,176.54
2026-03-26,ADFFOODS,0.975812,163.79,167.85
2026-03-31,ADFFOODS,0.944431,157.89,167.18
2026-05-28,ADFFOODS,1.020533,275.85,270.3
2026-06-26,ADFFOODS,1.032612,310.3,300.5
2026-05-01,ADISOFT,0.799071,172.0,215.25
2026-05-28,ADISOFT,1.032732,200.35,194.0
2026-01-26,ADL,1.025581,70.16,68.41
2026-03-03,ADL,1.020068,69.13,67.77
2026-03-31,ADL,1.110815,58.34,52.52
2026-04-03,ADL,0.971034,59.0,60.76
2026-04-14,ADL,0.9579,70.08,73.16
2026-05-28,ADL,1.034248,77.61,75.04
2026-06-26,ADL,1.031378,70.34,68.2
2026-01-15,ADOR,1.025025,1028.1,1003.0
2026-01-26,ADOR,1.029432,1031.8,1002.3
2026-03-03,ADOR,1.025002,1053.6,1027.9
2026-03-31,ADOR,1.036105,909.7,878.0
2026-04-03,ADOR,1.028201,893.25,868.75
2026-04-14,ADOR,1.024078,893.15,872.15
2026-05-01,ADOR,1.025212,1106.05,1078.85
2026-01-26,ADROITINFO,1.02588,9.91,9.66
2026-02-02,ADROITINFO,1.022703,9.46,9.25
2026-03-03,ADROITINFO,1.066876,10.21,9.57
2026-04-14,ADROITINFO,1.034591,9.87,9.54
2026-06-26,ADROITINFO,1.047619,9.24,8.82
2026-01-26,ADSL,1.03149,123.82,120.04
2026-02-02,ADSL,1.138635,142.17,124.86
2026-03-03,ADSL,1.044218,117.84,112.85
2026-03-31,ADSL,1.052541,91.75,87.17
2026-01-26,ADVAIT,1.034216,1432.7,1385.3
2026-02-02,ADVAIT,0.961843,1446.9,1504.3
2026-03-03,ADVAIT,1.054676,1705.2,1616.8
2026-03-31,ADVAIT,1.042364,1761.7,1690.1
2026-04-03,ADVAIT,0.975849,1737.5,1780.5
2026-05-01,ADVAIT,1.040287,2101.9,2020.5
2026-06-26,ADVAIT,1.036884,2358.6,2274.7
2025-10-22,ADVANCE,0.952421,114.3,120.01
2025-11-05,ADVANCE,1.055594,137.28,130.05
2025-12-25,ADVANCE,0.966659,120.9,125.07
2026-01-26,ADVANCE,1.042757,133.89,128.4
2026-02-02,ADVANCE,0.966664,128.75,133.19
2026-03-03,ADVANCE,1.040393,121.83,117.1
2026-03-26,ADVANCE,0.929314,89.4,96.2
2026-03-31,ADVANCE,1.089336,92.55,84.96
2026-04-03,ADVANCE,0.959909,92.42,96.28
2026-01-26,ADVANIHOTR,0.96701,60.09,62.14
2026-03-31,ADVANIHOTR,1.021019,48.09,47.1
2026-01-26,ADVENTHTL,1.090216,191.66,175.8
2026-02-02,ADVENTHTL,1.022783,204.26,199.71
2026-03-03,ADVENTHTL,1.029696,193.83,188.24
2026-03-26,ADVENTHTL,0.975287,141.68,145.27
2026-03-31,ADVENTHTL,1.082727,135.46,125.11
2026-04-14,ADVENTHTL,0.976207,155.09,158.87
2026-05-28,ADVENTHTL,1.040244,146.82,141.14
2026-01-15,ADVENZYMES,1.028349,290.2,282.2
2026-02-02,ADVENZYMES,0.916442,272.0,296.8
2026-03-26,ADVENZYMES,0.978871,268.7,274.5
2026-03-31,ADVENZYMES,1.04152,265.9,255.3
2026-04-03,ADVENZYMES,0.977615,266.4,272.5
2026-05-01,ADVENZYMES,0.971383,337.75,347.7
2026-06-26,ADVENZYMES,1.059567,369.1,348.35
2026-02-02,AEGISLOG,0.956605,698.8,730.5
2026-03-31,AEGISLOG,1.0223,612.0,598.65
2026-04-03,AEGISLOG,1.024014,603.4,589.25
2026-04-14,AEGISLOG,1.023465,632.45,617.95
2026-06-26,AEGISLOG,0.931837,1062.9,1140.65
2026-01-26,AEGISVOPAK,1.020823,205.41,201.22
2026-02-02,AEGISVOPAK,1.034478,234.63,226.81
2026-03-03,AEGISVOPAK,1.053295,228.07,216.53
2026-03-31,AEGISVOPAK,1.063347,171.89,161.65
2026-05-01,AEGISVOPAK,1.026158,194.58,189.62
2026-03-31,AEPL,1.058613,14.81,13.99
2026-04-03,AEPL,1.025374,15.76,15.37
2026-04-14,AEPL,1.023425,19.66,19.21
2026-01-15,AEQUS,1.028476,141.58,137.66
2026-04-14,AEQUS,0.951679,143.97,151.28
2026-05-01,AEQUS,1.024221,192.4,187.85
2026-05-28,AEQUS,1.111094,211.63,190.47
2026-01-26,AEROENTER,1.080542,86.13,79.71
2026-02-02,AEROENTER,0.970555,77.46,79.81
2026-03-03,AEROENTER,1.039475,78.47,75.49
2026-03-26,AEROENTER,0.965407,66.14,68.51
2026-03-31,AEROENTER,1.023868,66.49,64.94
2026-04-03,AEROENTER,0.97578,69.7,71.43
2026-04-14,AEROENTER,0.978731,84.67,86.51
2026-05-01,AEROENTER,0.971502,90.68,93.34
2026-06-26,AEROENTER,0.974855,134.14,137.6
2025-10-22,AEROFLEX,0.97918,167.43,170.99
2025-11-05,AEROFLEX,1.038563,189.87,182.82
2026-01-26,AEROFLEX,1.042947,165.62,158.8
2026-03-03,AEROFLEX,1.040296,234.93,225.83
2026-06-26,AEROFLEX,1.027858,479.65,466.65
2025-10-22,AERON,0.971606,109.5,112.7
2025-11-05,AERON,1.0322,115.4,111.8
2026-01-15,AERON,1.021354,98.05,96.0
2026-01-26,AERON,1.03397,97.4,94.2
2026-02-02,AERON,1.030729,98.95,96.0
2026-03-03,AERON,1.049217,93.8,89.4
2026-03-26,AERON,0.96997,80.75,83.25
2026-03-31,AERON,1.043806,76.25,73.05
2026-04-03,AERON,0.949555,80.0,84.25
2026-04-14,AERON,1.053723,99.05,94.0
2026-05-28,AERON,1.024744,84.9,82.85
2026-01-15,AERONEU,1.024367,73.99,72.23
2026-03-03,AERONEU,1.040559,70.04,67.31
2026-03-26,AERONEU,0.974824,76.28,78.25
2026-04-03,AERONEU,0.946853,75.36,79.59
2026-05-01,AERONEU,0.97641,86.92,89.02
2025-11-05,AESTHETIK,1.031279,112.1,108.7
2026-05-01,AESTHETIK,0.975325,75.1,77.0
2026-05-28,AESTHETIK,1.027397,75.0,73.0
2026-03-03,AETHER,1.028375,958.6,932.15
2026-03-26,AETHER,1.057054,1224.65,1158.55
2026-03-31,AETHER,1.069301,1170.35,1094.5
2026-06-26,AETHER,1.024225,1357.2,1325.1
2026-03-03,AFCONS,1.027612,292.15,284.3
2026-03-31,AFCONS,1.03866,282.1,271.6
2026-04-14,AFCONS,1.060379,324.9,306.4
2026-05-01,AFCONS,0.960995,326.45,339.7
2025-11-05,AFFLE,1.035028,1897.0,1832.8
2026-02-02,AFFLE,1.031153,1595.4,1547.2
2026-03-26,AFFLE,0.934921,1303.0,1393.7
2025-11-05,AFFORDABLE,1.029318,258.05,250.7
2026-03-03,AFFORDABLE,1.024597,178.7,174.41
2026-03-31,AFFORDABLE,1.088028,131.51,120.87
2026-04-03,AFFORDABLE,0.976715,140.94,144.3
2026-04-14,AFFORDABLE,0.970795,171.19,176.34
2025-10-22,AFIL,0.948417,8.09,8.53
2025-11-05,AFIL,1.023256,7.92,7.74
2026-01-26,AFIL,1.030242,5.11,4.96
2026-03-31,AFIL,1.047809,7.89,7.53
2026-05-28,AFIL,0.964176,9.42,9.77
2025-10-22,AFSL,0.974598,201.04,206.28
2026-04-14,AFSL,0.967664,201.1,207.82
2026-01-26,AGARIND,1.035613,696.45,672.5
2026-03-03,AGARIND,1.037079,551.0,531.3
2026-03-31,AGARIND,1.041644,377.7,362.6
2026-04-03,AGARIND,1.02057,391.95,384.05
2026-05-01,AGARIND,1.037534,432.6,416.95
2026-01-26,AGARWALEYE,1.021474,468.55,458.7
2026-02-02,AGARWALEYE,1.023801,443.05,432.75
2026-01-15,AGARWALFT,0.952503,37.1,38.95
2026-01-26,AGARWALFT,1.034921,32.6,31.5
2026-03-26,AGARWALFT,1.041667,25.0,24.0
2026-03-31,AGARWALFT,0.960334,23.0,23.95
2026-04-03,AGARWALFT,0.952562,25.1,26.35
2026-04-14,AGARWALFT,0.955687,32.35,33.85
2026-05-01,AGARWALFT,0.971142,38.7,39.85
2026-05-28,AGARWALFT,0.978571,34.25,35.0
2026-06-26,AGARWALFT,0.954545,37.8,39.6
2026-01-15,AGARWALTUF,0.956121,108.95,113.95
2026-01-26,AGARWALTUF,1.059609,103.1,97.3
2026-03-26,AGARWALTUF,0.928105,85.2,91.8
2026-04-03,AGARWALTUF,1.052284,87.55,83.2
2026-04-14,AGARWALTUF,0.974187,101.9,104.6
2026-05-01,AGARWALTUF,0.97401,118.05,121.2
2025-10-22,AGI,0.967427,821.2,848.85
2026-02-02,AGI,0.971918,607.4,624.95
2026-03-26,AGI,0.948927,484.0,510.05
2026-03-31,AGI,1.050155,492.05,468.55
2026-06-26,AGI,1.02149,703.5,688.7
2025-12-25,AGIIL,1.044541,265.0,253.7
2026-02-02,AGIIL,0.971529,249.1,256.4
2026-03-26,AGIIL,1.020637,309.1,302.85
2026-03-31,AGIIL,1.049715,294.55,280.6
2026-04-03,AGIIL,0.970751,288.75,297.45
2026-06-26,AGIIL,0.957866,354.65,370.25
2025-11-05,AGNI,0.958175,25.2,26.3
2025-12-25,AGNI,1.035197,25.0,24.15
2026-01-26,AGNI,1.055,21.1,20.0
2026-03-26,AGNI,0.953177,14.25,14.95
2026-03-31,AGNI,1.022876,15.65,15.3
2026-04-03,AGNI,0.972727,16.05,16.5
2026-04-14,AGNI,0.952381,20.0,21.0
2026-06-26,AGNI,0.965426,18.15,18.8
2026-01-26,AGRITECH,1.052345,139.32,132.39
2026-03-03,AGRITECH,1.033504,123.08,119.09
2026-03-31,AGRITECH,1.05079,98.48,93.72
2026-04-03,AGRITECH,0.93767,100.04,106.69
2026-04-14,AGRITECH,1.021301,122.26,119.71
2026-05-01,AGRITECH,0.973839,109.07,112.0
2026-01-15,AGROPHOS,0.952051,37.13,39.0
2026-01-26,AGROPHOS,1.026164,37.26,36.31
2026-03-03,AGROPHOS,1.051952,34.22,32.53
2026-03-31,AGROPHOS,1.155758,27.9,24.14
2026-04-03,AGROPHOS,0.943627,26.28,27.85
2026-04-14,AGROPHOS,1.05594,33.6,31.82
2026-05-28,AGROPHOS,1.026028,34.69,33.81
2026-06-26,AGROPHOS,1.03595,31.41,30.32
2025-10-22,AGSTRA,0.956221,4.15,4.34
2025-11-05,AGSTRA,1.024213,4.23,4.13
2026-02-02,AGSTRA,1.040404,4.12,3.96
2026-03-03,AGSTRA,1.044776,3.5,3.35
2026-03-26,AGSTRA,1.022901,2.68,2.62
2026-03-31,AGSTRA,1.05042,2.5,2.38
2026-04-03,AGSTRA,0.954023,2.49,2.61
2026-04-14,AGSTRA,1.049834,3.16,3.01
2025-11-05,AGUL,0.954948,64.65,67.7
2026-01-15,AGUL,0.975813,64.55,66.15
2026-02-02,AGUL,1.036252,75.75,73.1
2026-03-26,AGUL,1.051948,72.9,69.3
2025-11-05,AHCL,0.969268,134.99,139.27
2026-03-03,AHCL,0.97275,108.52,111.56
2026-03-26,AHCL,0.966859,112.32,116.17
2026-03-31,AHCL,1.040672,115.91,111.38
2026-04-14,AHCL,0.975011,129.93,133.26
2025-12-25,AHIMSA,1.052632,25.0,23.75
2026-02-02,AHLADA,0.976275,49.38,50.58
2026-03-03,AHLADA,1.029412,45.15,43.86
2026-03-26,AHLADA,0.961429,37.14,38.63
2026-03-31,AHLADA,1.115409,35.76,32.06
2026-03-26,AHLEAST,1.020024,146.71,143.83
2026-03-31,AHLEAST,0.956281,141.52,147.99
2026-05-28,AHLEAST,1.022515,165.31,161.67
2025-11-05,AHLUCONT,1.023233,938.1,916.8
2026-01-26,AHLUCONT,1.05259,874.65,830.95
2026-02-02,AHLUCONT,0.966723,835.2,863.95
2026-03-03,AHLUCONT,1.026776,772.7,752.55
2026-03-31,AHLUCONT,1.040894,682.15,655.35
2026-04-03,AHLUCONT,0.978323,679.25,694.3
2026-05-28,AHLUCONT,0.973211,806.5,828.7
2026-06-26,AHLUCONT,1.028358,872.15,848.1
2026-04-14,AHLWEST,0.952389,174.83,183.57
2026-05-01,AHLWEST,0.952395,344.51,361.73
2026-05-28,AHLWEST,1.052627,636.05,604.25
2026-06-26,AHLWEST,1.052632,628.0,596.6
2025-11-05,AIAENG,0.979481,3265.1,3333.5
2026-03-03,AIAENG,1.030143,3851.6,3738.9
2026-03-26,AIAENG,0.968994,3378.3,3486.4
2026-03-31,AIAENG,0.950998,3458.4,3636.6
2026-05-28,AIAENG,0.935706,4143.4,4428.1
2026-01-26,AIIL,1.063626,555.0,521.8
2026-02-02,AIIL,0.977237,493.7,505.2
2026-03-03,AIIL,1.060526,481.85,454.35
2026-03-26,AIIL,0.936776,493.4,526.7
2026-03-31,AIIL,1.130394,485.9,429.85
2026-04-03,AIIL,1.030498,432.5,419.7
2026-04-14,AIIL,1.028921,441.15,428.75
2026-05-01,AIIL,1.031581,486.7,471.8
2026-06-26,AIIL,1.030985,534.05,518.0
2025-10-22,AILIMITED,1.052369,42.2,40.1
2026-01-15,AILIMITED,1.032423,30.25,29.3
2026-01-26,AILIMITED,1.052632,29.0,27.55
2026-02-04,AILIMITED,0.950382,24.9,26.2
2026-03-03,AILIMITED,0.953064,36.55,38.35
2026-03-31,AILIMITED,1.051389,37.85,36.0
2026-04-03,AILIMITED,1.04908,34.2,32.6
2025-12-25,AIMTRON,1.02668,842.75,820.85
2026-01-26,AIMTRON,1.020971,732.7,717.65
2026-02-02,AIMTRON,1.04997,794.25,756.45
2026-03-03,AIMTRON,1.039587,779.95,750.25
2026-03-26,AIMTRON,0.952433,786.9,826.2
2026-03-31,AIMTRON,1.04274,829.5,795.5
2026-04-03,AIMTRON,0.969811,835.25,861.25
2026-05-01,AIMTRON,0.916388,1083.95,1182.85
2025-12-25,AIRAN,1.023115,18.59,18.17
2026-01-26,AIRAN,1.058738,14.6,13.79
2026-03-03,AIRAN,1.025641,16.4,15.99
2026-03-31,AIRAN,1.093531,14.03,12.83
2026-04-03,AIRAN,0.943182,14.11,14.96
2026-04-14,AIRAN,1.045943,17.53,16.76
2026-05-01,AIRAN,1.043956,17.1,16.38
2026-03-03,AIROLAM,1.029395,91.75,89.13
2026-03-26,AIROLAM,0.976917,84.22,86.21
2026-05-28,AIROLAM,0.974787,82.35,84.48
2026-06-26,AIROLAM,1.072115,102.58,95.68
2025-11-05,AISL,1.032759,89.85,87.0
2025-12-25,AISL,0.970816,81.5,83.95
2026-03-26,AISL,0.966882,59.85,61.9
2026-04-03,AISL,1.052632,57.0,54.15
2026-04-14,AISL,1.032258,64.0,62.0
2026-05-28,AISL,1.051756,56.9,54.1
2025-11-05,AJANTPHARM,0.972689,2539.4,2610.7
2025-12-25,AJANTPHARM,0.975718,2668.1,2734.5
2026-04-14,AJANTPHARM,0.968488,2806.0,2897.3
2026-05-28,AJANTPHARM,1.025258,3097.1,3020.8
2026-06-26,AJANTPHARM,1.023676,3255.7,3180.4
2025-11-05,AJAXENGG,1.027587,614.6,598.1
2026-01-26,AJAXENGG,1.040678,506.55,486.75
2026-03-31,AJAXENGG,1.054318,426.05,404.1
2026-06-26,AJAXENGG,1.036099,552.5,533.25
2026-01-15,AJMERA,4.91786,910.05,185.05
2026-02-02,AJMERA,0.90819,137.5,151.4
2026-03-26,AJMERA,0.954566,104.42,109.39
2026-03-31,AJMERA,1.040608,104.04,99.98
2026-04-03,AJMERA,0.965774,104.97,108.69
2026-06-26,AJMERA,1.021678,134.32,131.47
2026-02-02,AJOONI,1.167095,4.54,3.89
2026-03-03,AJOONI,1.1075,4.43,4.0
2026-04-14,AJOONI,1.023753,4.31,4.21
2026-06-26,AJOONI,0.96477,3.56,3.69
2025-12-25,AKANKSHA,0.972222,70.0,72.0
2026-01-15,AKANKSHA,1.041348,68.0,65.3
2026-01-26,AKANKSHA,1.084746,80.0,73.75
2026-03-31,AKANKSHA,1.127937,64.8,57.45
2026-04-14,AKANKSHA,0.958812,71.0,74.05
2026-05-01,AKANKSHA,0.968108,89.55,92.5
2026-05-28,AKANKSHA,0.963483,85.75,89.0
2025-10-22,AKASH,1.020059,27.46,26.92
2026-01-15,AKASH,1.036007,29.06,28.05
2026-03-03,AKASH,1.042298,26.12,25.06
2026-03-26,AKASH,1.037252,25.06,24.16
2026-04-14,AKASH,1.053464,27.98,26.56
2026-05-01,AKASH,1.031919,27.48,26.63
2026-05-01,AKCAPIT,0.97959,1540.65,1572.75
2026-05-28,AKCAPIT,0.973532,1662.5,1707.7
2025-12-25,AKG,0.976837,12.23,12.52
2026-01-15,AKG,0.956823,12.41,12.97
2026-03-03,AKG,1.247887,13.29,10.65
2026-03-31,AKG,1.114843,10.29,9.23
2026-04-03,AKG,0.972894,10.05,10.33
2026-04-14,AKG,0.979021,11.2,11.44
2026-06-26,AKG,1.030132,10.94,10.62
2026-01-26,AKI,1.030695,6.38,6.19
2026-02-02,AKI,1.026446,6.21,6.05
2026-03-03,AKI,1.038776,5.09,4.9
2026-03-26,AKI,1.022005,4.18,4.09
2026-03-31,AKI,1.071429,4.2,3.92
2026-04-03,AKI,0.914097,4.15,4.54
2026-04-14,AKI,1.046602,5.39,5.15
2025-10-22,AKIKO,0.952381,252.0,264.6
2026-03-03,AKIKO,1.050096,218.0,207.6
2026-04-14,AKIKO,1.02981,205.55,199.6
2026-05-01,AKIKO,0.970474,225.15,232.0
2026-05-28,AKIKO,1.023028,251.0,245.35
2026-01-26,AKSHAR,0.979592,0.48,0.49
2026-03-03,AKSHAR,1.05,0.42,0.4
2026-04-03,AKSHAR,0.909091,0.4,0.44
2026-04-14,AKSHAR,0.978723,0.46,0.47
2026-05-01,AKSHAR,0.979167,0.47,0.48
2026-05-28,AKSHAR,1.043478,0.48,0.46
2026-06-26,AKSHAR,0.977273,0.43,0.44
2025-12-25,AKSHARCHEM,1.022732,251.95,246.35
2026-03-03,AKSHARCHEM,1.05709,216.27,204.59
2026-03-26,AKSHARCHEM,1.075329,173.3,161.16
2026-03-31,AKSHARCHEM,1.042634,151.38,145.19
2026-04-03,AKSHARCHEM,0.954082,155.42,162.9
2026-01-26,AKSHOPTFBR,1.027422,5.62,5.47
2026-03-03,AKSHOPTFBR,1.077605,4.86,4.51
2026-03-31,AKSHOPTFBR,1.065491,4.23,3.97
2026-04-03,AKSHOPTFBR,0.958696,4.41,4.6
2026-04-14,AKSHOPTFBR,1.023679,5.62,5.49
2026-05-01,AKSHOPTFBR,1.036269,6.0,5.79
2026-03-03,AKUMS,1.028876,488.15,474.45
2026-03-26,AKUMS,0.96769,477.7,493.65
2026-02-02,AKZOINDIA,0.973107,2724.7,2800.0
2026-03-26,AKZOINDIA,0.975146,2852.4,2925.1
2026-03-31,AKZOINDIA,1.036137,2947.5,2844.7
2026-04-03,AKZOINDIA,0.95979,2871.5,2991.8
2025-10-22,ALANKIT,0.968881,11.52,11.89
2026-01-15,ALANKIT,1.023692,10.37,10.13
2026-03-03,ALANKIT,1.065327,8.48,7.96
2026-03-31,ALANKIT,1.046921,7.14,6.82
2026-04-03,ALANKIT,0.908976,7.19,7.91
2026-04-14,ALANKIT,1.021566,9.0,8.81
2026-05-28,ALANKIT,1.032222,9.29,9.0
2026-03-03,ALBERTDAVD,1.036414,711.55,686.55
2026-03-31,ALBERTDAVD,1.037731,609.2,587.05
2026-04-03,ALBERTDAVD,0.941338,616.2,654.6
2025-12-25,ALCODIS,1.034554,100.3,96.95
2026-03-31,ALCODIS,1.10537,54.55,49.35
2026-04-14,ALCODIS,0.974684,77.0,79.0
2026-05-01,ALCODIS,0.963855,80.0,83.0
2026-06-26,ALCODIS,1.033333,74.4,72.0
2026-03-03,ALEMBICLTD,1.031953,91.72,88.88
2026-03-26,ALEMBICLTD,0.96985,76.88,79.27
2026-03-31,ALEMBICLTD,1.063329,75.39,70.9
2026-05-01,ALEMBICLTD,1.022259,93.23,91.2
2026-01-26,ALGOQUANT,1.021701,63.56,62.21
2026-03-03,ALGOQUANT,0.971415,60.15,61.92
2026-03-31,ALGOQUANT,1.022106,50.86,49.76
2026-04-03,ALGOQUANT,0.968964,50.89,52.52
2026-06-26,ALGOQUANT,1.026413,58.29,56.79
2026-01-26,ALICON,1.027862,693.55,674.75
2026-03-26,ALICON,0.972421,610.0,627.3
2026-03-31,ALICON,1.061061,622.1,586.3
2026-04-14,ALICON,0.971021,646.7,666.0
2026-05-28,ALICON,0.963577,653.45,678.15
2026-01-26,ALIVUS,0.975099,861.5,883.5
2026-02-02,ALIVUS,0.951824,914.75,961.05
2026-05-01,ALIVUS,0.96855,1005.5,1038.15
2026-01-26,ALKALI,1.045245,72.54,69.4
2026-03-03,ALKALI,1.051842,64.52,61.34
2026-03-31,ALKALI,1.075404,51.2,47.61
2026-04-03,ALKALI,0.967503,49.72,51.39
2026-05-28,ALKALI,0.833333,74.55,89.46
2026-03-26,ALKEM,0.974519,5297.0,5435.5
2025-11-05,ALKYLAMINE,1.03227,1890.5,1831.4
2026-01-26,ALKYLAMINE,1.022723,1597.8,1562.3
2026-03-03,ALKYLAMINE,1.032341,1484.3,1437.8
2026-03-26,ALKYLAMINE,1.026409,1414.7,1378.3
2026-03-31,ALKYLAMINE,1.049448,1292.5,1231.6
2026-05-28,ALKYLAMINE,1.022754,1730.5,1692.0
2026-01-15,ALLCARGO,1.065322,11.09,10.41
2026-03-03,ALLCARGO,1.048447,8.44,8.05
2026-03-31,ALLCARGO,1.044568,7.5,7.18
2025-10-22,ALLDIGI,0.977527,876.5,896.65
2026-03-03,ALLDIGI,1.020698,823.55,806.85
2026-03-26,ALLDIGI,0.978799,745.6,761.75
2026-03-31,ALLDIGI,1.021687,718.45,703.2
2026-04-03,ALLDIGI,0.965703,754.6,781.4
2026-01-26,ALLETEC,1.033631,202.85,196.25
2026-03-03,ALLETEC,1.023407,157.4,153.8
2026-03-31,ALLETEC,1.105818,131.15,118.6
2026-04-03,ALLETEC,0.851506,141.35,166.0
2026-04-14,ALLETEC,1.035527,177.8,171.7
2026-05-28,ALLETEC,1.025153,167.1,163.0
2026-06-26,ALLETEC,1.045907,146.95,140.5
2025-11-05,ALLTIME,0.974089,300.75,308.75
2026-01-26,ALLTIME,1.115722,254.05,227.7
2026-02-02,ALLTIME,0.972473,220.8,227.05
2026-03-03,ALLTIME,1.038946,235.29,226.47
2026-03-26,ALLTIME,0.974761,199.67,204.84
2026-03-31,ALLTIME,1.048622,196.69,187.57
2026-04-14,ALLTIME,1.027559,218.87,213.0
2026-05-28,ALLTIME,1.033529,236.12,228.46
2025-11-05,ALMONDZ,1.039687,18.6,17.89
2026-01-26,ALMONDZ,1.053872,15.65,14.85
2026-02-02,ALMONDZ,0.970568,14.18,14.61
2026-03-03,ALMONDZ,1.065433,16.12,15.13
2026-03-31,ALMONDZ,1.097087,12.43,11.33
2026-05-01,ALMONDZ,1.031553,17.0,16.48
2026-01-26,ALOKINDS,1.023562,14.77,14.43
2026-03-03,ALOKINDS,1.035482,14.3,13.81
2026-03-31,ALOKINDS,1.065295,11.91,11.18
2026-06-26,ALOKINDS,1.021824,13.11,12.83
2026-01-26,ALPA,1.020178,65.22,63.93
2026-03-03,ALPA,1.025,66.01,64.4
2026-03-31,ALPA,1.111279,51.63,46.46
2026-04-03,ALPA,0.970242,50.21,51.75
2026-04-14,ALPA,1.033842,69.04,66.78
2026-01-15,ALPEXSOLAR,0.919289,742.05,807.2
2026-02-02,ALPEXSOLAR,0.944382,711.45,753.35
2026-03-03,ALPEXSOLAR,1.066053,769.85,722.15
2026-03-26,ALPEXSOLAR,0.975772,791.4,811.05
2026-04-03,ALPEXSOLAR,0.974386,838.8,860.85
2026-04-14,ALPEXSOLAR,0.932804,915.5,981.45
2026-05-01,ALPEXSOLAR,1.046947,1142.9,1091.65
2026-02-02,ALPHA,0.966123,45.06,46.64
2026-03-26,ALPHA,0.973725,44.1,45.29
2026-03-31,ALPHA,1.042468,44.43,42.62
2026-02-02,ALPHAETF,0.96798,23.58,24.36
2026-03-26,ALPHAETF,0.973976,22.83,23.44
2026-03-31,ALPHAETF,1.033667,22.72,21.98
2025-11-05,ALPHAGEO,1.022989,258.1,252.3
2026-01-26,ALPHAGEO,1.025004,204.56,199.57
2026-03-03,ALPHAGEO,1.022158,200.21,195.87
2026-03-26,ALPHAGEO,0.956745,180.71,188.88
2026-03-31,ALPHAGEO,1.055675,176.53,167.22
2026-04-14,ALPHAGEO,0.945239,224.57,237.58
2026-06-26,ALPHAGEO,1.037171,206.2,198.81
2026-03-26,ALPL30IETF,0.97722,25.31,25.9
2026-03-31,ALPL30IETF,1.025506,25.33,24.7
2025-10-22,ALPSINDUS,0.956989,1.78,1.86
2025-11-05,ALPSINDUS,1.041667,2.0,1.92
2025-10-22,ALUWIND,0.97988,90.1,91.95
2025-12-25,ALUWIND,1.028571,72.0,70.0
2026-01-26,ALUWIND,1.058366,68.0,64.25
2026-02-02,ALUWIND,0.938996,60.8,64.75
2026-04-03,ALUWIND,1.020408,55.0,53.9
2026-04-14,ALUWIND,1.052632,60.0,57.0
2026-05-01,ALUWIND,1.036496,56.8,54.8
2026-01-26,AMAGI,0.973246,365.6,375.65
2026-03-26,AMAGI,1.036211,339.1,327.25
2026-05-28,AMAGI,1.020784,410.1,401.75
2026-06-26,AMAGI,1.037253,533.2,514.05
2026-03-03,AMANTA,1.027035,102.95,100.24
2026-03-26,AMANTA,0.97911,96.55,98.61
2026-04-03,AMANTA,0.979088,105.81,108.07
2026-05-28,AMBAAUTO,1.0298,105.4,102.35
2026-06-26,AMBAAUTO,0.974359,83.6,85.8
2026-05-01,AMBALALSA,1.028346,32.65,31.75
2026-05-28,AMBALALSA,0.940904,32.48,34.52
2026-04-14,AMBANIORGO,0.954495,129.0,135.15
2026-06-26,AMBANIORGO,1.052105,126.2,119.95
2025-11-05,AMBER,1.020519,7957.5,7797.5
2026-01-26,AMBER,1.029916,5732.0,5565.5
2026-02-02,AMBER,1.04846,5993.0,5716.0
2026-03-26,AMBER,0.956348,6452.0,6746.5
2026-04-03,AMBER,1.047441,6579.5,6281.5
2026-05-28,AMBER,0.972858,7312.0,7516.0
2026-06-26,AMBER,1.024089,7843.5,7659.0
2025-12-25,AMBEY,1.029762,43.25,42.0
2026-02-02,AMBEY,0.926635,29.05,31.35
2026-03-03,AMBEY,1.045455,23.0,22.0
2026-03-26,AMBEY,1.046154,20.4,19.5
2026-04-14,AMBEY,1.046875,23.45,22.4
2026-05-01,AMBEY,1.051282,34.85,33.15
2026-05-28,AMBEY,1.028571,27.0,26.25
2026-03-03,AMBICAAGAR,1.021337,25.37,24.84
2026-03-31,AMBICAAGAR,1.090998,22.42,20.55
2026-05-01,AMBICAAGAR,0.976852,23.21,23.76
2026-02-02,AMBIKCO,0.960019,1236.6,1288.1
2026-03-31,AMBIKCO,1.040815,1175.6,1129.5
2026-06-26,AMBIKCO,1.026496,1770.5,1724.8
2026-01-15,AMBUJACEM,0.978346,537.65,549.55
2026-01-26,AMBUJACEM,1.053992,546.6,518.6
2026-02-02,AMBUJACEM,0.974909,497.35,510.15
2026-03-26,AMBUJACEM,0.966216,407.55,421.8
2026-05-01,AMBUJACEM,1.023413,454.6,444.2
2026-05-28,AMBUJACEM,0.97814,449.7,459.75
2025-11-05,AMCL,1.025818,298.0,290.5
2026-01-26,AMCL,1.047031,335.05,320.0
2026-02-02,AMCL,0.966206,290.2,300.35
2026-03-03,AMCL,1.051868,435.0,413.55
2026-03-31,AMCL,0.96885,410.55,423.75
2026-04-03,AMCL,0.975761,416.65,427.0
2026-05-28,AMCL,0.962741,474.15,492.5
2026-06-26,AMCL,1.03395,494.9,478.65
2026-01-26,AMDIND,1.026113,45.19,44.04
2026-02-02,AMDIND,0.979731,43.02,43.91
2026-03-03,AMDIND,1.034139,41.5,40.13
2026-03-26,AMDIND,0.969191,37.12,38.3
2026-03-31,AMDIND,1.030416,35.91,34.85
2026-04-14,AMDIND,1.036863,44.16,42.59
2026-01-26,AMEYA,1.033333,93.0,90.0
2026-03-03,AMEYA,1.023243,94.65,92.5
2026-04-14,AMEYA,0.953229,107.0,112.25
2026-05-01,AMEYA,1.022936,111.5,109.0
2026-05-28,AMEYA,1.032078,111.0,107.55
2026-03-26,AMIABLE,1.041429,72.9,70.0
2026-05-28,AMIABLE,0.933471,68.05,72.9
2026-04-03,AMIRCHAND,1.177778,212.0,180.0
2026-04-14,AMIRCHAND,1.052592,126.09,119.79
2026-06-26,AMIRCHAND,1.023323,130.31,127.34
2026-01-26,AMJLAND,1.052731,44.72,42.48
2026-03-03,AMJLAND,1.040859,40.25,38.67
2026-03-31,AMJLAND,1.104997,34.94,31.62
2026-04-03,AMJLAND,0.961933,35.63,37.04
2026-05-01,AMJLAND,1.027509,41.46,40.35
2025-12-25,AMJUMBO,0.962162,8.9,9.25
2025-10-22,AMNPLST,0.899492,207.36,230.53
2025-12-25,AMNPLST,1.042198,202.77,194.56
2026-02-02,AMNPLST,0.947356,161.42,170.39
2026-03-31,AMNPLST,1.088256,140.2,128.83
2026-04-03,AMNPLST,0.968102,136.27,140.76
2026-04-14,AMNPLST,1.032239,159.77,154.78
2026-05-01,AMNPLST,1.023358,166.92,163.11
2026-01-26,AMRUTANJAN,1.037917,626.85,603.95
2026-03-03,AMRUTANJAN,1.026932,596.75,581.1
2026-03-26,AMRUTANJAN,1.025616,532.5,519.2
2026-03-31,AMRUTANJAN,1.031905,509.4,493.65
2026-04-03,AMRUTANJAN,0.978165,499.5,510.65
2026-04-14,AMRUTANJAN,1.021323,536.45,525.25
2026-01-15,ANANDRATHI,1.022048,3152.2,3084.2
2026-03-03,ANANDRATHI,0.976941,3075.9,3148.5
2026-04-03,ANANDRATHI,0.970825,3114.6,3208.2
2026-01-15,ANANTRAJ,1.026359,566.55,552.0
2026-01-26,ANANTRAJ,1.072397,537.7,501.4
2026-02-02,ANANTRAJ,1.053044,531.05,504.3
2026-03-03,ANANTRAJ,1.04066,529.8,509.1
2026-03-31,ANANTRAJ,1.07789,437.3,405.7
2026-03-03,ANDHRAPAP,1.027184,68.77,66.95
2025-11-05,ANDHRSUGAR,1.046893,80.37,76.77
2026-03-26,ANDHRSUGAR,0.951157,70.69,74.32
2026-04-14,ANDHRSUGAR,0.958979,80.42,83.86
2026-05-01,ANDHRSUGAR,1.035835,101.17,97.67
2026-06-26,ANDHRSUGAR,1.022631,82.24,80.42
2026-01-15,ANGELONE,0.965906,2439.3,2525.4
2026-01-26,ANGELONE,1.020476,2566.6,2515.1
2026-02-02,ANGELONE,0.910307,2313.0,2540.9
2026-03-03,ANGELONE,1.030399,233.2,226.32
2026-03-26,ANGELONE,0.953532,230.44,241.67
2026-03-31,ANGELONE,1.034017,235.27,227.53
2026-05-28,ANGELONE,1.022258,344.45,336.95
2026-01-15,ANIKINDS,0.949057,42.29,44.56
2026-03-03,ANIKINDS,1.025971,46.22,45.05
2026-03-26,ANIKINDS,1.036926,37.91,36.56
2026-03-31,ANIKINDS,1.04533,34.36,32.87
2026-04-03,ANIKINDS,0.955664,35.35,36.99
2026-05-01,ANIKINDS,0.976463,43.56,44.61
2025-11-05,ANKITMETAL,1.02907,1.77,1.72
2026-03-03,ANKITMETAL,0.965116,1.66,1.72
2026-03-26,ANKITMETAL,0.978873,1.39,1.42
2026-03-31,ANKITMETAL,1.046512,1.35,1.29
2026-04-03,ANKITMETAL,0.957447,1.35,1.41
2026-05-01,ANKITMETAL,1.03125,1.65,1.6
2026-05-28,ANKITMETAL,1.039735,1.57,1.51
2026-06-26,ANKITMETAL,1.048276,1.52,1.45
2025-11-05,ANLON,1.020251,398.0,390.1
2025-12-25,ANLON,1.024872,410.0,400.05
2026-01-15,ANLON,0.961974,365.55,380.0
2026-04-14,ANLON,0.958904,385.0,401.5
2026-05-01,ANLON,0.936938,505.15,539.15
2025-11-05,ANMOL,0.953923,15.32,16.06
2026-01-26,ANMOL,1.027665,12.63,12.29
2026-03-03,ANMOL,1.042142,11.87,11.39
2026-03-26,ANMOL,1.021494,9.98,9.77
2026-03-31,ANMOL,1.07277,9.14,8.52
2026-04-03,ANMOL,0.898386,9.46,10.53
2026-05-01,ANMOL,1.054899,12.49,11.84
2025-12-25,ANNAPURNA,1.029995,218.05,211.7
2026-01-15,ANNAPURNA,1.020576,198.4,194.4
2026-03-03,ANNAPURNA,1.073909,193.25,179.95
2026-03-26,ANNAPURNA,0.947485,149.75,158.05
2026-03-31,ANNAPURNA,1.037929,172.4,166.1
2026-04-03,ANNAPURNA,0.932086,181.85,195.1
2026-05-28,ANNAPURNA,1.028236,140.2,136.35
2025-11-05,ANONDITA,1.041903,625.35,600.2
2025-12-25,ANONDITA,0.952422,825.75,867.0
2026-03-26,ANONDITA,0.959599,690.0,719.05
2026-03-31,ANONDITA,1.069374,704.45,658.75
2026-04-03,ANONDITA,0.936306,735.0,785.0
2026-05-01,ANONDITA,1.021117,1020.3,999.2
2026-05-28,ANONDITA,1.03168,1045.35,1013.25
2026-06-26,ANONDITA,1.047573,1233.15,1177.15
2026-03-31,ANSALAPI,1.020134,3.04,2.98
2026-05-28,ANSALAPI,1.020305,4.02,3.94
2025-11-05,ANTELOPUS,1.037224,575.4,554.75
2026-01-15,ANTELOPUS,0.833541,367.8,441.25
2026-01-26,ANTELOPUS,0.871683,440.2,505.0
2026-02-02,ANTELOPUS,0.962143,529.9,550.75
2026-03-03,ANTELOPUS,0.956332,514.65,538.15
2026-03-26,ANTELOPUS,1.020259,528.8,518.3
2026-03-31,ANTELOPUS,0.93049,530.1,569.7
2026-04-14,ANTELOPUS,0.977037,602.05,616.2
2026-05-01,ANTELOPUS,0.96973,672.75,693.75
2025-11-05,ANTGRAPHIC,1.029703,1.04,1.01
2026-01-26,ANTGRAPHIC,1.021739,0.94,0.92
2026-02-02,ANTGRAPHIC,1.022472,0.91,0.89
2026-03-03,ANTGRAPHIC,1.023529,0.87,0.85
2026-03-31,ANTGRAPHIC,1.029412,0.7,0.68
2026-05-28,ANTGRAPHIC,0.963855,0.8,0.83
2026-06-26,ANTGRAPHIC,0.962963,0.78,0.81
2025-10-22,ANTHEM,0.979721,727.1,742.15
2026-03-03,ANTHEM,1.020148,701.25,687.4
2026-03-31,ANTHEM,1.0384,681.45,656.25
2026-02-02,ANUHPHR,1.021338,74.19,72.64
2026-03-31,ANUHPHR,1.048955,70.28,67.0
2026-01-15,ANUP,1.027224,2056.4,2001.9
2026-01-26,ANUP,1.030385,1875.3,1820.0
2026-03-26,ANUP,0.96227,1650.1,1714.8
2026-03-31,ANUP,1.043088,1672.8,1603.7
2026-05-01,ANURAS,0.963462,1294.7,1343.8
2026-03-31,ANYA,1.021407,16.7,16.35
2026-04-03,ANYA,0.896175,16.4,18.3
2026-06-26,ANYA,0.976119,16.35,16.75
2026-01-26,AONEGOLD,0.971666,14.06,14.47
2026-02-02,AONEGOLD,0.943783,14.27,15.12
2026-03-03,AONEGOLD,0.948077,14.79,15.6
2026-03-26,AONEGOLD,0.974665,13.08,13.42
2026-03-31,AONEGOLD,0.977957,13.31,13.61
2026-03-31,AONENIFTY,1.022926,9.37,9.16
2026-03-03,AONESILVER,0.906618,10.0,11.03
2026-03-26,AONESILVER,0.959276,8.48,8.84
2026-03-31,AONESILVER,0.974742,8.49,8.71
2026-04-03,AONESILVER,1.030023,8.92,8.66
2026-06-26,AONESILVER,1.028951,8.53,8.29
2026-02-02,AONETMMQ50,0.967471,9.22,9.53
2026-03-26,AONETMMQ50,0.963003,8.85,9.19
2026-03-31,AONETMMQ50,1.022779,8.98,8.78
2025-11-05,APARINDS,1.024105,8539.5,8338.5
2025-12-25,APARINDS,1.023188,8891.5,8690.0
2026-01-15,APARINDS,1.023201,7651.5,7478.0
2026-01-26,APARINDS,1.025807,7214.5,7033.0
2026-03-03,APARINDS,1.045493,11180.5,10694.0
2026-03-31,APARINDS,1.073576,10608.0,9881.0
2026-04-14,APARINDS,1.020423,11342.0,11115.0
2026-05-28,APARINDS,0.933711,12536.0,13426.0
2026-06-26,APARINDS,1.040132,16665.0,16022.0
2026-02-02,APCL,1.041136,143.0,137.35
2026-03-03,APCL,1.022601,127.14,124.33
2026-03-31,APCL,1.081616,108.14,99.98
2026-04-03,APCL,0.977881,104.78,107.15
2026-05-28,APCL,0.97915,122.1,124.7
2026-06-26,APCL,0.976386,107.09,109.68
2025-12-25,APCOTEXIND,1.025749,390.4,380.6
2026-03-31,APCOTEXIND,1.054441,331.2,314.1
2026-06-26,APCOTEXIND,1.041614,533.15,511.85
2025-11-05,APEX,1.020579,241.02,236.16
2026-01-26,APEX,1.037051,272.9,263.15
2026-03-03,APEX,1.029202,389.45,378.4
2026-03-26,APEX,0.970221,384.45,396.25
2026-03-31,APEX,1.040513,377.55,362.85
2026-04-14,APEX,1.02969,435.25,422.7
2026-05-28,APEX,1.025311,457.75,446.45
2026-01-26,APEXECO,1.032604,120.35,116.55
2026-02-02,APEXECO,0.976923,127.0,130.0
2026-03-03,APEXECO,1.100129,128.0,116.35
2026-03-31,APEXECO,1.051625,110.0,104.6
2026-04-03,APEXECO,0.975192,108.1,110.85
2026-04-14,APEXECO,1.055046,115.0,109.0
2026-05-28,APEXECO,1.022239,199.95,195.6
2026-03-31,APLAPOLLO,1.0254,1986.2,1937.0
2026-04-14,APLAPOLLO,1.042833,2064.6,1979.8
2026-05-01,APLAPOLLO,1.032336,1966.6,1905.0
2025-11-05,APLLTD,0.962007,924.2,960.7
2026-03-26,APLLTD,0.969819,673.2,694.15
2026-04-03,APLLTD,1.031774,677.05,656.2
2025-10-22,APOLLO,0.96832,288.85,298.3
2026-01-26,APOLLO,1.044514,232.3,222.4
2026-02-02,APOLLO,0.951103,248.0,260.75
2026-03-03,APOLLO,1.111111,237.8,214.02
2026-03-31,APOLLO,1.040239,189.49,182.16
2026-04-14,APOLLO,1.021938,237.57,232.47
2026-06-26,APOLLO,1.027575,395.0,384.4
2026-03-26,APOLLOHOSP,0.977904,7413.0,7580.5
2026-01-26,APOLLOPIPE,0.951672,258.95,272.1
2026-02-02,APOLLOPIPE,0.97055,260.35,268.25
2026-03-03,APOLLOPIPE,1.030809,358.0,347.3
2026-03-31,APOLLOPIPE,1.032678,428.2,414.65
2026-04-14,APOLLOPIPE,0.956702,438.6,458.45
2025-11-05,APOLLOTYRE,0.975304,509.45,522.35
2026-03-03,APOLLOTYRE,1.030995,454.05,440.4
2026-03-26,APOLLOTYRE,0.964375,404.7,419.65
2026-05-01,APOLLOTYRE,1.038565,424.15,408.4
2026-06-26,APOLLOTYRE,0.97945,421.8,430.65
2026-01-15,APOLSINHOT,0.978219,1280.0,1308.5
2026-03-03,APOLSINHOT,1.047316,1250.6,1194.1
2026-03-31,APOLSINHOT,1.028967,980.4,952.8
2026-04-14,APOLSINHOT,1.032639,1067.8,1034.05
2026-05-28,APOLSINHOT,1.033634,1201.6,1162.5
2026-06-26,APOLSINHOT,1.020064,1301.5,1275.9
2025-11-05,APRAMEYA,1.020353,280.75,275.15
2026-01-26,APRAMEYA,1.02635,272.65,265.65
2026-02-02,APRAMEYA,0.962547,257.0,267.0
2026-03-03,APRAMEYA,0.923832,197.7,214.0
2026-03-31,APRAMEYA,1.062362,216.35,203.65
2026-05-28,APRAMEYA,1.086705,188.0,173.0
2025-10-22,APS,0.973711,483.35,496.4
2026-03-03,APS,1.030242,306.6,297.6
2026-03-31,APS,1.092628,289.0,264.5
2026-05-01,APS,1.03289,384.7,372.45
2026-05-28,APS,1.026072,338.45,329.85
2026-06-26,APS,1.020798,299.4,293.3
2026-03-26,APSISAERO,1.052494,181.45,172.4
2026-03-31,APSISAERO,1.04698,163.8,156.45
2026-04-03,APSISAERO,0.95245,164.25,172.45
2026-04-14,APSISAERO,0.958434,178.7,186.45
2026-05-01,APSISAERO,0.95257,227.95,239.3
2026-05-28,APSISAERO,1.052507,334.75,318.05
2025-11-05,APTECHT,1.028661,111.26,108.16
2026-01-26,APTECHT,1.020722,83.74,82.04
2026-02-02,APTECHT,0.97372,77.81,79.91
2026-03-03,APTECHT,1.032704,87.47,84.7
2026-03-31,APTECHT,1.043868,73.29,70.21
2026-05-28,APTECHT,1.0348,111.51,107.76
2025-11-05,APTUS,1.023434,301.35,294.45
2026-01-26,APTUS,1.020986,265.15,259.7
2026-02-02,APTUS,0.973856,268.2,275.4
2026-03-03,APTUS,1.023962,244.0,238.29
2026-03-26,APTUS,0.966514,200.31,207.25
2026-04-03,APTUS,1.021462,203.7,199.42
2026-03-03,AQYLON,1.052581,1201.1,1141.1
2026-03-26,AQYLON,1.051693,59.0,56.1
2026-03-31,AQYLON,1.051282,53.3,50.7
2026-04-03,AQYLON,1.052436,48.17,45.77
2026-04-14,AQYLON,1.050697,47.46,45.17
2026-06-26,AQYLON,1.052592,41.63,39.55
2025-12-25,ARABIAN,0.968179,71.5,73.85
2026-03-03,ARABIAN,1.054167,75.9,72.0
2026-03-26,ARABIAN,0.960508,68.1,70.9
2026-03-31,ARABIAN,1.033607,69.2,66.95
2026-04-14,ARABIAN,1.028169,73.0,71.0
2026-01-26,ARCHIDPLY,0.970111,83.09,85.65
2026-03-26,ARCHIDPLY,0.97862,68.2,69.69
2026-03-31,ARCHIDPLY,1.070181,68.01,63.55
2026-04-14,ARCHIDPLY,0.973322,77.71,79.84
2026-05-28,ARCHIDPLY,1.024643,83.16,81.16
2026-03-03,ARCHIES,1.07619,15.82,14.7
2026-03-26,ARCHIES,0.973134,13.04,13.4
2026-03-31,ARCHIES,1.054152,11.68,11.08
2026-04-03,ARCHIES,0.87373,12.04,13.78
2026-04-14,ARCHIES,1.046122,14.97,14.31
2025-12-25,ARCIIL,1.026535,67.7,65.95
2026-01-26,ARCIIL,1.032258,64.0,62.0
2026-02-03,ARCIIL,1.035714,58.0,56.0
2026-03-03,ARCIIL,1.076433,50.7,47.1
2026-03-31,ARCIIL,1.074264,41.95,39.05
2026-04-14,ARCIIL,0.961501,49.95,51.95
2026-05-01,ARCIIL,1.024275,75.95,74.15
2026-06-26,ARCIIL,1.0225,40.9,40.0
2025-11-05,ARE&M,1.020301,1010.2,990.1
2026-01-26,ARE&M,1.028212,854.65,831.2
2026-03-03,ARE&M,1.024865,844.95,824.45
2026-03-31,ARE&M,1.043498,701.7,672.45
2025-10-22,ARENTERP,1.025127,46.51,45.37
2025-12-25,ARENTERP,0.967495,46.73,48.3
2026-01-15,ARENTERP,1.040571,46.68,44.86
2026-02-02,ARENTERP,1.04251,41.2,39.52
2026-03-31,ARENTERP,1.157659,36.2,31.27
2026-04-03,ARENTERP,0.940486,33.66,35.79
2026-05-28,ARENTERP,1.047534,40.99,39.13
2026-06-26,ARENTERP,1.036848,38.55,37.18
2026-03-03,ARFIN,1.025164,71.7,69.94
2026-03-31,ARFIN,1.029745,75.47,73.29
2026-04-14,ARFIN,0.949878,89.26,93.97
2026-06-26,ARFIN,1.036967,93.13,89.81
2026-01-26,ARHAM,1.023675,144.85,141.5
2026-02-02,ARHAM,1.044956,142.95,136.8
2026-03-03,ARHAM,1.067057,136.85,128.25
2026-03-26,ARHAM,1.02315,123.75,120.95
2026-06-26,ARHAM,1.023929,143.35,140.0
2025-10-22,ARIES,0.969607,360.5,371.8
2026-02-02,ARIES,0.950973,315.2,331.45
2026-03-31,ARIES,1.045602,339.35,324.55
2026-05-28,ARIES,0.976082,355.05,363.75
2026-05-28,ARIHANT,0.962382,859.6,893.2
2026-06-26,ARIHANT,1.025354,865.45,844.05
2026-03-03,ARIHANTACA,1.059844,495.0,467.05
2026-03-31,ARIHANTACA,0.914878,490.1,535.7
2026-04-03,ARIHANTACA,1.040505,515.05,495.0
2026-01-26,ARIHANTCAP,1.03382,78.56,75.99
2026-03-03,ARIHANTCAP,1.053482,80.17,76.1
2026-03-31,ARIHANTCAP,1.067366,62.11,58.19
2026-04-14,ARIHANTCAP,1.035582,72.47,69.98
2025-11-05,ARIHANTSUP,0.957701,404.15,422.0
2026-01-26,ARIHANTSUP,1.088143,293.2,269.45
2026-03-03,ARIHANTSUP,1.026943,264.9,257.95
2026-03-26,ARIHANTSUP,0.920981,202.8,220.2
2026-03-31,ARIHANTSUP,1.061235,204.5,192.7
2026-04-03,ARIHANTSUP,0.975169,203.04,208.21
2026-04-14,ARIHANTSUP,1.032942,262.14,253.78
2026-05-01,ARIHANTSUP,1.02606,283.09,275.9
2026-06-26,ARIHANTSUP,1.03044,262.35,254.6
2026-03-03,ARIS,1.040119,111.74,107.43
2026-03-31,ARIS,1.043609,100.75,96.54
2026-06-26,ARIS,1.038866,118.68,114.24
2026-01-15,ARISINFRA,0.872457,112.8,129.29
2026-01-26,ARISINFRA,1.021791,107.85,105.55
2025-11-05,ARISTO,1.046512,135.0,129.0
2026-01-26,ARISTO,1.05248,109.3,103.85
2026-02-02,ARISTO,0.951417,94.0,98.8
2026-03-03,ARISTO,1.045705,94.95,90.8
2026-03-31,ARISTO,1.047333,78.55,75.0
2026-04-03,ARISTO,0.952905,77.9,81.75
2026-05-01,ARISTO,0.966667,116.0,120.0
2026-01-26,ARKADE,1.02612,114.32,111.41
2026-03-31,ARKADE,1.053675,99.92,94.83
2026-06-26,ARKADE,0.976365,120.21,123.12
2026-02-02,ARMANFIN,0.937658,1517.6,1618.5
2026-03-03,ARMANFIN,1.030301,1567.5,1521.4
2026-03-26,ARMANFIN,1.024273,1489.6,1454.3
2026-03-31,ARMANFIN,1.047116,1406.8,1343.5
2026-04-14,ARMANFIN,1.026269,1633.0,1591.2
2026-05-01,ARMANFIN,1.020225,1523.4,1493.2
2026-05-28,ARMANFIN,0.970996,1750.9,1803.2
2026-01-26,ARMOUR,1.052184,43.35,41.2
2026-02-02,ARMOUR,0.950893,31.95,33.6
2026-03-03,ARMOUR,1.086957,26.25,24.15
2026-03-26,ARMOUR,0.954545,21.0,22.0
2026-03-31,ARMOUR,1.063492,20.1,18.9
2026-04-03,ARMOUR,0.976923,19.05,19.5
2026-05-28,ARMOUR,1.06,21.2,20.0
2025-12-25,AROGRANITE,0.972004,30.9,31.79
2026-01-26,AROGRANITE,1.028436,28.21,27.43
2026-03-03,AROGRANITE,1.043887,26.64,25.52
2026-03-26,AROGRANITE,1.02112,22.24,21.78
2026-03-31,AROGRANITE,1.056723,20.12,19.04
2026-05-28,AROGRANITE,0.973034,25.98,26.7
2025-11-05,ARROWGREEN,1.040757,610.3,586.4
2026-01-26,ARROWGREEN,1.044087,444.05,425.3
2026-03-26,ARROWGREEN,0.931226,385.9,414.4
2026-03-31,ARROWGREEN,0.84281,386.85,459.0
2026-04-03,ARROWGREEN,0.921847,487.15,528.45
2026-05-01,ARROWGREEN,1.021831,545.3,533.65
2026-05-28,ARROWGREEN,0.936486,467.4,499.1
2025-10-22,ARSHIYA,0.959302,1.65,1.72
2025-12-25,ARSHIYA,1.02381,1.29,1.26
2026-03-03,ARSHIYA,1.052288,1.61,1.53
2026-03-31,ARSHIYA,1.047244,1.33,1.27
2026-04-14,ARSHIYA,1.023256,1.32,1.29
2025-10-22,ARSSBL,0.969945,503.45,519.05
2025-11-05,ARSSBL,0.954867,513.05,537.3
2026-01-26,ARSSBL,1.020551,605.85,593.65
2026-02-02,ARSSBL,0.975224,564.85,579.2
2026-03-03,ARSSBL,1.031139,506.65,491.35
2026-03-31,ARSSBL,1.04939,438.75,418.1
2026-06-26,ARSSBL,1.023191,553.7,541.15
2026-03-03,ARTEMISMED,1.043134,239.9,229.98
2026-03-31,ARTEMISMED,1.050654,215.92,205.51
2026-05-28,ARTEMISMED,1.023307,283.63,277.17
2025-10-22,ARTNIRMAN,0.934676,49.65,53.12
2025-11-05,ARTNIRMAN,1.045471,56.79,54.32
2025-12-25,ARTNIRMAN,0.979317,47.35,48.35
2026-03-03,ARTNIRMAN,1.024823,40.46,39.48
2026-03-26,ARTNIRMAN,1.059827,35.43,33.43
2026-03-31,ARTNIRMAN,1.110922,32.65,29.39
2026-04-03,ARTNIRMAN,0.919666,31.94,34.73
2026-04-14,ARTNIRMAN,1.054285,49.33,46.79
2026-06-26,ARTNIRMAN,0.956047,40.24,42.09
2025-10-22,ARUNAYA,0.970387,21.3,21.95
2025-11-05,ARUNAYA,1.025581,22.05,21.5
2025-12-25,ARUNAYA,1.050114,23.05,21.95
2026-01-26,ARUNAYA,1.034783,17.85,17.25
2026-03-03,ARUNAYA,1.023684,19.45,19.0
2026-03-31,ARUNAYA,1.039568,14.45,13.9
2026-04-03,ARUNAYA,1.041667,16.25,15.6
2026-05-28,ARUNAYA,1.050773,23.8,22.65
2025-12-25,ARVEE,0.962648,245.35,254.87
2026-01-15,ARVEE,1.027525,188.89,183.83
2026-01-26,ARVEE,1.022424,154.57,151.18
2026-03-26,ARVEE,0.97706,138.0,141.24
2026-04-03,ARVEE,1.043415,143.96,137.97
2026-04-14,ARVEE,1.073068,175.79,163.82
2026-02-02,ARVIND,1.057308,330.25,312.35
2026-03-03,ARVIND,1.021199,351.65,344.35
2026-03-26,ARVIND,0.973978,353.7,363.15
2026-03-31,ARVIND,1.035282,350.65,338.7
2026-04-03,ARVIND,0.960027,350.65,365.25
2026-01-26,ARVINDFASN,1.029078,449.45,436.75
2026-02-02,ARVINDFASN,0.977695,460.25,470.75
2026-03-31,ARVINDFASN,0.947831,382.45,403.5
2026-04-03,ARVINDFASN,0.939584,411.35,437.8
2025-11-05,ARVINDPORT,1.052498,62.15,59.05
2026-01-15,ARVINDPORT,0.952444,36.05,37.85
2026-01-26,ARVINDPORT,1.040562,33.35,32.05
2026-02-02,ARVINDPORT,1.049658,30.65,29.2
2026-03-26,ARVINDPORT,0.978758,29.95,30.6
2026-03-31,ARVINDPORT,1.049914,30.5,29.05
2026-05-01,ARVINDPORT,1.051676,37.65,35.8
2026-05-28,ARVINDPORT,1.047244,33.25,31.75
2026-06-26,ARVINDPORT,1.05141,31.7,30.15
2026-01-26,ARVSMART,0.974921,509.25,522.35
2026-03-03,ARVSMART,1.05957,546.95,516.2
2026-03-31,ARVSMART,1.028569,516.65,502.3
2025-11-05,ASAHIINDIA,0.971779,929.75,956.75
2026-03-03,ASAHIINDIA,1.058588,900.7,850.85
2026-03-26,ASAHIINDIA,0.971616,813.0,836.75
2026-03-31,ASAHIINDIA,1.041688,817.1,784.4
2026-04-14,ASAHIINDIA,1.050543,869.85,828.0
2026-05-28,ASAHIINDIA,0.97066,891.6,918.55
2026-06-26,ASAHIINDIA,0.953999,857.55,898.9
2026-02-02,ASAHISONG,0.977808,218.98,223.95
2026-03-03,ASAHISONG,1.021698,224.61,219.84
2026-03-31,ASAHISONG,1.046232,195.07,186.45
2026-04-03,ASAHISONG,0.972296,200.75,206.47
2026-04-14,ASAHISONG,1.022216,230.06,225.06
2026-03-03,ASAL,1.035973,472.3,455.9
2026-03-31,ASAL,1.054054,397.8,377.4
2025-10-22,ASALCBR,0.969414,1028.5,1060.95
2026-01-26,ASALCBR,1.026231,811.8,791.05
2026-03-03,ASALCBR,1.033709,808.05,781.7
2026-03-31,ASALCBR,1.031456,686.95,666.0
2026-04-14,ASALCBR,1.0291,882.35,857.4
2026-06-26,ASALCBR,0.974192,838.0,860.2
2025-10-22,ASCOM,0.965217,111.0,115.0
2026-03-03,ASCOM,0.963653,209.45,217.35
2026-03-31,ASCOM,1.020252,226.7,222.2
2026-04-03,ASCOM,1.020261,226.6,222.1
2026-04-14,ASCOM,0.960707,244.5,254.5
2026-05-01,ASCOM,1.052632,274.0,260.3
2026-06-26,ASCOM,0.955204,256.95,269.0
2025-10-22,ASHALOG,1.026536,73.5,71.6
2026-03-03,ASHALOG,1.043046,63.0,60.4
2026-01-26,ASHAPURMIN,1.101452,750.75,681.6
2026-03-31,ASHAPURMIN,1.060065,487.1,459.5
2026-05-01,ASHAPURMIN,1.024632,646.85,631.3
2026-05-28,ASHAPURMIN,1.039294,679.75,654.05
2026-06-26,ASHAPURMIN,1.031357,692.35,671.3
2026-01-26,ASHIANA,1.026728,291.95,284.35
2026-02-02,ASHIANA,0.968697,286.25,295.5
2026-03-31,ASHIANA,1.034322,289.3,279.7
2026-06-26,ASHIKA,1.022562,394.3,385.6
2025-11-05,ASHIMASYN,1.037853,21.66,20.87
2025-12-25,ASHIMASYN,1.027972,19.11,18.59
2026-01-26,ASHIMASYN,1.028986,16.33,15.87
2026-03-03,ASHIMASYN,0.940627,14.1,14.99
2026-03-31,ASHIMASYN,1.082343,12.75,11.78
2025-11-05,ASHOKA,1.028334,211.59,205.76
2026-01-15,ASHOKA,1.022869,150.73,147.36
2026-03-26,ASHOKA,0.962228,110.56,114.9
2026-03-31,ASHOKA,1.069813,109.26,102.13
2026-04-14,ASHOKA,1.020764,124.87,122.33
2026-06-26,ASHOKA,1.025796,134.41,131.03
2026-03-03,ASHOKAMET,1.072586,15.22,14.19
2026-03-31,ASHOKAMET,1.059689,12.96,12.23
2026-04-03,ASHOKAMET,0.979026,13.07,13.35
2026-05-01,ASHOKAMET,1.025107,16.74,16.33
2026-02-02,ASHOKLEY,0.961208,189.06,196.69
2026-03-26,ASHOKLEY,0.977654,167.13,170.95
2026-03-31,ASHOKLEY,1.058133,163.09,154.13
2026-04-14,ASHOKLEY,1.034639,178.02,172.06
2026-05-01,ASHOKLEY,1.022457,165.73,162.09
2026-06-26,ASHOKLEY,0.96409,154.91,160.68
2025-12-25,ASHWINI,0.952502,131.35,137.9
2026-03-03,ASHWINI,1.044138,151.4,145.0
2026-03-26,ASHWINI,1.037419,135.85,130.95
2026-03-31,ASHWINI,1.04566,138.55,132.5
2026-04-03,ASHWINI,0.967403,138.0,142.65
2025-10-22,ASIANENE,0.979509,339.4,346.5
2025-11-05,ASIANENE,0.967841,332.55,343.6
2026-01-26,ASIANENE,1.047935,252.5,240.95
2026-02-02,ASIANENE,0.971311,248.85,256.2
2026-03-31,ASIANENE,1.056521,252.35,238.85
2026-03-03,ASIANHOTNR,1.040029,289.7,278.55
2026-03-26,ASIANHOTNR,0.978206,291.75,298.25
2026-03-31,ASIANHOTNR,0.942173,283.5,300.9
2026-01-15,ASIANPAINT,1.025729,2886.3,2813.9
2026-02-02,ASIANPAINT,0.970638,2357.0,2428.3
2026-03-03,ASIANPAINT,1.029951,2376.2,2307.1
2026-03-26,ASIANPAINT,0.976698,2217.3,2270.2
2026-04-03,ASIANPAINT,1.026187,2225.8,2169.0
2025-12-25,ASIANTILES,0.941834,73.35,77.88
2026-01-15,ASIANTILES,0.977282,71.41,73.07
2026-01-26,ASIANTILES,1.056688,73.07,69.15
2026-03-03,ASIANTILES,1.036057,71.26,68.78
2026-03-26,ASIANTILES,0.941275,55.94,59.43
2026-03-31,ASIANTILES,1.039844,58.72,56.47
2026-04-14,ASIANTILES,0.938707,69.53,74.07
2025-10-22,ASKAUTOLTD,0.965402,492.5,510.15
2026-01-26,ASKAUTOLTD,1.02398,435.55,425.35
2026-03-03,ASKAUTOLTD,1.038115,415.35,400.1
2026-03-26,ASKAUTOLTD,0.935044,415.3,444.15
2026-05-28,ASKAUTOLTD,0.970412,446.05,459.65
2026-03-26,ASLIND,1.052308,85.5,81.25
2026-04-03,ASLIND,1.052367,73.35,69.7
2026-04-14,ASLIND,0.952635,80.45,84.45
2025-10-22,ASMS,0.972303,13.34,13.72
2026-01-26,ASMS,1.039783,11.5,11.06
2026-03-03,ASMS,1.042813,10.23,9.81
2026-04-03,ASMS,0.957125,7.59,7.93
2026-05-28,ASMS,0.976316,7.42,7.6
2026-06-26,ASMS,1.027663,7.43,7.23
2025-11-05,ASPINWALL,1.034089,271.5,262.55
2026-01-26,ASPINWALL,1.028929,225.85,219.5
2026-03-26,ASPINWALL,0.889094,202.5,227.76
2026-03-31,ASPINWALL,1.046248,218.76,209.09
2026-05-28,ASPINWALL,0.97243,234.2,240.84
2026-01-26,ASPIRE,0.979167,16.45,16.8
2026-03-26,ASPIRE,0.977679,10.95,11.2
2026-03-31,ASPIRE,1.04902,10.7,10.2
2026-04-03,ASPIRE,0.955357,10.7,11.2
2026-05-28,ASPIRE,0.958333,14.95,15.6
2026-06-26,ASPIRE,1.037801,15.1,14.55
2026-05-01,ASTAR,1.043929,649.95,622.6
2026-01-15,ASTEC,0.978051,637.2,651.5
2026-01-26,ASTEC,1.042761,593.8,569.45
2026-03-26,ASTEC,0.840417,524.0,623.5
2026-03-31,ASTEC,1.072512,579.8,540.6
2026-04-03,ASTEC,1.027348,557.85,543.0
2026-04-14,ASTEC,1.036655,658.95,635.65
2026-06-26,ASTEC,1.03646,751.9,725.45
2026-01-26,ASTERDM,1.037911,576.3,555.25
2026-02-02,ASTERDM,1.033053,570.4,552.15
2026-03-26,ASTERDM,0.972163,633.85,652.0
2026-04-03,ASTERDM,1.045282,687.9,658.1
2026-04-14,ASTERDM,1.023647,681.8,666.05
2026-05-28,ASTERDM,1.022057,757.6,741.25
2026-01-26,ASTRAL,1.021172,1413.2,1383.9
2026-03-26,ASTRAL,0.968298,1594.4,1646.6
2026-06-26,ASTRAL,1.033493,1536.7,1486.9
2025-12-25,ASTRAMICRO,0.978253,949.15,970.25
2026-01-15,ASTRAMICRO,1.021705,986.15,965.2
2026-02-02,ASTRAMICRO,0.970181,953.3,982.6
2026-03-31,ASTRAMICRO,1.027463,879.2,855.7
2026-04-03,ASTRAMICRO,0.941741,897.15,952.65
2026-05-28,ASTRAMICRO,0.971089,1357.0,1397.4
2026-06-26,ASTRAMICRO,0.965673,1662.6,1721.7
2025-11-05,ASTRAZEN,1.023165,9827.5,9605.0
2026-03-31,ASTRAZEN,1.021312,7931.0,7765.5
2026-04-14,ASTRAZEN,0.951175,8299.0,8725.0
2026-05-28,ASTRAZEN,1.036367,8962.5,8648.0
2026-01-15,ASTRON,1.043557,5.75,5.51
2026-02-02,ASTRON,0.959052,4.45,4.64
2026-03-03,ASTRON,1.02267,4.06,3.97
2026-03-31,ASTRON,1.047337,3.54,3.38
2026-04-03,ASTRON,0.975207,3.54,3.63
2026-04-14,ASTRON,1.041215,4.8,4.61
2026-05-01,ASTRON,0.977427,4.33,4.43
2026-06-26,ASTRON,1.020513,3.98,3.9
2025-10-22,ATALREAL,0.971336,24.06,24.77
2026-01-15,ATALREAL,0.96244,25.88,26.89
2026-03-03,ATALREAL,1.073119,25.39,23.66
2026-03-26,ATALREAL,0.973743,21.88,22.47
2026-03-31,ATALREAL,1.02619,21.55,21.0
2026-04-03,ATALREAL,0.929098,22.67,24.4
2026-05-01,ATALREAL,0.972149,25.83,26.57
2026-06-26,ATALREAL,0.974243,30.26,31.06
2025-11-05,ATAM,1.064638,109.53,102.88
2026-01-26,ATAM,1.053818,77.15,73.21
2026-02-02,ATAM,0.968581,71.83,74.16
2026-03-03,ATAM,1.070507,63.92,59.71
2026-03-31,ATAM,1.031384,50.61,49.07
2026-05-28,ATAM,1.035107,74.3,71.78
2025-10-22,ATCENERGY,0.973944,54.2,55.65
2025-11-05,ATCENERGY,1.065476,53.7,50.4
2026-03-03,ATCENERGY,1.034799,28.25,27.3
2026-03-31,ATCENERGY,1.067839,21.25,19.9
2026-04-03,ATCENERGY,0.833916,23.85,28.6
2026-05-01,ATCENERGY,0.954887,31.75,33.25
2026-05-28,ATCENERGY,1.052434,28.1,26.7
2026-01-26,ATGL,1.05904,548.0,517.45
2026-03-03,ATGL,1.038856,512.0,492.85
2026-03-31,ATGL,1.037553,529.1,509.95
2026-05-01,ATGL,1.035056,656.95,634.7
2026-05-28,ATGL,0.881949,713.1,808.55
2025-10-22,ATHERENERG,0.943005,722.2,765.85
2025-11-05,ATHERENERG,1.036723,691.65,667.15
2025-12-25,ATHERENERG,0.978663,706.35,721.75
2026-03-26,ATHERENERG,0.974699,757.0,776.65
2026-03-31,ATHERENERG,1.056167,796.35,754.0
2026-04-14,ATHERENERG,0.950653,863.05,907.85
2025-10-22,ATL,0.97577,34.23,35.08
2025-12-25,ATL,1.024687,28.64,27.95
2026-01-26,ATL,1.032716,23.99,23.23
2026-03-03,ATL,1.03607,24.99,24.12
2026-03-31,ATL,1.074411,20.07,18.68
2026-04-03,ATL,0.898065,20.88,23.25
2026-04-14,ATL,1.02676,24.94,24.29
2026-05-01,ATL,1.021799,25.78,25.23
2025-12-25,ATLANTAA,0.964124,42.46,44.04
2026-01-15,ATLANTAA,0.957298,46.63,48.71
2026-01-26,ATLANTAA,1.084656,45.1,41.58
2026-02-02,ATLANTAA,0.964523,43.5,45.1
2026-03-03,ATLANTAA,1.042427,40.54,38.89
2026-03-31,ATLANTAA,1.042751,33.66,32.28
2026-04-03,ATLANTAA,0.979338,36.97,37.75
2026-04-14,ATLANTAA,1.037553,41.72,40.21
2026-05-01,ATLANTAA,1.020308,41.7,40.87
2026-06-26,ATLANTAA,1.024843,40.84,39.85
2025-12-25,ATLANTAELE,0.978948,920.75,940.55
2026-01-26,ATLANTAELE,1.0219,744.25,728.3
2026-02-02,ATLANTAELE,0.947361,716.3,756.1
2026-03-03,ATLANTAELE,1.04172,936.35,898.85
2026-03-31,ATLANTAELE,1.03002,1238.65,1202.55
2026-05-01,ATLANTAELE,1.038027,1818.0,1751.4
2026-05-28,ATLANTAELE,0.952404,1788.9,1878.3
2025-10-22,ATLASCYCLE,0.970237,114.42,117.93
2026-01-26,ATLASCYCLE,1.03748,96.33,92.85
2026-03-03,ATLASCYCLE,1.037843,91.05,87.73
2026-03-26,ATLASCYCLE,0.969452,81.56,84.13
2026-03-31,ATLASCYCLE,1.099002,84.81,77.17
2026-04-03,ATLASCYCLE,0.970302,81.68,84.18
2026-04-14,ATLASCYCLE,0.862788,103.06,119.45
2026-01-26,ATMASTCO,0.933873,138.4,148.2
2026-03-03,ATMASTCO,1.046241,148.2,141.65
2026-03-31,ATMASTCO,1.085671,108.35,99.8
2026-04-03,ATMASTCO,0.859347,119.75,139.35
2026-05-01,ATMASTCO,1.055249,152.8,144.8
2026-06-26,ATMASTCO,1.025331,174.05,169.75
2026-02-02,ATUL,0.965151,5996.0,6212.5
2026-03-03,ATUL,1.021896,6674.0,6531.0
2026-03-31,ATUL,0.979823,6240.0,6368.5
2026-04-03,ATUL,1.022316,6436.5,6296.0
2026-04-14,ATUL,1.02243,6450.0,6308.5
2026-01-26,ATULAUTO,1.024165,398.4,389.0
2026-03-03,ATULAUTO,1.038325,495.8,477.5
2026-03-31,ATULAUTO,1.048535,400.75,382.2
2026-04-14,ATULAUTO,0.897949,435.55,485.05
2026-01-26,AUBANK,1.035659,1000.55,966.1
2026-03-26,AUBANK,0.963862,877.5,910.4
2026-03-31,AUBANK,1.047526,882.75,842.7
2026-06-26,AUBANK,1.032258,1067.2,1033.85
2025-11-05,AURIGROW,1.037736,0.55,0.53
2025-12-25,AURIGROW,1.043478,0.96,0.92
2026-01-15,AURIGROW,1.04918,0.64,0.61
2026-01-26,AURIGROW,1.039216,0.53,0.51
2026-02-02,AURIGROW,0.959184,0.47,0.49
2026-03-03,AURIGROW,1.04,0.26,0.25
2026-03-26,AURIGROW,1.037037,0.28,0.27
2026-03-31,AURIGROW,1.04,0.26,0.25
2026-04-03,AURIGROW,0.962963,0.26,0.27
2026-04-14,AURIGROW,1.033333,0.31,0.3
2026-05-01,AURIGROW,1.029412,0.35,0.34
2026-05-28,AURIGROW,0.96875,0.31,0.32
2026-06-26,AURIGROW,1.032258,0.32,0.31
2025-10-22,AURIONPRO,0.970468,1160.0,1195.3
2025-11-05,AURIONPRO,1.024403,1217.4,1188.4
2025-12-25,AURIONPRO,1.03586,1167.0,1126.6
2026-01-26,AURIONPRO,1.037814,949.6,915.0
2026-02-02,AURIONPRO,1.061918,958.7,902.8
2026-03-03,AURIONPRO,1.035479,888.7,858.25
2026-03-31,AURIONPRO,1.054643,764.3,724.7
2025-10-22,AUROIMPEX,1.041157,46.8,44.95
2025-11-05,AUROIMPEX,0.976017,46.8,47.95
2026-01-15,AUROIMPEX,1.039381,36.95,35.55
2026-01-26,AUROIMPEX,0.90268,32.0,35.45
2026-02-02,AUROIMPEX,0.872283,32.1,36.8
2026-03-03,AUROIMPEX,1.039427,29.0,27.9
2026-03-26,AUROIMPEX,0.956044,26.1,27.3
2026-03-31,AUROIMPEX,1.180139,25.55,21.65
2026-05-28,AUROIMPEX,1.033333,31.0,30.0
2026-06-26,AUROIMPEX,1.048544,27.0,25.75
2026-02-02,AUROPHARMA,0.970522,1172.1,1207.7
2026-03-26,AUROPHARMA,0.979966,1281.6,1307.8
2026-01-15,AURUM,0.936359,178.03,190.13
2026-01-26,AURUM,1.040719,189.39,181.98
2026-03-03,AURUM,1.058699,179.46,169.51
2026-03-31,AURUM,1.060954,164.31,154.87
2026-04-03,AURUM,0.960616,165.86,172.66
2026-06-26,AURUM,0.979963,210.79,215.1
2025-10-22,AUSL,0.953704,30.9,32.4
2025-11-05,AUSL,1.038168,34.0,32.75
2026-01-26,AUSL,0.953947,21.75,22.8
2026-03-03,AUSL,1.051502,24.5,23.3
2026-03-31,AUSL,1.042857,18.25,17.5
2026-04-03,AUSL,0.956284,17.5,18.3
2026-04-14,AUSL,0.953545,19.5,20.45
2026-05-01,AUSL,1.022917,24.55,24.0
2026-05-28,AUSL,0.953191,22.4,23.5
2026-01-15,AUSOMENT,1.110495,142.11,127.97
2026-01-26,AUSOMENT,1.05262,139.83,132.84
2026-02-02,AUSOMENT,0.950004,112.11,118.01
2026-03-26,AUSOMENT,0.978416,98.82,101.0
2026-03-31,AUSOMENT,1.023325,96.52,94.32
2026-04-03,AUSOMENT,1.021349,99.03,96.96
2026-05-01,AUSOMENT,0.967116,142.93,147.79
2026-03-26,AUTOAXLES,0.957283,1579.9,1650.4
2026-03-31,AUTOAXLES,1.024756,1585.4,1547.1
2026-04-03,AUTOAXLES,0.978603,1623.6,1659.1
2026-05-01,AUTOAXLES,1.028822,1899.0,1845.8
2026-03-03,AUTOBEES,1.024471,290.12,283.19
2026-03-26,AUTOBEES,0.977594,252.19,257.97
2026-03-31,AUTOBEES,1.025636,250.45,244.19
2026-03-03,AUTOIETF,1.023994,29.02,28.34
2026-03-26,AUTOIETF,0.979465,25.28,25.81
2026-03-31,AUTOIETF,1.023265,25.07,24.5
2026-06-26,AUTOIETF,0.977698,27.18,27.8
2026-01-26,AUTOIND,1.042847,74.72,71.65
2026-03-03,AUTOIND,1.035616,75.6,73.0
2026-03-31,AUTOIND,1.067496,52.35,49.04
2026-04-03,AUTOIND,0.979507,54.01,55.14
2026-06-26,AUTOIND,0.957312,84.32,88.08
2026-03-03,AVADHSUGAR,0.963676,372.75,386.8
2026-03-26,AVADHSUGAR,0.968709,439.6,453.8
2026-03-31,AVADHSUGAR,0.965275,453.1,469.4
2026-05-01,AVADHSUGAR,0.952473,467.95,491.3
2026-05-28,AVADHSUGAR,1.034711,460.55,445.1
2025-11-05,AVALON,1.034252,1189.7,1150.3
2026-01-26,AVALON,1.050476,843.9,803.35
2026-03-03,AVALON,1.029807,1019.2,989.7
2026-03-26,AVALON,0.978763,949.4,970.0
2026-03-31,AVALON,1.037823,963.1,928.0
2026-05-28,AVALON,0.976087,1461.3,1497.1
2026-01-26,AVANA,1.052011,75.85,72.1
2026-03-31,AVANA,0.96618,62.85,65.05
2026-04-03,AVANA,0.967603,67.2,69.45
2026-04-14,AVANA,0.944236,100.75,106.7
2025-10-22,AVANTEL,0.96018,174.58,181.82
2026-01-26,AVANTEL,1.041107,141.83,136.23
2026-02-02,AVANTEL,0.94428,146.76,155.42
2026-03-26,AVANTEL,0.930356,121.03,130.09
2026-05-28,AVANTEL,0.978313,176.83,180.75
2025-11-05,AVANTIFEED,1.021577,705.45,690.55
2025-12-25,AVANTIFEED,1.043346,856.9,821.3
2026-01-26,AVANTIFEED,1.03046,778.1,755.1
2026-02-02,AVANTIFEED,0.97861,780.05,797.1
2026-03-26,AVANTIFEED,0.93288,1178.6,1263.4
2026-03-31,AVANTIFEED,1.027721,1208.6,1176.0
2026-04-14,AVANTIFEED,1.029711,1459.1,1417.0
2026-05-28,AVANTIFEED,1.031139,1337.8,1297.4
2026-06-26,AVATAR,0.957234,157.8,164.85
2025-12-25,AVG,1.043261,181.35,173.83
2026-01-26,AVG,1.090576,151.83,139.22
2026-03-03,AVG,1.046963,147.36,140.75
2026-03-26,AVG,1.02608,162.49,158.36
2026-03-31,AVG,1.029341,148.75,144.51
2026-04-03,AVG,1.145333,145.4,126.95
2026-05-28,AVG,0.970855,154.23,158.86
2026-06-26,AVG,0.975266,179.41,183.96
2026-01-26,AVIANSH,1.034483,117.0,113.1
2026-06-26,AVIENCE,0.501265,208.0,414.95
2025-11-05,AVL,1.037714,595.7,574.05
2026-03-26,AVL,0.975435,468.55,480.35
2026-03-31,AVL,1.023217,489.2,478.1
2026-04-14,AVL,0.955128,481.05,503.65
2026-06-26,AVL,0.975625,644.4,660.5
2026-01-26,AVONMORE,1.02156,16.11,15.77
2026-03-03,AVONMORE,1.051873,14.6,13.88
2026-03-31,AVONMORE,1.084813,11.0,10.14
2026-04-03,AVONMORE,1.050645,11.41,10.86
2026-04-14,AVONMORE,1.034281,12.37,11.96
2026-06-26,AVONMORE,1.025592,10.82,10.55
2026-03-03,AVPINFRA,1.074155,98.5,91.7
2026-03-31,AVPINFRA,1.048531,82.1,78.3
2026-04-03,AVPINFRA,0.909187,86.1,94.7
2026-04-14,AVPINFRA,1.03208,102.95,99.75
2026-05-28,AVPINFRA,1.052265,75.5,71.75
2026-01-15,AVROIND,0.885083,134.09,151.5
2026-03-03,AVROIND,1.052632,138.8,131.86
2026-03-31,AVROIND,1.049083,113.28,107.98
2026-04-14,AVROIND,1.023831,122.44,119.59
2026-06-26,AVROIND,0.96034,10.17,10.59
2026-03-03,AVTNPL,1.03111,64.63,62.68
2026-03-26,AVTNPL,0.974209,56.66,58.16
2026-03-31,AVTNPL,1.028392,55.78,54.24
2026-04-03,AVTNPL,0.969671,56.91,58.69
2026-01-15,AWFIS,1.021508,460.7,451.0
2026-03-03,AWFIS,1.030848,292.4,283.65
2026-03-26,AWFIS,0.962163,242.85,252.4
2026-03-31,AWFIS,1.10232,254.25,230.65
2026-04-03,AWFIS,0.968993,250.32,258.33
2026-05-28,AWFIS,1.029782,356.15,345.85
2025-12-25,AWHCL,1.028831,537.05,522.0
2026-01-26,AWHCL,0.878844,501.6,570.75
2026-02-02,AWHCL,0.914716,515.9,564.0
2026-03-03,AWHCL,1.023686,492.7,481.3
2026-03-31,AWHCL,1.066134,400.6,375.75
2026-04-03,AWHCL,0.939366,404.35,430.45
2026-02-02,AWL,0.973641,208.33,213.97
2026-03-03,AWL,1.048866,189.1,180.29
2026-03-31,AWL,1.042921,185.4,177.77
2026-01-15,AXISBANK,0.971666,1262.0,1298.8
2026-01-26,AXISBANK,1.029253,1294.8,1258.0
2026-02-02,AXISBANK,0.978109,1340.4,1370.4
2026-03-26,AXISBANK,0.975943,1192.7,1222.1
2026-03-31,AXISBANK,1.037802,1205.2,1161.3
2026-05-01,AXISBANK,1.022156,1296.4,1268.3
2026-03-31,AXISBNKETF,1.037514,535.99,516.61
2026-01-15,AXISCADES,1.036505,1357.2,1309.4
2026-01-26,AXISCADES,0.955571,1101.2,1152.4
2026-02-02,AXISCADES,0.958735,1173.3,1223.8
2026-03-31,AXISCADES,0.96388,1459.7,1514.4
2026-04-03,AXISCADES,0.972311,1583.7,1628.8
2026-04-14,AXISCADES,1.021484,1687.9,1652.4
2026-05-01,AXISCADES,0.97874,1965.8,2008.5
2026-06-26,AXISCADES,1.039562,1757.9,1691.0
2026-03-31,AXISCETF,1.020642,108.78,106.58
2026-01-26,AXISGOLD,0.974257,125.27,128.58
2026-02-02,AXISGOLD,0.914492,119.14,130.28
2026-03-03,AXISGOLD,0.943884,132.88,140.78
2026-03-26,AXISGOLD,0.972204,116.82,120.16
2026-03-31,AXISGOLD,0.971309,118.15,121.64
2026-04-03,AXISGOLD,1.032373,124.69,120.78
2026-06-26,AXISGOLD,1.024883,118.21,115.34
2025-10-22,AXISILVER,1.021908,153.93,150.63
2025-12-25,AXISILVER,0.963155,209.39,217.4
2026-01-15,AXISILVER,0.942447,258.73,274.53
2026-01-26,AXISILVER,0.94721,288.7,304.79
2026-02-02,AXISILVER,0.887087,263.11,296.6
2026-03-03,AXISILVER,0.922322,263.12,285.28
2026-03-26,AXISILVER,0.963221,220.25,228.66
2026-04-03,AXISILVER,1.037726,233.26,224.78
2026-06-26,AXISILVER,1.028104,221.69,215.63
2026-03-31,AXISNIFTY,1.027497,251.48,244.75
2026-04-03,AXISTECETF,0.974668,324.73,333.17
2026-03-26,AXISVALUE,0.977019,30.61,31.33
2026-04-03,AXISVALUE,1.021263,31.7,31.04
2026-01-15,AXITA,0.969083,9.09,9.38
2026-01-26,AXITA,0.969442,9.2,9.49
2026-03-03,AXITA,0.968235,8.23,8.5
2026-03-31,AXSENSEX,1.022046,76.03,74.39
2026-03-26,AYE,0.922878,103.27,111.9
2026-03-31,AYE,1.04415,99.33,95.13
2026-04-03,AYE,1.059547,96.44,91.02
2026-05-01,AYE,1.053764,139.55,132.43
2025-10-22,AYMSYNTEX,0.953619,176.82,185.42
2025-11-05,AYMSYNTEX,1.028469,175.57,170.71
2025-12-25,AYMSYNTEX,0.956087,155.02,162.14
2026-02-02,AYMSYNTEX,0.967147,155.14,160.41
2026-03-31,AYMSYNTEX,0.969513,175.54,181.06
2026-04-03,AYMSYNTEX,1.021778,187.2,183.21
2026-05-01,AYMSYNTEX,1.028047,239.72,233.18
2026-03-03,AZAD,1.021586,1713.2,1677.0
2026-03-26,AZAD,0.965857,1422.9,1473.2
2026-04-14,AZAD,0.979037,1704.7,1741.2
2026-05-28,AZAD,1.029021,2116.8,2057.1
2026-03-26,BABAFP,0.922,23.05,25.0
2026-04-03,BABAFP,0.888889,20.8,23.4
2026-04-14,BABAFP,1.056842,25.1,23.75
2026-05-01,BABAFP,0.964912,27.5,28.5
2026-06-26,BABAFP,1.06,26.5,25.0
2025-11-05,BAFNAPH,0.952381,150.8,158.34
2025-12-25,BAFNAPH,0.95858,165.01,172.14
2026-01-26,BAFNAPH,0.952969,117.32,123.11
2026-02-02,BAFNAPH,1.047491,116.9,111.6
2026-03-26,BAFNAPH,0.965596,113.67,117.72
2026-03-31,BAFNAPH,1.043717,114.12,109.34
2026-04-14,BAFNAPH,1.044242,140.91,134.94
2026-06-26,BAFNAPH,0.952383,185.41,194.68
2025-10-22,BAGDIGITAL,0.953097,107.7,113.0
2025-11-05,BAGDIGITAL,1.028377,128.65,125.1
2026-01-15,BAGDIGITAL,1.023424,120.15,117.4
2026-01-26,BAGDIGITAL,1.025409,119.05,116.1
2026-02-02,BAGDIGITAL,0.974359,114.0,117.0
2026-03-03,BAGDIGITAL,1.036697,113.0,109.0
2026-03-26,BAGDIGITAL,1.043771,108.5,103.95
2026-03-31,BAGDIGITAL,1.023033,106.6,104.2
2026-04-03,BAGDIGITAL,0.964269,105.25,109.15
2025-10-22,BAGFILMS,0.978134,6.71,6.86
2026-03-26,BAGFILMS,1.03632,4.28,4.13
2026-03-31,BAGFILMS,1.107438,4.02,3.63
2026-04-03,BAGFILMS,1.02148,4.28,4.19
2026-04-14,BAGFILMS,1.033962,5.48,5.3
2026-06-26,BAGFILMS,1.036957,4.77,4.6
2026-03-03,BAHETI,1.043155,597.05,572.35
2026-04-03,BAHETI,0.970647,510.9,526.35
2026-04-14,BAHETI,1.02745,583.9,568.3
2026-05-01,BAHETI,0.974617,585.55,600.8
2025-11-05,BAIDFIN,1.020369,10.52,10.31
2026-01-26,BAIDFIN,0.885463,10.05,11.35
2026-03-31,BAIDFIN,1.091209,9.93,9.1
2026-04-14,BAIDFIN,1.028891,11.04,10.73
2026-03-03,BAJAJ-AUTO,1.0201,9972.5,9776.0
2026-05-01,BAJAJ-AUTO,0.954923,9543.5,9994.0
2026-01-26,BAJAJCON,0.970896,296.9,305.8
2026-02-02,BAJAJCON,0.924278,313.7,339.4
2026-03-03,BAJAJCON,1.042205,395.1,379.1
2026-04-14,BAJAJCON,1.027821,432.25,420.55
2026-05-01,BAJAJCON,1.024198,461.35,450.45
2026-06-26,BAJAJCON,1.020054,590.05,578.45
2026-02-02,BAJAJELEC,0.974913,404.15,414.55
2026-03-26,BAJAJELEC,0.979665,354.1,361.45
2026-03-31,BAJAJELEC,1.039822,351.2,337.75
2026-04-14,BAJAJELEC,0.965136,366.8,380.05
2026-01-26,BAJAJFINSV,1.022627,1993.1,1949.0
2026-02-02,BAJAJFINSV,0.977568,1908.8,1952.6
2026-03-03,BAJAJFINSV,1.02652,1993.4,1941.9
2026-03-26,BAJAJFINSV,0.976062,1704.4,1746.2
2026-03-31,BAJAJFINSV,1.038546,1694.7,1631.8
2025-11-05,BAJAJHCARE,1.021503,475.05,465.05
2025-12-25,BAJAJHCARE,0.975361,415.65,426.15
2026-01-15,BAJAJHCARE,0.977293,385.2,394.15
2026-01-26,BAJAJHCARE,1.030355,359.8,349.2
2026-03-26,BAJAJHCARE,0.978018,307.0,313.9
2026-03-31,BAJAJHCARE,1.036539,300.7,290.1
2026-06-26,BAJAJHCARE,1.0222,310.8,304.05
2026-01-26,BAJAJHFL,1.024901,90.55,88.35
2026-03-03,BAJAJHFL,1.020638,87.04,85.28
2026-03-31,BAJAJHFL,1.037762,75.85,73.09
2025-10-22,BAJAJHIND,0.965611,21.34,22.1
2025-11-05,BAJAJHIND,1.023245,22.45,21.94
2026-01-15,BAJAJHIND,0.964666,17.2,17.83
2026-01-26,BAJAJHIND,1.037652,16.26,15.67
2026-03-03,BAJAJHIND,1.035234,16.16,15.61
2026-03-26,BAJAJHIND,0.970279,15.67,16.15
2026-05-01,BAJAJHIND,0.96798,19.65,20.3
2026-06-26,BAJAJHIND,1.037466,18.83,18.15
2026-02-02,BAJAJHLDNG,0.974167,10521.0,10800.0
2026-03-26,BAJAJHLDNG,0.977287,9337.0,9554.0
2026-03-31,BAJAJHLDNG,1.046193,9150.0,8746.0
2025-11-05,BAJAJINDEF,1.02371,379.95,371.15
2025-12-25,BAJAJINDEF,0.952953,325.1,341.15
2026-03-03,BAJAJINDEF,1.04856,248.75,237.23
2026-04-03,BAJAJINDEF,0.97965,231.07,235.87
2026-04-14,BAJAJINDEF,0.96768,265.27,274.13
2026-05-28,BAJAJST,1.106663,407.75,368.45
2026-06-26,BAJAJST,1.037335,432.05,416.5
2026-03-03,BAJEL,1.04025,161.53,155.28
2026-03-26,BAJEL,1.022937,156.09,152.59
2026-03-31,BAJEL,1.052087,144.42,137.27
2026-06-26,BAJEL,1.028815,201.37,195.73
2026-02-02,BAJFINANCE,0.970425,902.35,929.85
2026-03-26,BAJFINANCE,0.961767,849.0,882.75
2026-03-31,BAJFINANCE,1.05271,843.8,801.55
2026-04-14,BAJFINANCE,1.028478,924.55,898.95
2025-12-25,BALAJEE,0.968057,40.61,41.95
2026-03-03,BALAJEE,1.025037,27.43,26.76
2026-03-26,BALAJEE,0.971717,24.05,24.75
2026-03-31,BALAJEE,1.070959,22.79,21.28
2026-04-03,BALAJEE,0.945581,23.11,24.44
2026-05-01,BALAJEE,1.037979,33.07,31.86
2025-11-05,BALAJIPHOS,1.049958,124.0,118.1
2025-12-25,BALAJIPHOS,0.978078,145.0,148.25
2026-01-26,BALAJIPHOS,0.959643,134.35,140.0
2026-03-03,BALAJIPHOS,1.034615,134.5,130.0
2026-03-26,BALAJIPHOS,1.056269,107.0,101.3
2026-03-31,BALAJIPHOS,0.955693,100.3,104.95
2026-05-01,BALAJIPHOS,1.037736,110.0,106.0
2026-05-28,BALAJIPHOS,0.975488,97.5,99.95
2025-11-05,BALAJITELE,0.951891,115.75,121.6
2025-12-25,BALAJITELE,0.948125,111.49,117.59
2026-01-15,BALAJITELE,1.022497,105.9,103.57
2026-01-26,BALAJITELE,1.057277,94.51,89.39
2026-02-02,BALAJITELE,0.932035,78.03,83.72
2026-03-03,BALAJITELE,1.079134,108.14,100.21
2026-03-31,BALAJITELE,1.068907,76.01,71.11
2026-04-03,BALAJITELE,0.947331,79.68,84.11
2026-04-14,BALAJITELE,0.937678,92.38,98.52
2026-01-15,BALAMINES,0.969395,1225.8,1264.5
2026-01-26,BALAMINES,1.07153,1210.4,1129.6
2026-03-31,BALAMINES,1.058023,1033.9,977.2
2026-04-03,BALAMINES,0.958374,1021.1,1065.45
2026-05-01,BALAMINES,0.973044,1297.7,1333.65
2026-05-28,BALAMINES,1.028775,1873.4,1821.0
2026-06-26,BALAMINES,1.044042,2076.6,1989.0
2025-10-22,BALAXI,0.978189,41.26,42.18
2025-12-25,BALAXI,1.02012,28.9,28.33
2026-01-26,BALAXI,1.039321,25.11,24.16
2026-03-03,BALAXI,1.045021,19.73,18.88
2026-03-31,BALAXI,1.051691,16.48,15.67
2026-04-03,BALAXI,0.890152,18.8,21.12
2025-11-05,BALCO,1.052632,28.0,26.6
2026-01-26,BALCO,1.051335,25.6,24.35
2026-03-03,BALCO,0.960784,17.15,17.85
2026-03-26,BALCO,0.959459,14.2,14.8
2026-03-31,BALCO,1.052239,14.1,13.4
2026-04-03,BALCO,0.955782,14.05,14.7
2026-05-28,BALCO,1.051414,20.45,19.45
2026-06-26,BALCO,1.05168,20.35,19.35
2026-03-03,BALKRISHNA,1.03444,16.82,16.26
2026-03-26,BALKRISHNA,1.044177,15.6,14.94
2026-05-01,BALKRISHNA,1.03387,18.62,18.01
2025-11-05,BALKRISIND,0.971493,2296.9,2364.3
2026-03-03,BALKRISIND,1.035308,2383.9,2302.6
2026-03-26,BALKRISIND,0.931968,2057.6,2207.8
2026-03-31,BALKRISIND,1.032405,2150.5,2083.0
2026-04-03,BALKRISIND,1.029218,2127.6,2067.2
2026-01-26,BALMLAWRIE,1.031495,172.27,167.01
2026-03-03,BALMLAWRIE,1.024458,181.37,177.04
2026-03-31,BALMLAWRIE,1.055876,157.41,149.08
2026-01-26,BALPHARMA,1.030873,68.45,66.4
2026-02-02,BALPHARMA,1.052576,70.27,66.76
2026-03-31,BALPHARMA,1.090367,65.88,60.42
2026-05-28,BALPHARMA,0.957378,92.32,96.43
2025-11-05,BALRAMCHIN,1.026339,461.75,449.9
2026-01-26,BALRAMCHIN,0.977603,403.75,413.0
2026-03-03,BALRAMCHIN,1.02695,470.6,458.25
2026-03-26,BALRAMCHIN,0.937955,476.95,508.5
2026-05-01,BALRAMCHIN,0.979177,510.2,521.05
2026-01-26,BALUFORGE,1.051015,398.65,379.3
2026-03-03,BALUFORGE,1.028266,485.65,472.3
2026-03-31,BALUFORGE,1.058131,408.65,386.2
2026-04-14,BALUFORGE,1.026834,466.85,454.65
2026-05-01,BALUFORGE,0.948282,513.4,541.4
2026-06-26,BALUFORGE,1.041414,472.75,453.95
2025-11-05,BANARBEADS,1.021644,138.3,135.37
2026-01-26,BANARBEADS,0.972486,103.56,106.49
2026-03-03,BANARBEADS,1.031298,121.59,117.9
2026-03-31,BANARBEADS,0.971641,99.36,102.26
2026-05-01,BANARISUG,0.976996,3639.7,3725.4
2026-06-26,BANARISUG,1.026437,3467.2,3377.9
2025-10-22,BANCOINDIA,0.978227,725.6,741.75
2025-11-05,BANCOINDIA,0.893989,733.25,820.2
2026-01-26,BANCOINDIA,1.049895,576.55,549.15
2026-03-03,BANCOINDIA,1.049444,622.95,593.6
2026-03-31,BANCOINDIA,1.054129,531.65,504.35
2026-04-03,BANCOINDIA,1.035995,539.65,520.9
2025-12-25,BANDHANBNK,1.02057,149.34,146.33
2026-01-26,BANDHANBNK,0.953995,142.46,149.33
2026-02-02,BANDHANBNK,0.960621,148.56,154.65
2026-03-03,BANDHANBNK,1.024316,181.98,177.66
2026-03-26,BANDHANBNK,0.977643,149.99,153.42
2026-03-31,BANDHANBNK,1.053484,148.91,141.35
2026-05-28,BANDHANBNK,0.973619,200.4,205.83
2026-06-26,BANDHANBNK,1.049564,211.76,201.76
2025-11-05,BANG,1.038675,56.13,54.04
2026-02-02,BANG,0.972411,43.0,44.22
2026-03-03,BANG,1.023416,41.52,40.57
2026-03-31,BANG,1.123719,30.7,27.32
2026-04-03,BANG,0.972594,29.81,30.65
2026-05-28,BANG,0.976732,38.2,39.11
2026-06-26,BANG,1.055451,33.69,31.92
2026-03-31,BANK10ADD,1.033597,15.69,15.18
2026-04-03,BANK10ADD,1.050374,15.43,14.69
2025-10-22,BANKA,0.969419,89.71,92.54
2025-12-25,BANKA,1.022808,66.37,64.89
2026-01-15,BANKA,0.95663,61.32,64.1
2026-03-03,BANKA,1.028918,57.64,56.02
2026-03-31,BANKA,1.035502,43.46,41.97
2026-04-03,BANKA,0.929828,45.98,49.45
2026-04-14,BANKA,0.952453,69.11,72.56
2026-05-01,BANKA,0.952427,78.28,82.19
2026-03-31,BANKADD,1.037578,53.29,51.36
2026-01-26,BANKBARODA,1.030897,305.3,296.15
2026-02-02,BANKBARODA,0.934202,279.7,299.4
2026-03-03,BANKBARODA,1.021415,321.95,315.2
2026-03-31,BANKBARODA,1.051292,260.3,247.6
2026-02-02,BANKBEES,0.979845,603.32,615.73
2026-03-31,BANKBEES,1.037186,540.27,520.9
2026-03-26,BANKBETA,0.979946,54.24,55.35
2026-03-31,BANKBETA,1.033436,53.78,52.04
2026-04-03,BANKBETA,1.034424,54.99,53.16
2026-03-26,BANKBETF,0.98,53.41,54.5
2026-03-31,BANKBETF,1.036559,53.02,51.15
2026-02-02,BANKETF,0.979333,593.28,605.8
2026-03-31,BANKETF,1.03832,530.81,511.22
2026-03-31,BANKIETF,1.033578,53.56,51.82
2026-01-15,BANKINDIA,0.965265,147.56,152.87
2026-01-26,BANKINDIA,1.042405,166.42,159.65
2026-02-02,BANKINDIA,0.916758,150.44,164.1
2026-03-03,BANKINDIA,1.021764,176.05,172.3
2026-03-26,BANKINDIA,0.978796,146.33,149.5
2026-03-31,BANKINDIA,1.058398,144.99,136.99
2026-04-14,BANKINDIA,1.020418,147.93,144.97
2026-05-01,BANKINDIA,1.023879,143.21,139.87
2026-03-31,BANKNIFTY1,1.039908,54.2,52.12
2026-04-14,BANKNIFTY1,1.029755,59.18,57.47
2026-01-15,BANKPSU,0.978285,87.4,89.34
2026-01-26,BANKPSU,1.024152,90.32,88.19
2026-02-02,BANKPSU,0.945481,85.67,90.61
2026-03-26,BANKPSU,0.974832,84.05,86.22
2026-03-31,BANKPSU,1.048614,82.83,78.99
2025-11-05,BANSALWIRE,1.048864,323.05,308.0
2026-01-26,BANSALWIRE,1.039546,274.7,264.25
2026-02-02,BANSALWIRE,0.969813,266.65,274.95
2026-03-03,BANSALWIRE,1.027995,262.55,255.4
2026-03-31,BANSALWIRE,1.053567,237.0,224.95
2026-04-03,BANSALWIRE,0.931078,234.79,252.17
2026-04-14,BANSALWIRE,0.950143,272.52,286.82
2026-05-01,BANSALWIRE,1.031033,305.66,296.46
2026-01-15,BANSWRAS,0.97412,101.25,103.94
2026-01-26,BANSWRAS,1.042343,105.36,101.08
2026-02-02,BANSWRAS,0.971377,102.15,105.16
2026-03-26,BANSWRAS,0.973831,103.08,105.85
2026-03-31,BANSWRAS,1.069102,102.73,96.09
2026-04-03,BANSWRAS,0.958804,101.01,105.35
2026-04-14,BANSWRAS,1.028791,112.56,109.41
2026-06-26,BANSWRAS,1.034247,137.71,133.15
2025-12-25,BARFLEX,1.021132,74.9,73.35
2026-01-26,BARFLEX,0.970113,60.05,61.9
2026-03-26,BARFLEX,0.958148,53.8,56.15
2026-04-03,BARFLEX,1.032149,61.0,59.1
2026-04-14,BARFLEX,0.966379,56.05,58.0
2026-03-03,BASF,0.961748,3452.1,3589.4
2026-03-31,BASF,1.024273,3291.4,3213.4
2026-06-26,BASF,1.029159,3758.9,3652.4
2025-10-22,BASILIC,0.970634,371.85,383.1
2026-01-15,BASILIC,1.020096,286.8,281.15
2026-01-26,BASILIC,0.979534,260.85,266.3
2026-02-02,BASILIC,1.031287,263.7,255.7
2026-03-03,BASILIC,1.047584,215.75,205.95
2026-03-31,BASILIC,1.034749,174.2,168.35
2026-04-14,BASILIC,1.044966,233.55,223.5
2026-01-26,BASML,1.05103,22.45,21.36
2026-02-02,BASML,0.977021,23.81,24.37
2026-03-03,BASML,1.05942,23.0,21.71
2026-03-31,BASML,1.053851,18.2,17.27
2026-04-03,BASML,0.939173,19.3,20.55
2026-04-14,BASML,1.023895,22.71,22.18
2026-05-28,BASML,0.944444,25.33,26.82
2026-01-26,BATAINDIA,1.027944,875.5,851.7
2026-03-03,BATAINDIA,1.025341,789.0,769.5
2026-03-26,BATAINDIA,0.969699,640.05,660.05
2026-03-31,BATAINDIA,1.040576,632.15,607.5
2026-04-03,BATAINDIA,0.955718,628.05,657.15
2026-04-14,BATAINDIA,0.975458,715.45,733.45
2026-05-28,BATLIBOI,0.976908,77.84,79.68
2026-06-26,BATLIBOI,1.053519,89.37,84.83
2025-11-05,BAWEJA,1.023945,44.9,43.85
2026-01-15,BAWEJA,1.023086,42.1,41.15
2026-01-26,BAWEJA,1.056738,29.8,28.2
2026-03-26,BAWEJA,1.02682,26.8,26.1
2026-03-31,BAWEJA,1.126464,24.05,21.35
2026-04-14,BAWEJA,0.859504,31.2,36.3
2026-06-26,BAWEJA,0.953177,28.5,29.9
2026-03-03,BAYERCROP,1.025977,4672.4,4554.1
2026-03-31,BAYERCROP,0.970015,4506.3,4645.6
2026-05-28,BAYERCROP,0.975086,4500.8,4615.8
2026-01-26,BBL,1.024417,2504.7,2445.0
2026-03-03,BBL,1.020306,2447.0,2398.3
2026-03-31,BBL,1.031901,2134.9,2068.9
2026-04-03,BBL,0.979455,2212.1,2258.5
2026-04-14,BBL,0.966584,2464.5,2549.7
2026-03-26,BBNPNBETF,1.105078,59.84,54.15
2026-03-31,BBNPNBETF,1.046212,52.75,50.42
2026-01-26,BBNPPGOLD,0.96996,145.3,149.8
2026-02-02,BBNPPGOLD,0.896241,144.25,160.95
2026-03-03,BBNPPGOLD,0.945746,153.4,162.2
2026-03-26,BBNPPGOLD,0.975117,135.2,138.65
2026-03-31,BBNPPGOLD,0.972782,137.6,141.45
2026-04-03,BBNPPGOLD,1.021908,144.6,141.5
2025-12-25,BBOX,0.965935,514.65,532.8
2026-01-26,BBOX,1.050777,503.9,479.55
2026-02-02,BBOX,0.97962,504.7,515.2
2026-03-03,BBOX,1.035922,533.5,515.0
2026-03-31,BBOX,1.032316,461.6,447.15
2026-05-01,BBOX,0.96662,618.25,639.6
2026-06-26,BBOX,1.029857,986.5,957.9
2026-01-26,BBTC,1.027348,1780.6,1733.2
2026-02-02,BBTC,0.975455,1677.1,1719.3
2026-03-03,BBTC,1.03041,1694.2,1644.2
2026-03-31,BBTC,1.040091,1375.0,1322.0
2026-04-14,BBTC,1.025369,1487.4,1450.6
2025-11-05,BBTCL,1.022693,203.25,198.74
2026-01-15,BBTCL,1.020842,193.96,190.0
2026-03-03,BBTCL,1.045562,177.39,169.66
2026-03-26,BBTCL,0.959572,166.86,173.89
2026-03-31,BBTCL,1.057903,169.0,159.75
2026-04-14,BBTCL,0.928706,178.07,191.74
2026-05-01,BBTCL,1.04454,199.81,191.29
2026-05-28,BBTCL,0.925383,192.6,208.13
2025-11-05,BCG,1.020439,13.48,13.21
2025-12-25,BCG,1.026718,10.76,10.48
2026-01-26,BCG,1.022371,9.14,8.94
2026-02-02,BCG,1.141304,10.5,9.2
2026-03-03,BCG,1.052063,10.71,10.18
2026-03-26,BCG,0.953326,8.17,8.57
2026-03-31,BCG,1.051408,8.59,8.17
2026-04-03,BCG,0.957542,8.57,8.95
2026-04-14,BCG,1.027979,9.92,9.65
2026-06-26,BCG,1.026477,10.08,9.82
2026-01-26,BCLIND,1.020187,28.3,27.74
2026-03-03,BCLIND,1.030587,28.64,27.79
2026-03-26,BCLIND,0.956178,26.62,27.84
2026-03-31,BCLIND,1.028012,26.79,26.06
2026-05-01,BCLIND,0.971701,34.68,35.69
2025-11-05,BCONCEPTS,0.952496,354.9,372.6
2026-01-15,BCONCEPTS,0.970901,315.3,324.75
2026-01-26,BCONCEPTS,0.975818,274.4,281.2
2026-03-03,BCONCEPTS,1.048877,252.15,240.4
2026-03-26,BCONCEPTS,0.927334,219.5,236.7
2026-03-31,BCONCEPTS,1.082103,216.15,199.75
2026-05-01,BCONCEPTS,1.04326,245.26,235.09
2026-03-31,BCPL,1.04784,72.28,68.98
2026-04-03,BCPL,1.040314,67.61,64.99
2026-04-14,BCPL,1.021772,66.64,65.22
2026-05-01,BCPL,0.879583,75.09,85.37
2026-05-28,BCPL,0.962041,79.58,82.72
2026-06-26,BCPL,1.037406,74.88,72.18
2025-11-05,BDL,1.037472,1536.6,1481.1
2025-12-25,BDL,0.966379,1431.4,1481.2
2026-01-26,BDL,1.030682,1451.2,1408.0
2026-02-02,BDL,0.899818,1384.1,1538.2
2026-03-31,BDL,1.03675,1136.9,1096.6
2026-05-01,BDL,1.021993,1394.1,1364.1
2026-05-28,BDL,1.037202,1329.9,1282.2
2025-10-22,BEACON,1.071247,84.2,78.6
2025-12-25,BEACON,0.970774,84.7,87.25
2026-01-15,BEACON,0.952907,81.95,86.0
2026-01-26,BEACON,1.046097,85.1,81.35
2026-03-03,BEACON,1.021019,80.15,78.5
2026-03-26,BEACON,0.977004,74.35,76.1
2026-03-31,BEACON,1.145617,77.1,67.3
2026-05-01,BEACON,0.961722,100.5,104.5
2026-05-28,BEACON,1.051429,92.0,87.5
2026-06-26,BEACON,1.041534,97.8,93.9
2025-11-05,BEARDSELL,1.025905,34.85,33.97
2026-02-02,BEARDSELL,1.020794,27.0,26.45
2026-03-03,BEARDSELL,1.024607,25.4,24.79
2026-03-31,BEARDSELL,1.0867,22.06,20.3
2026-04-03,BEARDSELL,0.960894,22.36,23.27
2026-06-26,BEARDSELL,1.020579,31.74,31.1
2025-10-22,BECTORFOOD,0.972772,1311.2,1347.9
2025-12-25,BECTORFOOD,1.027285,237.2,230.9
2026-03-03,BECTORFOOD,1.040758,208.62,200.45
2026-06-26,BECTORFOOD,1.037554,189.53,182.67
2025-12-25,BEDMUTHA,0.973728,110.08,113.05
2026-01-15,BEDMUTHA,1.032985,114.62,110.96
2026-02-02,BEDMUTHA,0.966487,123.43,127.71
2026-03-31,BEDMUTHA,1.044153,103.58,99.2
2026-04-14,BEDMUTHA,1.029973,114.43,111.1
2026-05-01,BEDMUTHA,1.036582,114.76,110.71
2026-05-28,BEEKAY,0.9275,386.35,416.55
2026-02-02,BEL,0.947327,425.35,449.0
2026-03-03,BEL,0.979623,444.7,453.95
2025-11-05,BELLACASA,0.978891,440.55,450.05
2026-02-02,BELLACASA,0.962184,304.05,316.0
2026-03-31,BELLACASA,1.095355,246.4,224.95
2026-04-03,BELLACASA,1.051328,262.38,249.57
2026-05-28,BELLACASA,1.022312,254.3,248.75
2026-06-26,BELLACASA,1.048334,256.8,244.96
2025-12-25,BELRISE,0.973384,168.23,172.83
2026-01-26,BELRISE,1.032149,165.02,159.88
2026-02-02,BELRISE,0.966111,165.06,170.85
2026-03-31,BELRISE,1.020754,189.85,185.99
2026-01-15,BEML,0.976606,1770.0,1812.4
2026-01-26,BEML,1.022608,1682.6,1645.4
2026-02-02,BEML,0.94022,1687.6,1794.9
2026-03-26,BEML,0.967112,1446.8,1496.0
2026-03-31,BEML,1.049292,1436.9,1369.4
2026-05-01,BENGALASM,1.03316,6455.65,6248.45
2026-05-28,BENGALASM,0.954051,6447.0,6757.5
2026-06-26,BEPL,1.028886,101.87,99.01
2026-03-26,BERGEPAINT,0.972617,413.8,425.45
2026-05-28,BERGEPAINT,0.978366,515.55,526.95
2026-01-15,BESTAGRO,1.040189,451.65,434.2
2026-01-26,BESTAGRO,0.952703,21.15,22.2
2026-02-02,BESTAGRO,1.039578,19.7,18.95
2026-03-03,BESTAGRO,1.044631,16.15,15.46
2026-03-31,BESTAGRO,1.052033,12.94,12.3
2026-04-03,BESTAGRO,0.952768,12.91,13.55
2026-04-14,BESTAGRO,0.97241,17.27,17.76
2026-05-28,BESTAGRO,1.044085,18.71,17.92
2025-11-05,BETA,1.042136,1816.6,1743.15
2026-01-26,BETA,1.033868,1553.8,1502.9
2026-02-02,BETA,0.957213,1402.7,1465.4
2026-03-26,BETA,0.892512,1072.8,1202.0
2026-03-31,BETA,0.979316,1164.7,1189.3
2026-04-03,BETA,0.915585,1270.1,1387.2
2026-05-28,BETA,0.971012,1400.2,1442.0
2026-06-26,BETA,1.032338,2164.4,2096.6
2025-11-05,BEWLTD,1.038476,134.95,129.95
2025-12-25,BEWLTD,1.045455,121.9,116.6
2026-01-15,BEWLTD,0.968565,106.3,109.75
2026-03-03,BEWLTD,1.072358,103.0,96.05
2026-03-26,BEWLTD,1.08227,76.3,70.5
2026-03-31,BEWLTD,1.075804,70.25,65.3
2026-04-03,BEWLTD,0.956811,72.0,75.25
2026-04-14,BEWLTD,1.04991,87.3,83.15
2026-05-28,BEWLTD,0.978229,67.4,68.9
2026-01-26,BFINVEST,1.024681,381.95,372.75
2026-03-03,BFINVEST,1.049836,401.3,382.25
2026-03-31,BFINVEST,1.076645,342.05,317.7
2026-02-02,BFSI,0.976621,27.57,28.23
2026-03-26,BFSI,0.976843,25.31,25.91
2026-03-31,BFSI,1.032895,25.12,24.32
2025-11-05,BFUTILITIE,1.028969,731.7,711.1
2026-01-15,BFUTILITIE,1.025213,607.9,592.95
2026-03-03,BFUTILITIE,1.032472,505.55,489.65
2026-03-31,BFUTILITIE,1.044122,388.1,371.7
2026-04-03,BFUTILITIE,0.972464,390.25,401.3
2026-04-14,BFUTILITIE,0.954531,454.5,476.15
2026-05-01,BFUTILITIE,1.026838,573.9,558.9
2026-03-03,BGLOBAL,1.042254,2.96,2.84
2026-03-31,BGLOBAL,1.05036,2.92,2.78
2026-04-14,BGLOBAL,0.953901,2.69,2.82
2025-10-22,BGRENERGY,0.952401,423.99,445.18
2025-11-05,BGRENERGY,1.042035,430.1,412.75
2026-02-02,BGRENERGY,0.952128,332.15,348.85
2026-03-03,BGRENERGY,1.048442,324.65,309.65
2026-03-26,BGRENERGY,0.970415,264.05,272.1
2026-03-31,BGRENERGY,1.052524,258.5,245.6
2026-04-03,BGRENERGY,0.963784,257.87,267.56
2026-04-14,BGRENERGY,0.95239,314.26,329.97
2026-05-01,BGRENERGY,1.048256,295.65,282.04
2026-05-28,BGRENERGY,0.952453,314.5,330.2
2026-06-26,BGRENERGY,1.02619,323.25,315.0
2026-01-26,BHADORA,0.960961,64.0,66.6
2026-02-02,BHADORA,0.928074,60.0,64.65
2026-03-03,BHADORA,1.054828,64.45,61.1
2026-03-31,BHADORA,1.136454,57.05,50.2
2026-04-03,BHADORA,0.924895,54.8,59.25
2026-05-01,BHADORA,1.056911,71.5,67.65
2026-06-26,BHADORA,0.956989,89.0,93.0
2026-01-15,BHAGCHEM,0.955827,217.25,227.29
2026-02-02,BHAGCHEM,1.024471,216.86,211.68
2026-03-31,BHAGCHEM,1.091678,187.19,171.47
2026-04-14,BHAGCHEM,1.035919,222.36,214.65
2025-10-22,BHAGERIA,0.968766,188.58,194.66
2026-03-26,BHAGERIA,0.973552,139.14,142.92
2026-03-31,BHAGERIA,1.042866,134.05,128.54
2026-04-03,BHAGERIA,0.944456,139.6,147.81
2026-06-26,BHAGERIA,1.021494,223.84,219.13
2025-12-25,BHAGYANGR,0.952443,138.99,145.93
2026-01-26,BHAGYANGR,1.030503,164.19,159.33
2026-02-02,BHAGYANGR,0.950003,167.21,176.01
2026-03-03,BHAGYANGR,0.909256,149.9,164.86
2026-03-31,BHAGYANGR,1.040302,143.26,137.71
2026-06-26,BHAGYANGR,0.952442,373.5,392.15
2025-11-05,BHANDARI,1.028761,4.65,4.52
2026-01-15,BHANDARI,0.965347,3.9,4.04
2026-01-26,BHANDARI,0.977612,3.93,4.02
2026-03-03,BHANDARI,1.040741,2.81,2.7
2026-03-31,BHANDARI,1.108374,2.25,2.03
2026-04-03,BHANDARI,0.837931,2.43,2.9
2026-01-26,BHARATCOAL,1.06539,38.94,36.55
2026-03-31,BHARATCOAL,1.057095,31.66,29.95
2026-06-26,BHARATCOAL,1.03237,41.78,40.47
2026-02-02,BHARATFORG,0.955737,1377.6,1441.4
2026-03-31,BHARATFORG,1.030156,1725.1,1674.6
2025-10-22,BHARATGEAR,0.979259,110.48,112.82
2026-01-26,BHARATGEAR,1.026402,112.35,109.46
2026-02-02,BHARATGEAR,0.977238,109.91,112.47
2026-03-03,BHARATGEAR,1.029208,106.77,103.74
2026-03-31,BHARATGEAR,1.036998,89.41,86.22
2026-04-14,BHARATGEAR,0.968554,101.95,105.26
2025-10-22,BHARATRAS,0.944802,10124.5,10716.0
2025-11-05,BHARATRAS,0.964379,10721.0,11117.0
2026-01-26,BHARATRAS,1.043837,1633.5,1564.9
2026-03-03,BHARATRAS,1.031203,1510.3,1464.6
2026-03-26,BHARATRAS,0.977546,1301.7,1331.6
2026-03-31,BHARATRAS,1.040245,1258.8,1210.1
2026-04-03,BHARATRAS,0.926039,1305.9,1410.2
2026-05-28,BHARATRAS,0.974071,1450.1,1488.7
2025-10-22,BHARATSE,0.979852,223.71,228.31
2026-01-26,BHARATSE,1.04189,145.75,139.89
2026-03-03,BHARATSE,1.050865,190.07,180.87
2026-03-26,BHARATSE,0.979904,155.55,158.74
2026-03-31,BHARATSE,1.0642,149.85,140.81
2026-05-01,BHARATSE,0.961015,179.95,187.25
2026-05-28,BHARATSE,0.979224,187.12,191.09
2025-10-22,BHARATWIRE,0.978339,173.89,177.74
2025-12-25,BHARATWIRE,0.978465,178.11,182.03
2026-01-15,BHARATWIRE,1.023944,177.9,173.74
2026-01-26,BHARATWIRE,1.036093,169.94,164.02
2026-02-02,BHARATWIRE,0.96261,165.8,172.24
2026-03-03,BHARATWIRE,1.020432,178.3,174.73
2026-03-26,BHARATWIRE,0.976447,156.71,160.49
2026-03-31,BHARATWIRE,0.977214,153.96,157.55
2026-04-14,BHARATWIRE,1.020578,171.6,168.14
2026-05-28,BHARATWIRE,0.965181,223.42,231.48
2026-06-26,BHARATWIRE,1.021937,206.84,202.4
2026-03-31,BHARTIARTL,1.034504,1843.9,1782.4
2026-01-15,BHARTIHEXA,1.024576,1680.1,1639.8
2026-02-02,BHARTIHEXA,1.034309,1597.8,1544.8
2026-04-03,BHARTIHEXA,0.972657,1465.6,1506.8
2026-01-26,BHEL,1.03732,251.55,242.5
2026-02-02,BHEL,0.95965,252.1,262.7
2026-03-31,BHEL,1.038086,254.85,245.5
2026-05-01,BHEL,0.977555,344.5,352.41
2025-12-25,BIGBLOC,1.020861,69.0,67.59
2026-01-15,BIGBLOC,1.02025,68.52,67.16
2026-01-26,BIGBLOC,1.076096,62.08,57.69
2026-03-03,BIGBLOC,1.050127,53.63,51.07
2026-03-31,BIGBLOC,1.102089,42.21,38.3
2026-04-03,BIGBLOC,0.979287,45.86,46.83
2026-05-28,BIGBLOC,1.061527,55.21,52.01
2026-06-26,BIGBLOC,1.04805,52.13,49.74
2026-01-26,BIKAJI,1.033492,672.7,650.9
2026-05-01,BIKAJI,1.020986,690.85,676.65
2025-12-25,BIKEWO,0.975,19.5,20.0
2026-01-26,BIKEWO,1.043902,21.4,20.5
2026-03-26,BIKEWO,0.96338,17.1,17.75
2026-03-31,BIKEWO,1.020588,17.35,17.0
2026-04-14,BIKEWO,0.927885,19.3,20.8
2026-05-01,BIKEWO,0.965517,23.8,24.65
2026-05-28,BIKEWO,1.035382,27.8,26.85
2026-06-26,BIKEWO,0.966472,33.15,34.3
2025-10-22,BIL,0.954122,742.45,778.15
2025-11-05,BIL,0.978427,832.25,850.6
2026-02-02,BIL,1.027311,801.2,779.9
2026-03-03,BIL,1.047343,757.7,723.45
2026-03-26,BIL,0.955429,688.1,720.2
2026-03-31,BIL,1.062856,700.05,658.65
2026-04-14,BIL,1.023216,747.05,730.1
2026-05-28,BIL,0.970159,734.75,757.35
2025-12-25,BILVYAPAR,0.968627,7.41,7.65
2026-03-03,BILVYAPAR,1.043011,6.79,6.51
2026-03-26,BILVYAPAR,1.043893,5.47,5.24
2026-03-31,BILVYAPAR,1.04375,5.01,4.8
2026-04-14,BILVYAPAR,1.0368,6.48,6.25
2026-05-28,BIMETAL,1.039762,594.9,572.15
2026-03-26,BIOCON,0.97208,369.05,379.65
2026-03-31,BIOCON,1.025492,370.1,360.9
2026-04-03,BIOCON,1.035881,365.2,352.55
2026-01-15,BIOFILCHEM,0.955005,31.2,32.67
2026-02-02,BIOFILCHEM,1.199932,35.11,29.26
2026-03-03,BIOFILCHEM,1.050492,32.04,30.5
2026-03-31,BIOFILCHEM,1.075223,27.73,25.79
2026-04-14,BIOFILCHEM,0.953749,33.2,34.81
2026-05-28,BIOFILCHEM,1.036496,36.92,35.62
2026-03-03,BIOPOL,1.036856,95.65,92.25
2026-03-26,BIOPOL,0.964103,94.0,97.5
2026-03-31,BIOPOL,0.949537,92.2,97.1
2026-04-03,BIOPOL,1.053427,97.6,92.65
2025-10-22,BIRDYS,0.952381,129.0,135.45
2026-03-03,BIRLACABLE,1.035357,147.0,141.98
2026-03-31,BIRLACABLE,1.072675,111.88,104.3
2026-04-14,BIRLACABLE,0.892791,130.66,146.35
2026-05-28,BIRLACABLE,0.952404,175.89,184.68
2026-06-26,BIRLACABLE,1.02686,213.32,207.74
2026-01-15,BIRLACORPN,0.975296,1054.1,1080.8
2026-01-26,BIRLACORPN,1.020797,1050.4,1029.0
2026-02-02,BIRLACORPN,0.971017,1025.2,1055.8
2026-03-03,BIRLACORPN,1.068675,1000.6,936.3
2026-03-26,BIRLACORPN,0.916112,825.6,901.2
2026-03-31,BIRLACORPN,1.044578,871.7,834.5
2026-01-26,BIRLAMONEY,1.044715,122.66,117.41
2026-02-02,BIRLAMONEY,0.968665,120.56,124.46
2026-03-03,BIRLAMONEY,0.972537,130.32,134.0
2026-03-31,BIRLAMONEY,1.059134,102.45,96.73
2025-12-25,BIRLANU,1.024544,1544.5,1507.5
2026-03-26,BIRLANU,0.972563,1269.0,1304.8
2026-03-31,BIRLANU,1.02139,1227.2,1201.5
2026-04-03,BIRLANU,0.978378,1362.0,1392.1
2026-05-01,BIRLANU,1.023191,1394.2,1362.6
2026-05-01,BIRLAPREC,1.020679,34.55,33.85
2026-06-26,BIRLAPREC,0.969995,37.5,38.66
2025-10-22,BLACKBUCK,0.942468,691.3,733.5
2025-11-05,BLACKBUCK,1.046494,684.25,653.85
2025-12-25,BLACKBUCK,0.958103,642.6,670.7
2026-01-15,BLACKBUCK,1.025012,657.75,641.7
2026-01-26,BLACKBUCK,1.037313,556.0,536.0
2026-05-28,BLACKBUCK,1.025562,533.6,520.3
2026-06-26,BLACKROSE,0.891527,112.27,125.93
2026-01-26,BLAL,1.02131,201.77,197.56
2026-02-02,BLAL,0.977992,185.75,189.93
2026-03-31,BLAL,1.030628,160.51,155.74
2026-04-14,BLAL,0.963452,172.93,179.49
2025-11-05,BLBLIMITED,0.955386,17.56,18.38
2026-01-26,BLBLIMITED,1.026139,13.74,13.39
2026-02-02,BLBLIMITED,1.041328,14.11,13.55
2026-03-03,BLBLIMITED,1.0296,17.74,17.23
2026-03-31,BLBLIMITED,1.027415,15.74,15.32
2026-05-01,BLBLIMITED,1.022222,17.48,17.1
2026-01-26,BLISSGVS,0.954641,154.69,162.04
2026-02-02,BLISSGVS,0.964748,170.5,176.73
2026-03-26,BLISSGVS,0.921769,206.55,224.08
2026-04-03,BLISSGVS,0.979588,229.4,234.18
2026-05-01,BLISSGVS,0.965999,267.35,276.76
2026-05-28,BLISSGVS,0.960186,381.05,396.85
2026-06-26,BLISSGVS,0.935258,460.1,491.95
2026-01-15,BLKASHYAP,0.964492,46.72,48.44
2026-01-26,BLKASHYAP,1.029677,47.88,46.5
2026-03-03,BLKASHYAP,1.023908,51.82,50.61
2026-03-26,BLKASHYAP,0.978279,48.19,49.26
2026-03-31,BLKASHYAP,1.086662,46.52,42.81
2026-05-01,BLKASHYAP,0.932239,53.38,57.26
2026-05-28,BLKASHYAP,1.069511,58.16,54.38
2026-06-26,BLKASHYAP,1.042682,56.92,54.59
2026-01-15,BLS,0.969989,297.35,306.55
2026-01-26,BLS,1.033085,284.15,275.05
2026-03-03,BLS,1.04519,278.7,266.65
2026-03-31,BLS,1.060895,250.0,235.65
2026-04-03,BLS,0.951602,255.41,268.4
2026-04-14,BLS,1.020337,288.48,282.73
2025-12-25,BLSE,0.95951,205.93,214.62
2026-01-15,BLSE,0.960627,175.18,182.36
2026-01-26,BLSE,1.047608,172.96,165.1
2026-03-03,BLSE,1.046134,146.94,140.46
2026-05-01,BLSE,0.932378,184.21,197.57
2026-03-31,BLUECHIP,1.020325,2.51,2.46
2025-12-25,BLUECOAST,0.976712,35.65,36.5
2026-01-15,BLUECOAST,0.969927,29.35,30.26
2026-02-02,BLUECOAST,0.977076,26.0,26.61
2026-03-03,BLUECOAST,1.027952,21.33,20.75
2026-03-26,BLUECOAST,1.029249,20.41,19.83
2026-03-31,BLUECOAST,0.974798,19.34,19.84
2026-04-03,BLUECOAST,0.954258,19.61,20.55
2026-04-14,BLUECOAST,0.962632,23.7,24.62
2026-05-01,BLUECOAST,0.971373,30.2,31.09
2026-06-26,BLUECOAST,0.977395,28.97,29.64
2026-03-03,BLUEDART,1.026185,5682.5,5537.5
2026-04-14,BLUEDART,1.022788,5170.6,5055.4
2026-05-28,BLUEDART,1.020637,4871.5,4773.0
2025-11-05,BLUEJET,1.111102,674.05,606.65
2025-12-25,BLUEJET,1.02052,549.55,538.5
2026-01-26,BLUEJET,1.048792,453.55,432.45
2026-03-03,BLUEJET,1.053685,405.3,384.65
2026-03-31,BLUEJET,1.050573,343.8,327.25
2026-05-28,BLUEJET,1.062307,499.55,470.25
2026-06-26,BLUEJET,0.979435,516.75,527.6
2025-10-22,BLUEPEBBLE,0.97619,164.0,168.0
2025-12-25,BLUEPEBBLE,0.927419,115.0,124.0
2026-01-15,BLUEPEBBLE,1.058489,130.3,123.1
2026-01-26,BLUEPEBBLE,1.078104,161.5,149.8
2026-03-03,BLUEPEBBLE,1.052328,136.75,129.95
2026-03-31,BLUEPEBBLE,1.034904,118.6,114.6
2026-04-03,BLUEPEBBLE,0.960096,120.3,125.3
2026-05-01,BLUEPEBBLE,0.955466,118.0,123.5
2026-05-28,BLUEPEBBLE,1.046842,99.45,95.0
2026-03-03,BLUESTARCO,1.020342,1941.2,1902.5
2026-03-26,BLUESTARCO,0.954889,1665.9,1744.6
2026-03-31,BLUESTARCO,1.040045,1675.2,1610.7
2026-04-14,BLUESTARCO,0.976879,1690.0,1730.0
2026-05-01,BLUESTARCO,1.031611,1837.3,1781.0
2026-01-15,BLUESTONE,1.022019,475.75,465.5
2026-01-26,BLUESTONE,1.039615,475.0,456.9
2026-02-02,BLUESTONE,0.969552,426.7,440.1
2026-03-26,BLUESTONE,1.048901,518.0,493.85
2026-03-31,BLUESTONE,1.048914,490.0,467.15
2026-04-03,BLUESTONE,1.060227,453.3,427.55
2025-11-05,BLUEWATER,0.972763,150.0,154.2
2026-01-15,BLUEWATER,1.020767,145.0,142.05
2026-03-31,BLUEWATER,0.979925,144.0,146.95
2026-05-01,BLUEWATER,1.035129,265.2,256.2
2026-05-28,BLUEWATER,0.953711,244.15,256.0
2026-06-26,BLUEWATER,0.978261,337.5,345.0
2026-01-26,BLUSPRING,1.041674,62.49,59.99
2026-03-26,BLUSPRING,0.916961,49.36,53.83
2026-04-03,BLUSPRING,0.933677,54.34,58.2
2026-04-14,BLUSPRING,0.961458,64.61,67.2
2026-05-01,BLUSPRING,0.970265,62.65,64.57
2026-06-26,BLUSPRING,1.054475,113.82,107.94
2025-12-25,BMETRICS,1.02,43.35,42.5
2026-02-02,BMETRICS,0.959079,37.5,39.1
2026-03-03,BMETRICS,1.058739,36.95,34.9
2026-03-31,BMETRICS,1.04,41.6,40.0
2026-04-03,BMETRICS,1.042424,43.0,41.25
2025-10-22,BMWVENTLTD,0.979538,59.36,60.6
2026-03-03,BMWVENTLTD,1.057748,61.91,58.53
2026-03-31,BMWVENTLTD,1.051366,51.17,48.67
2026-04-03,BMWVENTLTD,0.979273,51.97,53.07
2026-05-28,BNAGROCHEM,0.965707,351.16,363.63
2026-06-26,BNAGROCHEM,0.960159,265.1,276.1
2026-05-01,BNALTD,1.052895,421.0,399.85
2026-05-28,BNALTD,1.033955,371.5,359.3
2025-10-22,BODALCHEM,0.97454,59.33,60.88
2026-01-15,BODALCHEM,0.979687,50.16,51.2
2026-03-26,BODALCHEM,0.96014,54.92,57.2
2026-03-31,BODALCHEM,1.117383,57.21,51.2
2026-04-14,BODALCHEM,0.970787,64.8,66.75
2025-11-05,BOHRAIND,1.024402,21.41,20.9
2025-12-25,BOHRAIND,1.034444,18.32,17.71
2026-01-26,BOHRAIND,1.03879,15.8,15.21
2026-02-02,BOHRAIND,1.090508,19.76,18.12
2026-03-26,BOHRAIND,1.052051,17.18,16.33
2026-04-03,BOHRAIND,0.952438,15.82,16.61
2026-05-28,BOHRAIND,0.969034,18.15,18.73
2026-06-26,BOHRAIND,1.049492,15.48,14.75
2026-01-26,BOMDYEING,1.031829,114.76,111.22
2026-02-02,BOMDYEING,0.975396,112.59,115.43
2026-03-26,BOMDYEING,0.966703,98.13,101.51
2026-03-31,BOMDYEING,1.05706,98.0,92.71
2026-06-26,BOMDYEING,1.030372,135.36,131.37
2026-03-26,BONLON,0.958421,36.42,38.0
2026-04-14,BONLON,0.970648,42.99,44.29
2026-05-28,BONLON,0.979261,47.69,48.7
2026-06-26,BONLON,0.974264,42.02,43.13
2025-10-22,BORANA,0.961214,221.31,230.24
2025-12-25,BORANA,1.027993,304.8,296.5
2026-03-03,BORANA,1.045777,390.65,373.55
2026-03-26,BORANA,0.976824,328.75,336.55
2026-03-31,BORANA,1.052502,319.75,303.8
2026-04-03,BORANA,1.023861,306.8,299.65
2026-04-14,BORANA,1.034424,332.05,321.0
2026-06-26,BORANA,1.024142,311.8,304.45
2025-12-25,BOROLTD,1.02087,293.5,287.5
2026-01-26,BOROLTD,1.026316,253.5,247.0
2026-03-03,BOROLTD,1.03706,237.3,228.82
2026-03-26,BOROLTD,0.977225,221.4,226.56
2026-03-31,BOROLTD,1.034593,226.1,218.54
2026-06-26,BOROLTD,0.974927,231.36,237.31
2026-01-15,BORORENEW,0.967634,493.3,509.8
2026-01-26,BORORENEW,1.038473,523.65,504.25
2026-02-02,BORORENEW,0.979249,483.7,493.95
2026-03-03,BORORENEW,1.033787,455.9,441.0
2026-03-31,BORORENEW,1.025066,386.45,377.0
2026-03-31,BOROSCI,0.978961,100.97,103.14
2026-04-14,BOROSCI,1.021299,116.04,113.62
2026-05-28,BOROSCI,0.957517,142.22,148.53
2025-12-25,BOSCH-HCIL,0.976944,1432.2,1466.0
2026-01-26,BOSCH-HCIL,1.03374,1391.0,1345.6
2026-03-03,BOSCH-HCIL,1.030128,1408.7,1367.5
2026-03-31,BOSCH-HCIL,1.047374,1098.8,1049.1
2026-05-01,BOSCH-HCIL,1.027614,1429.0,1390.6
2025-11-05,BOSCHLTD,0.978203,37025.0,37850.0
2026-03-03,BOSCHLTD,1.029828,36425.0,35370.0
2026-03-31,BOSCHLTD,1.030266,29615.0,28745.0
2026-04-03,BOSCHLTD,0.953322,30635.0,32135.0
2025-11-05,BOSS,1.050998,47.4,45.1
2025-12-25,BOSS,1.052567,43.05,40.9
2026-01-15,BOSS,1.051497,43.9,41.75
2026-01-26,BOSS,1.051414,40.9,38.9
2026-02-10,BOSS,0.950131,36.2,38.1
2026-03-03,BOSS,1.050602,43.6,41.5
2026-03-26,BOSS,0.956835,39.9,41.7
2026-03-31,BOSS,0.969438,39.65,40.9
2026-05-28,BOSS,1.027062,39.85,38.8
2026-03-03,BPCL,1.028282,385.4,374.8
2026-04-14,BPCL,1.021847,299.35,292.95
2025-11-05,BPL,1.031657,75.28,72.97
2026-01-15,BPL,0.965055,61.86,64.1
2026-01-26,BPL,1.03499,59.16,57.16
2026-03-03,BPL,1.036968,55.26,53.29
2026-03-31,BPL,1.107414,42.27,38.17
2026-05-01,BPL,1.024338,57.24,55.88
2025-11-05,BRACEPORT,0.958904,77.0,80.3
2025-12-25,BRACEPORT,0.912004,83.95,92.05
2026-01-15,BRACEPORT,1.024096,85.0,83.0
2026-01-26,BRACEPORT,0.970486,83.85,86.4
2026-02-02,BRACEPORT,0.899777,80.8,89.8
2026-03-03,BRACEPORT,1.071429,75.0,70.0
2026-03-26,BRACEPORT,1.035088,59.0,57.0
2026-03-31,BRACEPORT,0.970619,46.25,47.65
2026-04-03,BRACEPORT,0.885714,46.5,52.5
2026-05-28,BRACEPORT,1.044444,56.4,54.0
2026-03-03,BRANDMAN,1.078805,169.75,157.35
2026-03-31,BRANDMAN,1.08048,121.5,112.45
2026-04-03,BRANDMAN,0.911537,123.65,135.65
2026-04-14,BRANDMAN,1.044547,170.0,162.75
2026-05-01,BRANDMAN,1.04,195.0,187.5
2025-11-05,BRIGADE,1.022986,1041.4,1018.0
2026-01-26,BRIGADE,1.02585,779.8,760.15
2026-03-03,BRIGADE,1.022767,694.05,678.6
2026-03-26,BRIGADE,0.962063,645.4,670.85
2026-03-31,BRIGADE,1.062082,691.15,650.75
2026-04-03,BRIGADE,0.978256,672.6,687.55
2026-04-14,BRIGADE,0.970348,723.2,745.3
2026-06-26,BRIGADE,1.034939,543.55,525.2
2026-01-26,BRIGHOTEL,1.03603,60.96,58.84
2026-03-26,BRITANNIA,0.976359,5513.5,5647.0
2025-10-22,BRNL,0.979438,23.34,23.83
2026-03-03,BRNL,1.032909,19.46,18.84
2026-03-31,BRNL,1.060803,17.97,16.94
2026-04-14,BRNL,1.025487,20.52,20.01
2026-05-01,BRNL,1.025036,21.29,20.77
2025-11-05,BROOKS,1.020698,111.94,109.67
2025-12-25,BROOKS,1.029889,92.69,90.0
2026-01-15,BROOKS,1.032356,71.47,69.23
2026-01-26,BROOKS,1.023504,67.06,65.52
2026-03-03,BROOKS,1.071531,67.11,62.63
2026-03-31,BROOKS,1.164376,43.21,37.11
2026-04-03,BROOKS,0.834208,44.53,53.38
2026-05-01,BROOKS,1.051447,58.86,55.98
2026-05-28,BROOKS,0.952404,59.23,62.19
2026-06-26,BROOKS,1.044188,76.8,73.55
2025-11-05,BSE,1.020708,2548.3,2496.6
2025-12-25,BSE,1.024935,2737.5,2670.9
2026-02-02,BSE,0.921738,2578.1,2797.0
2026-03-03,BSE,1.02402,2707.1,2643.6
2026-03-26,BSE,0.970832,2805.9,2890.2
2026-03-31,BSE,1.035886,2779.8,2683.5
2026-05-28,BSE,1.036461,4403.3,4248.4
2026-03-31,BSE500IETF,1.025389,35.54,34.66
2025-12-25,BSHSL,0.881338,100.12,113.6
2026-01-26,BSHSL,1.022148,95.07,93.01
2026-03-03,BSHSL,1.060352,89.78,84.67
2026-03-31,BSHSL,1.109885,67.37,60.7
2026-04-03,BSHSL,0.83341,72.84,87.4
2026-04-14,BSHSL,0.973315,98.48,101.18
2026-05-28,BSHSL,0.968215,94.43,97.53
2025-10-22,BSL,0.9794,182.57,186.41
2026-02-02,BSL,1.039146,145.47,139.99
2026-04-14,BSL,0.972278,117.14,120.48
2026-05-01,BSL,1.020144,127.11,124.6
2026-05-28,BSL,0.894222,122.41,136.89
2025-12-25,BSLGOLDETF,0.968999,116.59,120.32
2026-01-26,BSLGOLDETF,0.979754,133.08,135.83
2026-02-02,BSLGOLDETF,0.938443,135.53,144.42
2026-03-03,BSLGOLDETF,0.951143,139.78,146.96
2026-03-26,BSLGOLDETF,0.972066,122.49,126.01
2026-03-31,BSLGOLDETF,0.977452,125.28,128.17
2026-06-26,BSLGOLDETF,1.023815,125.1,122.19
2026-03-31,BSLNIFTY,1.02424,26.62,25.99
2026-03-31,BSLSENETFG,1.029713,74.51,72.36
2025-10-22,BSOFT,0.965532,338.95,351.05
2026-01-26,BSOFT,1.023657,415.4,405.8
2026-04-03,BSOFT,0.942834,349.65,370.85
2026-06-26,BSOFT,1.023944,307.9,300.7
2025-10-22,BTML,1.032558,8.88,8.6
2026-01-26,BTML,0.956897,7.77,8.12
2026-02-02,BTML,0.963855,8.0,8.3
2026-03-03,BTML,1.032904,7.22,6.99
2026-03-26,BTML,1.027972,5.88,5.72
2026-03-31,BTML,1.100733,6.01,5.46
2026-04-14,BTML,1.021341,6.7,6.56
2026-05-28,BTTL,0.974724,33.55,34.42
2026-06-26,BTTL,0.842323,42.79,50.8
2026-01-15,BUILDPRO,0.956131,733.4,767.05
2026-02-02,BUILDPRO,0.964122,724.2,751.15
2026-03-03,BUILDPRO,1.057915,969.05,916.0
2026-03-26,BUILDPRO,1.021929,1013.6,991.85
2026-04-14,BUILDPRO,0.973081,1071.8,1101.45
2025-11-05,BULKCORP,0.936416,81.0,86.5
2026-01-15,BULKCORP,0.953858,59.95,62.85
2026-03-26,BULKCORP,1.044395,47.05,45.05
2026-03-31,BULKCORP,1.052514,47.1,44.75
2026-04-03,BULKCORP,0.952643,43.25,45.4
2026-05-28,BULKCORP,1.021795,39.85,39.0
2026-06-26,BULKCORP,0.965909,42.5,44.0
2026-01-26,BUTTERFLY,1.02302,606.6,592.95
2026-02-02,BUTTERFLY,0.974918,592.75,608.0
2026-03-31,BUTTERFLY,1.034261,611.3,591.05
2026-06-26,BUTTERFLY,1.032884,678.45,656.85
2025-10-22,BVCL,0.97745,46.38,47.45
2026-01-26,BVCL,1.05197,43.52,41.37
2026-02-02,BVCL,0.972391,44.73,46.0
2026-03-03,BVCL,1.043005,42.2,40.46
2026-03-26,BVCL,0.97243,37.74,38.81
2026-03-31,BVCL,1.109102,35.58,32.08
2025-11-05,BYKE,0.973993,61.42,63.06
2026-01-26,BYKE,1.026326,52.63,51.28
2026-03-03,BYKE,1.042257,41.93,40.23
2026-03-26,BYKE,1.049062,31.86,30.37
2026-04-03,BYKE,0.833333,30.15,36.18
2026-05-01,BYKE,1.032689,37.91,36.71
2025-11-05,C2C,0.979017,676.55,691.05
2025-12-25,C2C,0.958523,474.9,495.45
2026-03-26,C2C,0.875258,339.6,388.0
2026-03-31,C2C,1.069378,389.2,363.95
2026-05-01,C2C,1.026775,467.85,455.65
2025-10-22,CADSYS,0.959943,67.1,69.9
2025-11-05,CADSYS,1.021429,71.5,70.0
2025-12-25,CADSYS,1.052045,42.45,40.35
2026-01-26,CADSYS,0.952577,46.2,48.5
2026-03-26,CADSYS,0.956383,44.95,47.0
2026-03-31,CADSYS,1.051802,46.7,44.4
2025-11-05,CALSOFT,1.064189,18.9,17.76
2025-12-25,CALSOFT,1.02642,15.54,15.14
2026-03-03,CALSOFT,1.050167,12.56,11.96
2026-03-31,CALSOFT,1.026917,12.59,12.26
2026-04-03,CALSOFT,1.020725,11.82,11.58
2026-05-01,CALSOFT,0.833449,11.96,14.35
2026-05-28,CALSOFT,1.037657,19.84,19.12
2025-10-22,CAMLINFINE,0.96575,183.28,189.78
2025-12-25,CAMLINFINE,1.027598,156.76,152.55
2026-02-02,CAMLINFINE,0.974255,141.53,145.27
2026-03-03,CAMLINFINE,1.026086,147.9,144.14
2026-03-31,CAMLINFINE,1.090065,105.66,96.93
2026-05-01,CAMLINFINE,0.967859,122.86,126.94
2026-05-28,CAMLINFINE,0.933712,121.56,130.19
2026-03-03,CAMPUS,1.037992,259.55,250.05
2026-03-26,CAMPUS,0.949421,221.5,233.3
2026-03-31,CAMPUS,1.02239,223.75,218.85
2026-04-03,CAMPUS,0.972653,223.72,230.01
2026-05-01,CAMPUS,1.023976,254.11,248.16
2026-06-26,CAMPUS,0.978768,232.8,237.85
2025-11-05,CAMS,1.025335,3897.4,3801.1
2026-01-26,CAMS,1.041728,707.75,679.4
2026-02-02,CAMS,0.972736,676.1,695.05
2026-03-03,CAMS,1.040381,677.6,651.3
2026-05-01,CAMS,1.029786,760.6,738.6
2025-11-05,CANARYS,0.962264,28.05,29.15
2026-01-26,CANARYS,1.049808,27.4,26.1
2026-03-03,CANARYS,1.063781,23.35,21.95
2026-03-26,CANARYS,1.039157,17.25,16.6
2026-03-31,CANARYS,1.066445,16.05,15.05
2026-04-03,CANARYS,0.894472,17.8,19.9
2026-04-14,CANARYS,1.065611,23.55,22.1
2026-05-28,CANARYS,1.038168,20.4,19.65
2026-06-26,CANARYS,1.038278,21.7,20.9
2026-02-02,CANBK,0.95679,141.05,147.42
2026-03-03,CANBK,1.024811,157.37,153.56
2026-03-26,CANBK,0.975244,133.15,136.53
2026-03-31,CANBK,1.056703,130.45,123.45
2026-01-15,CANFINHOME,0.97444,894.0,917.45
2026-02-02,CANFINHOME,0.963322,898.25,932.45
2026-03-03,CANFINHOME,1.026784,843.4,821.4
2026-03-31,CANFINHOME,1.037624,821.85,792.05
2025-12-25,CANHLIFE,0.970157,141.09,145.43
2026-01-26,CANHLIFE,1.021635,149.69,146.52
2026-03-26,CANHLIFE,1.021854,144.48,141.39
2026-05-01,CANHLIFE,1.034466,146.17,141.3
2025-11-05,CANTABIL,1.045014,258.85,247.7
2026-01-15,CANTABIL,0.978972,288.65,294.85
2026-01-26,CANTABIL,1.025965,284.5,277.3
2026-02-02,CANTABIL,0.975115,286.05,293.35
2026-03-03,CANTABIL,1.033954,266.45,257.7
2026-03-31,CANTABIL,1.026923,226.95,221.0
2026-04-03,CANTABIL,0.974069,231.02,237.17
2026-05-01,CANTABIL,1.023071,247.44,241.86
2026-06-26,CANTABIL,0.974233,232.53,238.68
2025-11-05,CAPACITE,1.024221,287.55,280.75
2026-01-26,CAPACITE,1.033333,223.2,216.0
2026-02-02,CAPACITE,0.953701,211.96,222.25
2026-03-03,CAPACITE,1.049484,242.84,231.39
2026-03-26,CAPACITE,0.9514,211.03,221.81
2026-03-31,CAPACITE,1.045826,212.7,203.38
2026-05-28,CAPACITE,0.977016,225.3,230.6
2026-01-15,CAPILLARY,1.054345,670.3,635.75
2026-02-02,CAPILLARY,0.95833,601.4,627.55
2026-03-31,CAPILLARY,1.069663,512.85,479.45
2026-04-03,CAPITALSFB,0.956615,228.43,238.79
2026-05-01,CAPITALSFB,0.971491,271.59,279.56
2026-01-15,CAPLIPOINT,0.977084,1812.1,1854.6
2026-02-02,CAPLIPOINT,1.020294,1809.9,1773.9
2026-03-31,CAPLIPOINT,1.035619,1558.4,1504.8
2025-10-22,CAPTRU-RE1,1.259943,8.87,7.04
2025-11-05,CAPTRU-RE1,1.135802,6.44,5.67
2025-10-22,CAPTRUST,1.04053,27.47,26.4
2025-11-05,CAPTRUST,1.052711,27.76,26.37
2025-12-25,CAPTRUST,0.95377,13.41,14.06
2026-01-15,CAPTRUST,0.960329,12.83,13.36
2026-01-26,CAPTRUST,0.972893,16.51,16.97
2026-02-02,CAPTRUST,0.97941,14.27,14.57
2026-03-03,CAPTRUST,1.041801,12.96,12.44
2026-03-31,CAPTRUST,1.027273,11.3,11.0
2026-05-28,CAPTRUST,0.95261,13.87,14.56
2026-06-26,CAPTRUST,0.95578,12.32,12.89
2026-03-03,CARBORUNIV,1.0202,823.25,806.95
2026-03-26,CARBORUNIV,0.969543,764.0,788.0
2026-04-03,CARBORUNIV,0.939696,802.5,854.0
2026-05-01,CARBORUNIV,1.025584,976.1,951.75
2026-03-26,CARERATING,0.948464,1457.6,1536.8
2026-03-31,CARERATING,1.043217,1511.1,1448.5
2026-01-26,CARRARO,1.028376,496.5,482.8
2026-02-02,CARRARO,0.941109,492.2,523.0
2026-03-03,CARRARO,1.028825,521.1,506.5
2026-03-26,CARRARO,0.961369,447.95,465.95
2026-04-14,CARRARO,1.03819,507.0,488.35
2026-05-28,CARRARO,1.096199,608.5,555.1
2025-10-22,CARTRADE,0.975936,2453.6,2514.1
2025-11-05,CARTRADE,1.033733,3018.5,2920.0
2026-01-15,CARTRADE,1.034693,2800.5,2706.6
2026-01-26,CARTRADE,1.036046,2535.1,2446.9
2026-02-02,CARTRADE,0.97588,2585.4,2649.3
2026-03-31,CARTRADE,1.054667,1740.2,1650.0
2026-04-03,CARTRADE,1.03574,1756.2,1695.6
2026-06-26,CARTRADE,0.966338,2603.7,2694.4
2026-01-15,CARYSIL,1.02928,794.45,771.85
2026-03-03,CARYSIL,1.021439,895.7,876.9
2026-03-26,CARYSIL,0.963768,794.0,823.85
2026-03-31,CARYSIL,1.04566,787.8,753.4
2026-03-26,CASTROLIND,0.976073,173.78,178.04
2025-12-25,CBAZAAR,1.050633,4.15,3.95
2026-01-26,CBAZAAR,1.039474,3.95,3.8
2026-03-26,CBAZAAR,1.052632,5.0,4.75
2026-03-31,CBAZAAR,0.97,4.85,5.0
2026-05-28,CBAZAAR,0.956989,4.45,4.65
2026-06-26,CBAZAAR,0.959184,4.7,4.9
2026-03-03,CCAVENUE,1.025356,16.58,16.17
2026-03-26,CCAVENUE,0.979076,13.57,13.86
2026-04-03,CCAVENUE,0.972222,14.35,14.76
2026-04-14,CCAVENUE,1.025745,15.14,14.76
2026-06-26,CCAVENUE,0.97262,15.63,16.07
2026-01-15,CCCL,1.037508,17.15,16.53
2026-02-02,CCCL,1.049906,16.83,16.03
2026-03-03,CCCL,1.052666,15.99,15.19
2026-03-26,CCCL,1.022064,14.36,14.05
2026-03-31,CCCL,1.063813,13.67,12.85
2026-04-03,CCCL,0.948322,14.13,14.9
2026-05-01,CCCL,0.961679,15.81,16.44
2026-06-26,CCCL,1.020011,18.86,18.49
2026-02-02,CCHHL,0.97182,12.76,13.13
2026-03-31,CCHHL,1.024575,10.84,10.58
2026-04-14,CCHHL,1.025468,13.69,13.35
2025-11-05,CDSL,1.03528,1593.4,1539.1
2026-01-26,CDSL,1.022846,1356.6,1326.3
2026-02-02,CDSL,0.931904,1230.3,1320.2
2026-03-03,CDSL,1.03574,1272.2,1228.3
2026-03-26,CDSL,0.97749,1185.5,1212.8
2026-03-31,CDSL,1.046364,1171.3,1119.4
2026-05-01,CDSL,1.027044,1306.4,1272.0
2025-10-22,CEATLTD,0.979999,4203.9,4289.7
2026-03-03,CEATLTD,1.020754,3531.4,3459.6
2026-03-26,CEATLTD,0.972556,3451.7,3549.1
2026-03-31,CEATLTD,1.067972,3462.9,3242.5
2026-05-01,CEATLTD,1.052218,3625.1,3445.2
2025-11-05,CEDAAR,0.966817,85.95,88.9
2025-12-25,CEDAAR,1.041322,63.0,60.5
2026-01-26,CEDAAR,0.952669,47.3,49.65
2026-02-02,CEDAAR,0.970588,44.55,45.9
2026-03-03,CEDAAR,1.052632,30.0,28.5
2026-03-26,CEDAAR,1.021583,21.3,20.85
2026-03-31,CEDAAR,1.050265,19.85,18.9
2026-04-03,CEDAAR,0.954217,19.8,20.75
2026-04-14,CEDAAR,0.953271,25.5,26.75
2026-05-01,CEDAAR,0.965409,30.7,31.8
2026-05-28,CEDAAR,1.049603,26.45,25.2
2026-02-02,CEIGALL,1.022025,276.1,270.15
2026-03-03,CEIGALL,1.031801,283.9,275.15
2026-03-26,CEIGALL,0.962963,265.2,275.4
2026-03-03,CEINSYS,1.04018,972.1,934.55
2026-03-26,CEINSYS,0.877383,899.8,1025.55
2026-03-31,CEINSYS,1.100252,981.7,892.25
2026-05-01,CEINSYS,1.020167,1095.2,1073.55
2025-11-05,CELEBRITY,1.022417,10.49,10.26
2026-01-15,CELEBRITY,0.954377,7.74,8.11
2026-01-26,CELEBRITY,1.071329,7.66,7.15
2026-02-02,CELEBRITY,1.056701,8.2,7.76
2026-03-03,CELEBRITY,1.085135,8.03,7.4
2026-03-31,CELEBRITY,1.049914,6.1,5.81
2026-04-03,CELEBRITY,0.950525,6.34,6.67
2026-04-14,CELEBRITY,1.026596,7.72,7.52
2026-05-01,CELEBRITY,1.031133,8.28,8.03
2026-06-26,CELEBRITY,1.024081,8.08,7.89
2025-10-22,CELLECOR,0.976888,31.7,32.45
2025-11-05,CELLECOR,0.975498,31.85,32.65
2026-01-26,CELLECOR,1.040441,28.3,27.2
2026-03-03,CELLECOR,1.031936,25.85,25.05
2026-03-31,CELLECOR,1.032823,23.6,22.85
2026-04-03,CELLECOR,0.961183,26.0,27.05
2026-04-14,CELLECOR,1.028007,31.2,30.35
2025-10-22,CELLPOINT,1.028818,17.85,17.35
2026-01-26,CELLPOINT,0.951368,15.65,16.45
2026-03-31,CELLPOINT,1.1375,13.65,12.0
2026-04-03,CELLPOINT,1.066667,13.6,12.75
2026-04-14,CELLPOINT,0.938416,16.0,17.05
2026-06-26,CELLPOINT,1.056667,15.85,15.0
2026-01-15,CEMPRO,0.975231,685.1,702.5
2026-01-26,CEMPRO,1.027678,642.35,625.05
2026-03-26,CEMPRO,0.956236,538.6,563.25
2026-03-31,CEMPRO,1.031706,527.15,510.95
2026-05-01,CEMPRO,0.833364,679.4,815.25
2026-05-28,CEMPRO,0.949997,943.3,992.95
2026-03-03,CENTENKA,1.020728,433.35,424.55
2026-03-31,CENTENKA,1.045095,389.35,372.55
2026-04-14,CENTENKA,1.024171,427.95,417.85
2025-10-22,CENTEXT,0.975456,29.41,30.15
2026-01-15,CENTEXT,0.963307,21.79,22.62
2026-01-26,CENTEXT,1.022294,22.01,21.53
2026-02-02,CENTEXT,0.955725,21.37,22.36
2026-03-03,CENTEXT,1.066882,19.78,18.54
2026-03-31,CENTEXT,1.077482,17.8,16.52
2026-05-28,CENTEXT,1.02329,20.65,20.18
2025-11-05,CENTRALBK,1.020434,39.95,39.15
2026-01-26,CENTRALBK,1.024511,37.2,36.31
2026-02-02,CENTRALBK,0.969276,36.28,37.43
2026-03-03,CENTRALBK,1.034331,40.07,38.74
2026-03-26,CENTRALBK,0.968933,33.06,34.12
2026-03-31,CENTRALBK,1.049952,33.0,31.43
2025-10-22,CENTRUM,0.971571,33.15,34.12
2026-01-15,CENTRUM,1.02839,27.53,26.77
2026-01-26,CENTRUM,1.043852,25.47,24.4
2026-03-03,CENTRUM,1.036789,24.8,23.92
2026-03-26,CENTRUM,0.916776,27.87,30.4
2026-03-31,CENTRUM,1.135194,31.32,27.59
2026-04-03,CENTRUM,1.032211,28.52,27.63
2026-04-14,CENTRUM,1.097185,28.45,25.93
2026-05-01,CENTRUM,1.030253,24.86,24.13
2026-06-26,CENTRUM,1.035273,22.6,21.83
2026-01-26,CENTUM,1.021699,2250.7,2202.9
2026-05-28,CENTUM,0.978127,3170.6,3241.5
2026-02-02,CENTURYPLY,0.948432,762.35,803.8
2026-03-26,CENTURYPLY,0.966952,678.8,702.0
2026-05-01,CENTURYPLY,1.031844,823.05,797.65
2026-03-03,CERA,1.021234,4886.4,4784.8
2025-10-22,CEREBRAINT,1.050562,9.35,8.9
2025-11-05,CEREBRAINT,1.053167,9.31,8.84
2026-01-15,CEREBRAINT,1.040498,6.68,6.42
2026-01-26,CEREBRAINT,1.029091,5.66,5.5
2026-03-26,CEREBRAINT,0.960688,3.91,4.07
2026-03-31,CEREBRAINT,1.04878,3.87,3.69
2026-04-03,CEREBRAINT,0.953202,3.87,4.06
2026-04-14,CEREBRAINT,1.026104,5.11,4.98
2026-05-01,CEREBRAINT,1.028708,4.3,4.18
2026-06-26,CEREBRAINT,1.024658,3.74,3.65
2026-01-26,CESC,1.021505,143.45,140.43
2026-02-02,CESC,0.968234,145.39,150.16
2026-03-03,CESC,1.03036,158.15,153.49
2026-04-14,CESC,0.979419,157.52,160.83
2026-02-02,CEWATER,0.962188,407.15,423.15
2026-03-03,CEWATER,1.039202,299.55,288.25
2026-03-31,CEWATER,1.034449,262.75,254.0
2026-04-03,CEWATER,0.978107,277.0,283.2
2026-05-01,CEWATER,1.072574,331.05,308.65
2026-06-26,CEWATER,1.086534,386.1,355.35
2025-11-05,CGCL,1.031718,203.3,197.05
2026-02-02,CGCL,0.946853,166.4,175.74
2026-04-03,CGCL,1.058017,175.98,166.33
2026-01-26,CGPOWER,1.045802,574.25,549.1
2026-02-02,CGPOWER,1.022002,596.9,584.05
2026-03-26,CGPOWER,0.963958,667.3,692.25
2026-04-14,CGPOWER,1.020947,731.1,716.1
2026-05-28,CGPOWER,0.940469,879.15,934.8
2026-06-26,CGPOWER,0.975958,919.45,942.1
2025-11-05,CGRAPHICS,1.032149,213.5,206.85
2026-01-26,CGRAPHICS,1.034132,172.7,167.0
2026-03-03,CGRAPHICS,0.966723,142.35,147.25
2026-04-03,CGRAPHICS,0.906863,148.0,163.2
2026-04-14,CGRAPHICS,0.952123,167.05,175.45
2026-05-28,CGRAPHICS,0.954054,141.2,148.0
2026-01-26,CHALET,1.024816,840.4,820.05
2026-03-03,CHALET,1.030083,808.1,784.5
2026-03-26,CHALET,0.975115,721.0,739.4
2026-03-31,CHALET,1.032251,724.95,702.3
2026-01-26,CHAMBLFERT,0.979566,426.65,435.55
2026-02-02,CHAMBLFERT,0.977566,431.4,441.3
2026-03-03,CHAMBLFERT,1.029231,461.25,448.15
2026-03-26,CHAMBLFERT,0.972013,420.25,432.35
2026-05-01,CHAMBLFERT,1.028536,450.55,438.05
2025-10-22,CHAMUNDA,1.031746,52.0,50.4
2025-11-05,CHAMUNDA,1.047667,51.65,49.3
2025-12-25,CHAMUNDA,0.977337,51.75,52.95
2026-03-03,CHAMUNDA,1.07996,53.35,49.4
2026-03-31,CHAMUNDA,1.064683,41.15,38.65
2026-04-14,CHAMUNDA,1.031592,42.45,41.15
2026-05-01,CHAMUNDA,1.093923,49.5,45.25
2026-06-26,CHAMUNDA,0.960694,41.55,43.25
2025-10-22,CHANDAN,0.952477,307.65,323.0
2025-11-05,CHANDAN,0.956894,318.55,332.9
2025-12-25,CHANDAN,0.917682,293.75,320.1
2026-03-31,CHANDAN,1.053327,231.1,219.4
2026-04-03,CHANDAN,0.979449,245.45,250.6
2026-06-26,CHANDAN,0.961578,235.25,244.65
2025-12-25,CHAVDA,1.02102,131.15,128.45
2026-01-26,CHAVDA,0.978623,114.45,116.95
2026-02-02,CHAVDA,0.977659,109.4,111.9
2026-03-03,CHAVDA,1.062896,109.0,102.55
2026-03-31,CHAVDA,1.073801,87.3,81.3
2026-04-03,CHAVDA,0.974275,89.0,91.35
2026-06-26,CHAVDA,1.024157,91.15,89.0
2025-10-22,CHEMBOND,0.967124,163.56,169.12
2025-12-25,CHEMBOND,0.956327,158.1,165.32
2026-01-26,CHEMBOND,1.044157,161.98,155.13
2026-03-03,CHEMBOND,1.028042,147.01,143.0
2026-03-31,CHEMBOND,1.043103,111.32,106.72
2026-04-03,CHEMBOND,0.857023,122.1,142.47
2026-04-14,CHEMBOND,1.02532,150.64,146.92
2026-05-28,CHEMBOND,1.027991,175.55,170.77
2025-10-22,CHEMBONDCH,0.967459,156.38,161.64
2025-12-25,CHEMBONDCH,1.020906,163.59,160.24
2026-01-26,CHEMBONDCH,1.039869,149.19,143.47
2026-03-03,CHEMBONDCH,0.965801,146.85,152.05
2026-03-26,CHEMBONDCH,0.97114,118.45,121.97
2026-03-31,CHEMBONDCH,1.055629,112.15,106.24
2026-04-03,CHEMBONDCH,0.845705,118.94,140.64
2026-04-14,CHEMBONDCH,1.041965,152.95,146.79
2026-05-28,CHEMBONDCH,1.04705,202.51,193.41
2026-01-26,CHEMCON,1.037873,176.21,169.78
2026-03-03,CHEMCON,1.032775,164.49,159.27
2026-03-31,CHEMCON,1.064565,134.05,125.92
2026-05-28,CHEMCON,1.050419,202.92,193.18
2026-06-26,CHEMCON,1.074246,203.14,189.1
2025-11-05,CHEMFAB,1.025452,590.25,575.6
2025-12-25,CHEMFAB,1.045671,439.6,420.4
2026-01-15,CHEMFAB,0.974874,415.15,425.85
2026-01-26,CHEMFAB,1.024266,401.0,391.5
2026-03-31,CHEMFAB,1.075282,314.95,292.9
2026-04-03,CHEMFAB,0.97447,326.35,334.9
2026-02-02,CHEMICAL,0.971674,27.1,27.89
2026-03-26,CHEMICAL,0.968314,25.67,26.51
2026-03-31,CHEMICAL,1.026517,25.55,24.89
2025-11-05,CHEMPLASTS,1.055196,408.15,386.8
2025-12-25,CHEMPLASTS,1.02713,268.8,261.7
2026-01-26,CHEMPLASTS,1.041395,255.35,245.2
2026-02-02,CHEMPLASTS,0.964457,251.0,260.25
2026-03-03,CHEMPLASTS,1.030694,245.8,238.48
2026-03-26,CHEMPLASTS,0.961988,259.4,269.65
2026-04-14,CHEMPLASTS,1.046108,243.9,233.15
2026-05-01,CHEMPLASTS,1.033902,236.35,228.6
2026-05-28,CHEMPLASTS,1.038339,230.75,222.23
2025-11-05,CHENNPETRO,0.969629,953.0,982.85
2026-01-15,CHENNPETRO,0.939049,821.95,875.3
2026-02-02,CHENNPETRO,0.961492,832.7,866.05
2026-03-03,CHENNPETRO,1.025861,961.95,937.7
2026-04-14,CHENNPETRO,1.030475,973.85,945.05
2026-05-28,CHENNPETRO,0.968379,1019.8,1053.1
2026-06-26,CHENNPETRO,1.023408,1128.0,1102.2
2025-11-05,CHETANA,1.020423,72.45,71.0
2026-01-15,CHETANA,0.974237,51.05,52.4
2026-02-02,CHETANA,0.960227,42.25,44.0
2026-03-03,CHETANA,1.035202,39.7,38.35
2026-03-31,CHETANA,1.029079,31.85,30.95
2026-04-03,CHETANA,0.972059,33.05,34.0
2026-05-01,CHETANA,1.025641,40.0,39.0
2026-05-28,CHETANA,1.03617,48.7,47.0
2025-10-22,CHEVIOT,0.979615,1129.3,1152.8
2026-03-31,CHEVIOT,1.043012,943.3,904.4
2026-04-03,CHEVIOT,0.958383,928.05,968.35
2026-04-14,CHEVIOT,0.97783,1045.3,1069.0
2026-05-01,CHEVIOT,0.973992,1142.2,1172.7
2026-02-02,CHOICEGOLD,0.935696,148.13,158.31
2026-03-03,CHOICEGOLD,0.94971,157.31,165.64
2026-03-26,CHOICEGOLD,0.978109,138.96,142.07
2026-03-31,CHOICEGOLD,0.979617,141.3,144.24
2026-04-03,CHOICEGOLD,1.023163,148.42,145.06
2025-11-05,CHOICEIN,1.026638,830.55,809.0
2026-01-15,CHOICEIN,0.975407,811.1,831.55
2026-01-26,CHOICEIN,1.030787,783.45,760.05
2026-03-03,CHOICEIN,1.038914,736.85,709.25
2026-03-26,CHOICEIN,0.950073,620.35,652.95
2026-03-31,CHOICEIN,1.051467,641.5,610.1
2026-02-02,CHOLAFIN,0.968068,1579.5,1631.6
2026-03-26,CHOLAFIN,0.962749,1418.9,1473.8
2026-03-31,CHOLAFIN,1.045471,1416.3,1354.7
2026-04-14,CHOLAFIN,1.049098,1581.2,1507.2
2026-02-02,CHOLAHLDNG,1.034153,1710.8,1654.3
2026-03-03,CHOLAHLDNG,1.021376,1634.1,1599.9
2026-04-14,CHOLAHLDNG,1.02058,1596.8,1564.6
2026-02-02,CIEINDIA,0.978599,409.25,418.2
2026-03-26,CIEINDIA,0.968361,436.15,450.4
2026-01-15,CIFL,0.954427,33.09,34.67
2026-03-26,CIFL,0.94574,23.53,24.88
2026-03-31,CIFL,1.098361,22.78,20.74
2026-04-03,CIFL,0.94574,21.09,22.3
2026-04-14,CIFL,1.02405,26.4,25.78
2025-12-25,CIGNITITEC,1.027822,1751.1,1703.7
2026-01-26,CIGNITITEC,1.041706,1663.5,1596.9
2026-03-03,CIGNITITEC,1.020669,1175.3,1151.5
2026-03-26,CIGNITITEC,0.959556,1089.0,1134.9
2026-03-31,CIGNITITEC,1.022677,1118.4,1093.6
2026-04-03,CIGNITITEC,0.947706,1136.3,1199.0
2025-11-05,CINELINE,1.0398,89.35,85.93
2026-02-02,CINELINE,0.974613,83.69,85.87
2026-03-03,CINELINE,1.043262,88.02,84.37
2026-03-31,CINELINE,1.072131,80.71,75.28
2026-01-15,CINEVISTA,1.020531,16.9,16.56
2026-01-26,CINEVISTA,1.056971,15.77,14.92
2026-03-03,CINEVISTA,1.031851,15.55,15.07
2026-03-26,CINEVISTA,1.021023,14.57,14.27
2026-03-31,CINEVISTA,1.070175,14.03,13.11
2026-04-03,CINEVISTA,1.036517,14.76,14.24
2026-06-26,CINEVISTA,0.954994,15.49,16.22
2026-01-26,CIPLA,1.042129,1370.4,1315.0
2026-03-26,CIPLA,0.97991,1219.4,1244.4
2026-03-03,CKKRETAIL,1.052411,213.85,203.2
2026-03-26,CKKRETAIL,0.952438,119.15,125.1
2026-03-31,CKKRETAIL,1.052484,131.35,124.8
2026-05-01,CKKRETAIL,1.032439,128.9,124.85
2026-05-28,CKKRETAIL,0.952464,137.25,144.1
2025-10-22,CLASSICEIL,0.962274,88.0,91.45
2025-11-05,CLASSICEIL,1.034483,90.0,87.0
2025-12-25,CLASSICEIL,1.041935,80.75,77.5
2026-01-15,CLASSICEIL,0.947288,62.0,65.45
2026-01-26,CLASSICEIL,1.042845,60.85,58.35
2026-03-31,CLASSICEIL,1.195833,43.05,36.0
2026-04-14,CLASSICEIL,1.021569,52.1,51.0
2026-05-01,CLASSICEIL,0.977695,52.6,53.8
2026-05-28,CLASSICEIL,1.035484,48.15,46.5
2026-06-26,CLAYCRAFT,1.052494,221.55,210.5
2026-02-02,CLCIND,1.049107,9.4,8.96
2026-03-03,CLCIND,0.953035,13.19,13.84
2026-03-31,CLCIND,0.952409,16.01,16.81
2026-04-03,CLCIND,0.952509,17.65,18.53
2026-04-14,CLCIND,0.952603,22.51,23.63
2025-11-05,CLEAN,1.031507,1014.9,983.9
2026-01-26,CLEAN,1.027796,878.2,854.45
2026-02-02,CLEAN,0.938502,808.05,861.0
2026-03-31,CLEAN,1.03443,679.0,656.4
2026-03-03,CLEANMAX,1.213833,1053.0,867.5
2026-03-31,CLEANMAX,1.050539,808.6,769.7
2026-04-03,CLEANMAX,1.023191,829.45,810.65
2026-04-14,CLEANMAX,0.968964,861.7,889.3
2026-05-01,CLEANMAX,0.95434,1090.0,1142.15
2026-06-26,CLEANMAX,1.026108,1387.4,1352.1
2025-12-25,CLEDUCATE,0.95186,81.86,86.0
2026-01-15,CLEDUCATE,0.942359,77.82,82.58
2026-01-26,CLEDUCATE,1.071498,77.18,72.03
2026-03-03,CLEDUCATE,1.035733,39.42,38.06
2026-03-26,CLEDUCATE,0.9527,46.93,49.26
2026-03-31,CLEDUCATE,1.052632,46.8,44.46
2026-04-03,CLEDUCATE,0.968333,46.48,48.0
2026-05-28,CLEDUCATE,0.977495,46.04,47.1
2026-06-26,CLEDUCATE,1.020408,50.0,49.0
2026-01-26,CLSEL,1.029958,244.1,237.0
2026-03-03,CLSEL,1.036769,269.56,260.0
2026-03-31,CLSEL,1.057004,216.95,205.25
2026-04-03,CLSEL,0.943433,228.99,242.72
2026-05-28,CLSEL,1.044659,292.4,279.9
2026-06-26,CLSEL,1.032066,294.5,285.35
2026-01-26,CLSL,0.925747,48.0,51.85
2026-03-03,CLSL,1.041215,48.0,46.1
2026-03-26,CLSL,0.977273,43.0,44.0
2026-04-03,CLSL,0.894336,41.05,45.9
2026-06-26,CLSL,1.02093,43.9,43.0
2026-03-03,CMICABLES,1.052257,4.43,4.21
2026-03-31,CMICABLES,1.052478,3.61,3.43
2025-11-05,CMNL,1.022291,165.1,161.5
2026-01-15,CMNL,0.951073,110.8,116.5
2026-01-26,CMNL,1.021149,111.05,108.75
2026-02-02,CMNL,0.974745,110.0,112.85
2026-03-31,CMNL,1.073009,97.0,90.4
2026-05-28,CMNL,1.037022,128.85,124.25
2026-03-31,CMPDI,1.116448,172.0,154.06
2026-04-03,CMPDI,1.026348,160.1,155.99
2026-04-14,CMPDI,0.975601,165.94,170.09
2026-05-01,CMPDI,1.020986,185.36,181.55
2026-06-26,CMPDI,1.038542,258.41,248.82
2026-06-26,CMRGREEN,1.049655,258.95,246.7
2025-10-22,CMRSL,1.051746,84.35,80.2
2025-12-25,CMRSL,0.956376,71.25,74.5
2026-01-15,CMRSL,1.052104,78.75,74.85
2026-02-02,CMRSL,0.950502,71.05,74.75
2026-03-31,CMRSL,1.052431,55.2,52.45
2026-04-03,CMRSL,0.952422,55.05,57.8
2026-04-14,CMRSL,0.952381,60.0,63.0
2025-11-05,CMSINFO,1.029793,373.3,362.5
2026-01-26,CMSINFO,1.024093,327.3,319.6
2026-04-14,CMSINFO,0.975817,298.6,306.0
2026-06-26,CMSINFO,1.03315,300.75,291.1
2026-01-15,CNL,0.979212,704.2,719.15
2026-03-31,CNL,1.062672,561.25,528.15
2026-04-03,CNL,0.931688,555.1,595.8
2026-05-01,CNL,0.967836,595.8,615.6
2025-11-05,COALINDIA,1.029135,388.55,377.55
2026-02-02,COALINDIA,0.9519,419.55,440.75
2025-11-05,COASTCORP,1.029182,40.91,39.75
2026-01-15,COASTCORP,0.969292,43.56,44.94
2026-01-26,COASTCORP,1.035837,42.2,40.74
2026-03-03,COASTCORP,1.043458,45.62,43.72
2026-03-31,COASTCORP,1.034609,42.45,41.03
2026-04-03,COASTCORP,0.958506,43.89,45.79
2026-05-01,COASTCORP,0.979017,55.99,57.19
2026-02-02,COCHINSHIP,0.936562,1554.6,1659.9
2026-03-03,COCHINSHIP,1.02954,1491.7,1448.9
2026-03-31,COCHINSHIP,1.05339,1256.8,1193.1
2026-04-14,COCHINSHIP,1.020627,1464.6,1435.0
2026-05-01,COCHINSHIP,1.023307,1773.8,1733.4
2026-05-28,COCKERILL,0.943525,6382.0,6764.0
2026-01-26,COFFEEDAY,1.03125,32.34,31.36
2026-03-03,COFFEEDAY,1.042054,30.23,29.01
2026-03-26,COFFEEDAY,0.976271,23.04,23.6
2026-03-31,COFFEEDAY,1.065341,22.5,21.12
2026-04-03,COFFEEDAY,1.082652,23.84,22.02
2026-05-28,COFFEEDAY,0.880993,25.54,28.99
2026-06-26,COFFEEDAY,1.026434,34.17,33.29
2025-12-25,COFORGE,1.024458,1780.2,1737.7
2026-01-26,COFORGE,1.031349,1687.7,1636.4
2026-03-26,COFORGE,0.954432,1110.1,1163.1
2026-03-31,COFORGE,1.026913,1144.7,1114.7
2026-04-03,COFORGE,0.950964,1153.9,1213.4
2026-05-28,COFORGE,1.024777,1422.8,1388.4
2025-10-22,COHANCE,0.977847,878.4,898.3
2026-02-02,COHANCE,0.970102,369.9,381.3
2026-03-03,COHANCE,1.022263,309.95,303.2
2026-03-26,COHANCE,0.967826,296.3,306.15
2026-04-14,COHANCE,1.05382,377.9,358.6
2026-05-01,COHANCE,0.967512,467.55,483.25
2026-03-26,COLPAL,0.977557,1877.3,1920.4
2026-03-31,COLPAL,1.049477,1877.2,1788.7
2025-10-22,COMMITTED,0.952439,234.3,246.0
2026-01-26,COMMITTED,0.958312,189.65,197.9
2026-03-26,COMMITTED,0.975056,259.95,266.6
2026-03-31,COMMITTED,1.052568,263.3,250.15
2026-04-03,COMMITTED,1.024169,247.9,242.05
2026-05-01,COMMITTED,0.953901,269.0,282.0
2026-05-28,COMMITTED,0.956659,272.6,284.95
2026-02-02,COMMOIETF,0.96684,94.76,98.01
2025-10-22,COMPINFO,0.958333,1.84,1.92
2026-01-15,COMPINFO,1.034014,1.52,1.47
2026-01-26,COMPINFO,0.963504,1.32,1.37
2026-02-02,COMPINFO,1.036765,1.41,1.36
2026-03-03,COMPINFO,1.037313,1.39,1.34
2026-03-26,COMPINFO,1.020202,1.01,0.99
2026-03-31,COMPINFO,1.043956,0.95,0.91
2026-04-03,COMPINFO,0.959184,0.94,0.98
2026-06-26,COMPINFO,1.039683,1.31,1.26
2026-03-03,COMPUSOFT,1.037929,14.23,13.71
2026-03-31,COMPUSOFT,1.026294,12.49,12.17
2026-04-03,COMPUSOFT,0.919617,12.47,13.56
2026-06-26,COMSYN,1.023376,165.92,162.13
2026-01-26,CONCOR,1.030433,494.35,479.75
2026-03-03,CONCOR,1.03476,495.65,479.0
2026-03-26,CONCOR,0.97293,433.1,445.15
2026-03-31,CONCOR,1.030332,438.2,425.3
2026-02-02,CONCORDBIO,0.969622,1139.5,1175.2
2026-05-28,CONCORDBIO,1.035649,1138.8,1099.6
2025-10-22,CONFIPET,0.977132,41.02,41.98
2026-02-02,CONFIPET,0.974391,31.58,32.41
2026-03-03,CONFIPET,1.04544,31.75,30.37
2026-03-31,CONFIPET,1.029875,38.61,37.49
2026-04-03,CONFIPET,0.840428,44.03,52.39
2026-04-14,CONFIPET,1.024904,55.97,54.61
2026-05-01,CONFIPET,1.038609,56.76,54.65
2026-06-26,CONFIPET,1.021845,73.44,71.87
2025-11-05,CONNPLEX,1.050068,231.75,220.7
2026-01-26,CONNPLEX,1.046748,257.5,246.0
2026-02-02,CONNPLEX,0.94433,229.85,243.4
2026-03-03,CONNPLEX,1.05135,239.55,227.85
2026-03-26,CONNPLEX,0.978644,236.0,241.15
2026-03-31,CONNPLEX,1.056672,234.0,221.45
2026-05-28,CONNPLEX,0.928793,224.35,241.55
2026-03-03,CONS,1.023236,11.89,11.62
2026-03-31,CONS,1.023563,10.86,10.61
2025-11-05,CONSOFINVT,1.021191,183.12,179.32
2026-01-15,CONSOFINVT,1.021068,162.36,159.01
2026-01-26,CONSOFINVT,0.917803,153.42,167.16
2026-03-31,CONSOFINVT,1.052589,207.36,197.0
2026-03-26,CONSUMBEES,0.977908,116.86,119.5
2026-03-31,CONSUMBEES,1.021796,117.2,114.7
2026-03-03,CONSUMER,1.023831,11.17,10.91
2026-03-26,CONSUMER,0.976585,10.01,10.25
2026-03-31,CONSUMER,1.02572,9.97,9.72
2026-03-26,CONSUMIETF,0.979021,109.2,111.54
2026-03-31,CONSUMIETF,1.021645,109.03,106.72
2025-10-22,CONTI,0.954545,24.15,25.3
2025-11-05,CONTI,1.049065,22.45,21.4
2025-12-25,CONTI,0.959016,23.4,24.4
2026-02-02,CONTI,1.047619,22.0,21.0
2026-03-03,CONTI,1.050314,16.7,15.9
2026-04-14,CONTI,0.954386,13.6,14.25
2026-05-01,CONTI,1.050781,13.45,12.8
2026-03-31,CONTROLPR,1.086559,569.9,524.5
2026-04-03,CONTROLPR,0.965472,553.65,573.45
2026-05-01,CONTROLPR,1.024812,652.6,636.8
2025-11-05,COOLCAPS,1.025116,77.55,75.65
2025-12-25,COOLCAPS,1.06595,74.35,69.75
2026-01-26,COOLCAPS,1.020059,68.65,67.3
2026-02-02,COOLCAPS,0.959427,40.2,41.9
2026-03-03,COOLCAPS,1.050817,28.95,27.55
2026-03-26,COOLCAPS,0.975986,28.45,29.15
2026-03-31,COOLCAPS,1.043783,29.8,28.55
2026-04-14,COOLCAPS,0.957614,30.5,31.85
2025-12-25,CORALFINAC,0.962214,39.47,41.02
2026-03-03,CORALFINAC,1.023002,33.8,33.04
2026-03-26,CORALFINAC,0.970913,29.04,29.91
2026-03-31,CORALFINAC,1.100697,28.42,25.82
2026-04-03,CORALFINAC,0.97249,27.22,27.99
2026-05-01,CORALFINAC,1.027721,35.22,34.27
2025-11-05,CORDSCABLE,1.023022,191.08,186.78
2025-12-25,CORDSCABLE,1.03502,193.29,186.75
2026-01-26,CORDSCABLE,1.024669,158.67,154.85
2026-03-03,CORDSCABLE,1.027861,171.92,167.26
2026-03-31,CORDSCABLE,1.073791,139.26,129.69
2026-04-03,CORDSCABLE,0.978329,146.72,149.97
2026-04-14,CORDSCABLE,1.033261,162.47,157.24
2026-05-28,CORDSCABLE,0.94236,229.54,243.58
2026-02-02,COROMANDEL,0.971699,2218.0,2282.6
2026-03-26,COROMANDEL,0.962638,1940.1,2015.4
2026-04-03,COROMANDEL,1.021509,1918.7,1878.3
2026-04-14,COROMANDEL,1.029232,2154.8,2093.6
2026-01-15,CORONA,0.971326,1432.9,1475.2
2026-02-02,CORONA,0.979381,1448.7,1479.2
2026-04-03,CORONA,1.027882,1541.0,1499.2
2026-05-01,CORONA,0.978918,1690.2,1726.6
2026-06-26,CORONA,1.029208,1948.6,1893.3
2026-01-26,COSMOFIRST,1.061742,613.05,577.4
2026-02-02,COSMOFIRST,0.968682,576.85,595.5
2026-03-03,COSMOFIRST,1.03424,711.35,687.8
2026-05-28,COSMOFIRST,1.031678,771.85,748.15
2026-03-03,COUNCODOS,1.071429,5.55,5.18
2026-03-26,COUNCODOS,1.032995,4.07,3.94
2026-01-15,CPCAP,1.045995,114.39,109.36
2026-03-26,CPCAP,1.031883,83.5,80.92
2026-03-31,CPCAP,1.024934,77.28,75.4
2026-04-03,CPCAP,0.977644,83.09,84.99
2026-04-14,CPCAP,0.978375,85.51,87.4
2026-05-01,CPCAP,1.025941,97.29,94.83
2026-06-26,CPCAP,1.030178,109.58,106.37
2025-10-22,CPEDU,0.950428,294.3,309.65
2026-01-26,CPEDU,1.039412,212.3,204.25
2026-02-02,CPEDU,0.950376,208.37,219.25
2026-03-03,CPEDU,1.078501,202.37,187.64
2026-03-26,CPEDU,1.029287,163.07,158.43
2026-03-31,CPEDU,1.068997,151.99,142.18
2026-04-14,CPEDU,1.045105,195.79,187.34
2026-05-28,CPEDU,0.957005,184.3,192.58
2026-01-26,CPPLUS,1.025376,1430.4,1395.0
2026-03-03,CPPLUS,0.969297,1689.0,1742.5
2026-03-26,CPPLUS,0.924837,1673.4,1809.4
2026-04-14,CPPLUS,0.969399,1894.4,1954.2
2025-10-22,CPS,0.952434,767.9,806.25
2026-03-26,CPS,0.952422,945.85,993.1
2026-03-31,CPS,1.034479,993.1,960.0
2026-04-03,CPS,1.031149,960.0,931.0
2026-06-26,CPS,1.02581,1059.2,1032.55
2026-02-02,CPSEETF,0.963947,94.65,98.19
2026-01-15,CRAFTSMAN,0.979172,7686.5,7850.0
2026-01-26,CRAFTSMAN,1.05904,7623.5,7198.5
2026-03-26,CRAFTSMAN,0.970776,6843.0,7049.0
2025-11-05,CRAMC,0.977301,310.0,317.2
2026-01-26,CRAMC,1.053925,263.85,250.35
2026-03-03,CRAMC,1.037297,251.7,242.65
2026-03-26,CRAMC,0.9671,230.75,238.6
2026-03-31,CRAMC,1.067204,231.85,217.25
2025-10-22,CRAYONS,0.957854,50.0,52.2
2025-12-25,CRAYONS,1.047436,40.85,39.0
2026-01-15,CRAYONS,1.04875,41.95,40.0
2026-01-26,CRAYONS,1.075524,38.45,35.75
2026-02-02,CRAYONS,0.913259,36.85,40.35
2026-03-03,CRAYONS,0.962121,38.1,39.6
2026-03-26,CRAYONS,1.103846,28.7,26.0
2026-03-31,CRAYONS,0.977778,24.2,24.75
2026-04-14,CRAYONS,1.067251,36.5,34.2
2026-05-01,CRAYONS,1.081917,35.0,32.35
2026-05-28,CRAYONS,0.925099,35.2,38.05
2025-11-05,CREATIVE,0.977022,699.45,715.9
2025-12-25,CREATIVEYE,0.909444,7.03,7.73
2026-03-03,CREATIVEYE,1.047619,6.6,6.3
2026-03-31,CREATIVEYE,1.07231,6.08,5.67
2026-04-03,CREATIVEYE,0.978896,6.03,6.16
2026-04-14,CREATIVEYE,1.046105,6.58,6.29
2026-05-28,CREATIVEYE,0.979827,6.8,6.94
2025-11-05,CREDITACC,1.022716,1409.2,1377.9
2026-01-26,CREDITACC,1.040999,1449.8,1392.7
2026-02-02,CREDITACC,0.959894,1273.3,1326.5
2026-03-03,CREDITACC,1.044843,1265.2,1210.9
2025-10-22,CREST,0.956177,355.65,371.95
2025-12-25,CREST,0.979648,392.3,400.45
2026-01-15,CREST,0.978679,376.4,384.6
2026-03-03,CREST,1.04975,346.05,329.65
2026-03-31,CREST,0.953979,309.9,324.85
2026-03-31,CRISIL,1.021695,3842.8,3761.2
2026-04-03,CRISIL,1.029413,3814.9,3705.9
2025-12-25,CRIZAC,1.023321,291.8,285.15
2026-01-15,CRIZAC,1.025956,258.9,252.35
2026-01-26,CRIZAC,0.970771,219.2,225.8
2026-03-26,CRIZAC,0.978429,189.6,193.78
2026-03-31,CRIZAC,1.07094,189.46,176.91
2026-05-28,CRIZAC,1.050631,238.84,227.33
2026-02-02,CROMPTON,1.020095,225.9,221.45
2026-03-26,CROMPTON,0.979386,237.55,242.55
2026-03-31,CROMPTON,1.038909,232.3,223.6
2025-11-05,CROWN,1.029075,146.53,142.39
2026-01-15,CROWN,1.034908,118.29,114.3
2026-02-02,CROWN,0.967094,110.8,114.57
2026-03-03,CROWN,1.038186,120.44,116.01
2026-03-26,CROWN,0.960953,113.7,118.32
2026-03-31,CROWN,1.065901,112.25,105.31
2025-11-05,CSBBANK,0.976353,408.75,418.65
2026-02-02,CSBBANK,0.9548,418.25,438.05
2026-03-03,CSBBANK,1.041951,397.4,381.4
2026-03-31,CSBBANK,1.038913,353.75,340.5
2026-04-03,CSBBANK,0.975613,360.05,369.05
2026-05-01,CSBBANK,1.025134,391.55,381.95
2026-06-26,CSBBANK,1.058996,343.75,324.6
2025-11-05,CSLFINANCE,1.039351,278.65,268.1
2026-02-02,CSLFINANCE,0.960723,262.95,273.7
2026-03-03,CSLFINANCE,1.033366,263.25,254.75
2026-03-26,CSLFINANCE,0.973506,229.65,235.9
2026-01-15,CSSL,1.032097,144.7,140.2
2026-01-26,CSSL,1.029474,144.95,140.8
2026-02-02,CSSL,0.963178,149.1,154.8
2026-03-31,CSSL,1.065263,101.2,95.0
2026-05-28,CSSL,1.035987,95.0,91.7
2026-06-26,CSSL,1.020103,98.95,97.0
2025-10-22,CTE,1.023499,50.96,49.79
2026-01-26,CTE,1.029156,36.71,35.67
2026-02-02,CTE,0.963943,33.15,34.39
2026-03-03,CTE,1.036211,28.33,27.34
2026-03-26,CTE,1.023039,23.09,22.57
2026-03-31,CTE,1.033744,22.67,21.93
2026-04-03,CTE,0.91535,22.6,24.69
2026-05-28,CTE,1.031853,32.07,31.08
2025-11-05,CUB,0.912585,236.04,258.65
2025-12-25,CUB,0.974835,288.6,296.05
2026-01-26,CUB,1.028136,283.2,275.45
2026-02-02,CUB,0.940348,283.75,301.75
2026-03-03,CUB,1.020552,283.05,277.35
2026-03-26,CUB,0.931212,235.55,252.95
2026-03-31,CUB,1.057744,253.7,239.85
2026-04-14,CUB,1.030786,257.14,249.46
2026-05-01,CUB,1.026954,277.37,270.09
2026-06-26,CUB,1.028916,204.6,198.85
2025-10-22,CUBEXTUB,0.968609,94.42,97.48
2026-02-02,CUBEXTUB,0.925914,118.73,128.23
2026-03-03,CUBEXTUB,1.041401,106.15,101.93
2026-03-31,CUBEXTUB,1.076413,79.59,73.94
2026-05-01,CUBEXTUB,1.021465,100.41,98.3
2025-11-05,CUDML,0.964286,140.4,145.6
2026-01-15,CUDML,0.969305,120.0,123.8
2026-03-03,CUDML,1.0375,99.6,96.0
2026-03-26,CUDML,0.968517,90.75,93.7
2026-03-31,CUDML,0.913978,85.0,93.0
2026-04-03,CUDML,1.043771,93.0,89.1
2026-04-14,CUDML,0.945371,113.35,119.9
2026-05-01,CUDML,0.959273,142.5,148.55
2026-05-28,CUDML,0.949408,148.25,156.15
2026-06-26,CUDML,1.028027,188.9,183.75
2026-01-26,CUMMINSIND,1.034958,4067.8,3930.4
2026-02-02,CUMMINSIND,0.977726,4020.9,4112.5
2026-03-26,CUMMINSIND,0.974887,4619.6,4738.6
2026-03-31,CUMMINSIND,1.029199,4631.5,4500.1
2026-04-14,CUMMINSIND,1.029511,5138.7,4991.4
2026-05-28,CUMMINSIND,0.898963,5418.5,6027.5
2026-01-15,CUPID,0.944068,438.85,464.85
2026-01-26,CUPID,1.032729,410.2,397.2
2026-03-03,CUPID,1.057615,406.6,384.45
2026-05-01,CUPID,0.968724,115.84,119.58
2025-10-22,CURAA,1.020419,166.91,163.57
2025-11-05,CURAA,0.952397,168.06,176.46
2026-01-15,CURAA,1.032376,104.27,101.0
2026-01-26,CURAA,1.052526,83.76,79.58
2026-02-02,CURAA,1.049944,84.51,80.49
2026-03-26,CURAA,1.020366,118.74,116.37
2026-03-31,CURAA,1.020399,114.05,111.77
2026-04-03,CURAA,1.020408,111.0,108.78
2026-04-14,CURAA,1.020345,108.33,106.17
2026-06-26,CURAA,1.020307,82.4,80.76
2025-12-25,CURIS,1.025641,120.0,117.0
2026-03-26,CURIS,0.967865,88.85,91.8
2026-04-03,CURIS,1.110617,99.9,89.95
2026-04-14,CURIS,0.978112,107.25,109.65
2026-01-26,CURRENT,1.024051,136.25,133.05
2026-02-04,CURRENT,0.976744,126.0,129.0
2026-03-26,CURRENT,0.902256,114.0,126.35
2026-03-31,CURRENT,0.897644,110.5,123.1
2026-04-14,CURRENT,1.041667,125.0,120.0
2026-05-28,CURRENT,1.056388,119.9,113.5
2025-11-05,CYBERMEDIA,0.972285,17.19,17.68
2025-12-25,CYBERMEDIA,0.954965,16.54,17.32
2026-01-15,CYBERMEDIA,0.977245,15.89,16.26
2026-01-26,CYBERMEDIA,1.025949,16.21,15.8
2026-03-03,CYBERMEDIA,1.068433,14.52,13.59
2026-03-31,CYBERMEDIA,1.086842,12.39,11.4
2026-04-03,CYBERMEDIA,0.942857,12.54,13.3
2025-11-05,CYBERTECH,0.952394,175.65,184.43
2026-01-15,CYBERTECH,0.970281,134.51,138.63
2026-01-26,CYBERTECH,1.023618,129.59,126.6
2026-02-02,CYBERTECH,1.024614,131.54,128.38
2026-03-03,CYBERTECH,1.054921,113.52,107.61
2026-03-26,CYBERTECH,0.958679,101.62,106.0
2026-03-31,CYBERTECH,1.044672,103.13,98.72
2026-05-28,CYBERTECH,0.976194,147.62,151.22
2026-06-26,CYBERTECH,1.030903,155.79,151.12
2025-12-25,CYIENT,1.020596,1144.7,1121.6
2026-01-26,CYIENT,1.04476,1134.4,1085.8
2026-03-26,CYIENT,0.978853,798.45,815.7
2026-03-31,CYIENT,1.042372,784.75,752.85
2026-04-03,CYIENT,0.969684,780.45,804.85
2026-05-01,CYIENT,0.968397,844.2,871.75
2026-01-26,CYIENTDLM,1.020014,366.95,359.75
2026-03-03,CYIENTDLM,1.031003,312.6,303.2
2026-03-26,CYIENTDLM,0.964358,284.1,294.6
2026-03-31,CYIENTDLM,1.024238,278.9,272.3
2025-11-05,DABUR,0.973407,503.3,517.05
2026-03-03,DABUR,1.021474,518.5,507.6
2026-03-26,DABUR,0.977726,421.4,431.0
2026-03-31,DABUR,1.022293,419.6,410.45
2026-04-14,DABUR,1.02578,435.7,424.75
2026-05-01,DABUR,1.032843,456.0,441.5
2026-05-01,DAICHI,1.022999,269.1,263.05
2026-05-28,DAICHI,1.02134,241.7,236.65
2026-06-26,DAICHI,1.052285,331.07,314.62
2025-12-25,DALBHARAT,0.976297,2059.4,2109.4
2026-01-15,DALBHARAT,0.967023,2105.5,2177.3
2026-01-26,DALBHARAT,1.028203,2143.7,2084.9
2026-02-02,DALBHARAT,0.968627,2000.7,2065.5
2026-03-26,DALBHARAT,0.951645,1792.9,1884.0
2026-03-31,DALBHARAT,1.043952,1857.4,1779.2
2026-05-01,DALBHARAT,1.022767,1949.7,1906.3
2025-11-05,DALMIASUG,0.97517,329.9,338.3
2026-01-26,DALMIASUG,1.028801,282.2,274.3
2026-03-26,DALMIASUG,0.933293,308.5,330.55
2026-03-31,DALMIASUG,0.875998,345.45,394.35
2026-04-03,DALMIASUG,1.036071,383.45,370.1
2026-05-01,DALMIASUG,0.950692,377.9,397.5
2026-03-03,DAMCAPITAL,1.044194,150.27,143.91
2026-03-26,DAMCAPITAL,0.944929,127.83,135.28
2026-03-31,DAMCAPITAL,1.065228,131.3,123.26
2026-03-03,DAMODARIND,1.04758,25.54,24.38
2026-03-31,DAMODARIND,1.085957,21.73,20.01
2026-05-01,DAMODARIND,1.029393,32.92,31.98
2026-05-28,DAMODARIND,0.966519,30.6,31.66
2026-01-15,DANGEE,1.020528,3.48,3.41
2026-03-26,DANGEE,0.904437,2.65,2.93
2026-03-31,DANGEE,0.963504,2.64,2.74
2026-04-03,DANGEE,0.95114,2.92,3.07
2026-04-14,DANGEE,1.066246,3.38,3.17
2026-05-01,DANGEE,1.047486,3.75,3.58
2026-05-28,DANGEE,0.953757,3.3,3.46
2025-11-05,DANISH,0.973562,858.0,881.3
2026-01-26,DANISH,1.035642,643.6,621.45
2026-03-03,DANISH,1.029995,685.05,665.1
2026-03-31,DANISH,1.048918,584.3,557.05
2026-05-01,DANISH,0.978156,879.9,899.55
2025-12-25,DATAMATICS,1.022029,862.95,844.35
2026-01-15,DATAMATICS,1.035031,735.7,710.8
2026-01-26,DATAMATICS,1.046488,678.7,648.55
2026-03-03,DATAMATICS,1.050266,769.95,733.1
2026-03-26,DATAMATICS,0.960249,686.05,714.45
2026-03-31,DATAMATICS,1.05869,674.65,637.25
2025-10-22,DATAPATTNS,0.978888,2782.0,2842.0
2026-01-26,DATAPATTNS,1.050813,2293.4,2182.5
2026-02-02,DATAPATTNS,0.924807,2470.9,2671.8
2026-03-31,DATAPATTNS,1.038777,3153.0,3035.3
2026-04-14,DATAPATTNS,0.978014,3269.6,3343.1
2026-06-26,DATAPATTNS,1.025185,4620.1,4506.6
2026-01-15,DAVANGERE,0.970238,4.89,5.04
2026-02-02,DAVANGERE,0.972028,4.17,4.29
2026-03-26,DAVANGERE,0.979695,3.86,3.94
2026-03-31,DAVANGERE,1.040323,3.87,3.72
2026-01-26,DBCORP,1.024351,256.6,250.5
2026-03-03,DBCORP,1.025193,224.63,219.11
2026-03-31,DBCORP,1.047161,194.73,185.96
2026-04-03,DBCORP,0.967165,192.64,199.18
2025-10-22,DBEIL,0.96876,152.26,157.17
2026-02-02,DBEIL,1.023148,90.17,88.13
2026-03-03,DBEIL,1.048189,76.13,72.63
2026-03-31,DBEIL,1.114073,59.77,53.65
2026-05-28,DBEIL,0.917821,78.85,85.91
2026-06-26,DBEIL,0.97006,8.1,8.35
2025-11-05,DBL,0.975376,499.1,511.7
2026-03-26,DBL,0.976076,395.75,405.45
2025-12-25,DBOL,1.021759,77.01,75.37
2026-01-26,DBOL,0.833333,79.8,95.76
2026-03-03,DBOL,1.025497,102.56,100.01
2026-03-26,DBOL,0.964311,96.73,100.31
2026-03-31,DBOL,0.913437,106.05,116.1
2026-05-01,DBOL,0.955069,119.46,125.08
2025-11-05,DBREALTY,1.023092,151.08,147.67
2025-12-25,DBREALTY,1.02487,124.04,121.03
2026-02-02,DBREALTY,0.944762,100.74,106.63
2026-03-03,DBREALTY,1.05196,113.78,108.16
2026-03-31,DBREALTY,1.09289,91.77,83.97
2026-05-28,DBREALTY,0.979631,117.83,120.28
2026-06-26,DBREALTY,1.039217,117.39,112.96
2025-12-25,DBSTOCKBRO,0.979158,24.43,24.95
2026-03-03,DBSTOCKBRO,1.043793,25.98,24.89
2026-05-28,DBSTOCKBRO,1.051885,32.64,31.03
2026-06-26,DBSTOCKBRO,0.961613,29.81,31.0
2025-10-22,DCAL,0.974944,282.1,289.35
2026-01-15,DCAL,1.036283,263.33,254.11
2026-01-26,DCAL,1.043474,218.42,209.32
2026-03-26,DCAL,0.93522,144.08,154.06
2026-03-31,DCAL,1.097869,142.69,129.97
2026-06-26,DCAL,1.024703,174.22,170.02
2025-10-22,DCBBANK,0.915981,144.78,158.06
2026-01-26,DCBBANK,1.032203,188.79,182.9
2026-02-02,DCBBANK,0.906345,180.97,199.67
2026-03-03,DCBBANK,1.023271,185.56,181.34
2026-03-31,DCBBANK,1.049896,166.23,158.33
2026-05-01,DCBBANK,1.033358,192.99,186.76
2026-01-15,DCCL,0.884306,43.95,49.7
2026-03-03,DCCL,1.053488,45.3,43.0
2026-05-01,DCCL,1.022819,38.1,37.25
2026-06-26,DCCL,1.055556,38.0,36.0
2025-11-05,DCG,1.045995,65.95,63.05
2026-01-26,DCG,1.040413,60.5,58.15
2026-03-31,DCG,1.068394,51.55,48.25
2026-04-03,DCG,0.974061,54.45,55.9
2026-04-14,DCG,1.056106,64.0,60.6
2026-05-01,DCG,0.967383,65.25,67.45
2026-01-15,DCI,1.023111,242.6,237.12
2026-03-03,DCI,1.029599,250.45,243.25
2026-03-26,DCI,0.976573,291.8,298.8
2026-04-14,DCI,1.052528,347.65,330.3
2026-05-28,DCI,1.035231,290.9,281.0
2026-01-26,DCM,1.029135,90.78,88.21
2026-03-03,DCM,1.101896,77.86,70.66
2026-03-31,DCM,1.042261,57.71,55.37
2026-04-14,DCM,0.979824,67.99,69.39
2025-10-22,DCMFINSERV,0.977113,5.55,5.68
2026-01-26,DCMFINSERV,0.967462,4.46,4.61
2026-03-03,DCMFINSERV,1.04038,4.38,4.21
2026-03-26,DCMFINSERV,1.052448,6.02,5.72
2026-03-31,DCMFINSERV,1.052224,5.44,5.17
2026-04-03,DCMFINSERV,1.051282,4.92,4.68
2026-04-14,DCMFINSERV,1.041293,5.8,5.57
2026-05-28,DCMFINSERV,0.952632,5.43,5.7
2025-10-22,DCMNVL,0.915852,150.85,164.71
2026-01-15,DCMNVL,1.022259,128.59,125.79
2026-03-31,DCMNVL,1.026753,100.17,97.56
2026-04-03,DCMNVL,0.967226,102.11,105.57
2025-11-05,DCMSHRIRAM,1.022496,1277.2,1249.1
2026-02-02,DCMSHRIRAM,0.979114,1153.2,1177.8
2026-03-03,DCMSHRIRAM,1.023788,1037.2,1013.1
2026-03-26,DCMSHRIRAM,0.95865,1073.4,1119.7
2026-05-01,DCMSHRIRAM,0.948921,1164.8,1227.5
2026-03-03,DCMSIL,0.952431,63.67,66.85
2026-03-26,DCMSIL,1.052562,79.7,75.72
2026-03-31,DCMSIL,1.052524,71.94,68.35
2026-04-03,DCMSIL,1.03538,66.43,64.16
2026-04-14,DCMSIL,1.029191,71.22,69.2
2026-05-01,DCMSIL,0.952403,62.43,65.55
2026-01-26,DCMSRIND,1.025792,40.17,39.16
2026-02-02,DCMSRIND,1.074113,40.87,38.05
2026-03-03,DCMSRIND,1.024845,36.3,35.42
2026-03-31,DCMSRIND,0.974329,33.4,34.28
2026-05-01,DCMSRIND,0.924643,39.51,42.73
2025-11-05,DCW,0.926822,62.82,67.78
2026-01-26,DCW,1.084544,50.03,46.13
2026-03-26,DCW,0.978139,40.27,41.17
2026-03-31,DCW,1.052758,39.51,37.53
2026-04-14,DCW,0.95741,44.51,46.49
2026-06-26,DCW,1.029467,49.61,48.19
2026-01-26,DCXINDIA,1.033089,164.85,159.57
2026-02-02,DCXINDIA,0.961997,170.36,177.09
2026-03-31,DCXINDIA,1.063152,163.97,154.23
2026-06-26,DCXINDIA,1.032671,197.55,191.3
2025-10-22,DDEVPLSTIK,0.97871,308.0,314.7
2026-01-15,DDEVPLSTIK,0.975125,282.25,289.45
2026-01-26,DDEVPLSTIK,0.942014,277.8,294.9
2026-03-03,DDEVPLSTIK,1.025544,271.0,264.25
2026-03-31,DDEVPLSTIK,1.082651,205.0,189.35
2026-06-26,DDEVPLSTIK,1.033807,281.64,272.43
2026-01-26,DECCANCE,1.050115,683.1,650.5
2026-03-03,DECCANCE,1.024707,738.25,720.45
2026-03-31,DECCANCE,1.056381,576.15,545.4
2026-02-02,DECCANTRAN,1.043478,24.0,23.0
2026-03-03,DECCANTRAN,0.977273,21.5,22.0
2026-03-31,DECCANTRAN,1.066265,17.7,16.6
2026-05-01,DECCANTRAN,1.036145,21.5,20.75
2026-05-28,DECNGOLD,1.060884,176.86,166.71
2026-06-26,DECNGOLD,1.091573,212.18,194.38
2025-11-05,DEEDEV,1.050548,258.75,246.3
2026-01-15,DEEDEV,1.022472,213.39,208.7
2026-01-26,DEEDEV,1.034278,197.03,190.5
2026-03-03,DEEDEV,1.079355,294.34,272.7
2026-03-26,DEEDEV,0.943016,262.3,278.15
2026-03-31,DEEDEV,1.036452,278.65,268.85
2026-04-03,DEEDEV,0.960957,289.2,300.95
2026-04-14,DEEDEV,0.9375,343.5,366.4
2026-05-28,DEEDEV,0.955056,539.75,565.15
2025-10-22,DEEM,1.02,51.0,50.0
2025-12-25,DEEM,0.918891,44.75,48.7
2026-01-26,DEEM,0.957447,45.0,47.0
2026-03-03,DEEM,1.044236,38.95,37.3
2026-03-31,DEEM,1.086003,32.2,29.65
2026-04-03,DEEM,0.926756,31.0,33.45
2026-02-02,DEEPAKFERT,0.937867,990.2,1055.8
2026-03-26,DEEPAKFERT,0.921926,921.05,999.05
2026-03-31,DEEPAKFERT,1.04571,950.55,909.0
2026-05-01,DEEPAKFERT,0.979806,1239.7,1265.25
2026-06-26,DEEPAKFERT,1.023174,1602.7,1566.4
2025-12-25,DEEPAKNTR,0.973628,1694.6,1740.5
2026-01-26,DEEPAKNTR,1.023408,1600.2,1563.6
2026-02-02,DEEPAKNTR,0.968097,1590.1,1642.5
2026-03-03,DEEPAKNTR,1.022511,1580.7,1545.9
2026-03-26,DEEPAKNTR,0.964951,1321.5,1369.5
2026-03-31,DEEPAKNTR,1.04585,1345.8,1286.8
2026-01-26,DEEPINDS,1.021771,352.0,344.5
2026-02-02,DEEPINDS,0.976066,362.95,371.85
2026-03-03,DEEPINDS,0.946292,347.1,366.8
2026-03-26,DEEPINDS,0.946339,403.85,426.75
2026-04-03,DEEPINDS,1.020508,447.85,438.85
2026-05-28,DEEPINDS,0.943344,459.55,487.15
2026-06-26,DEEPINDS,1.021693,485.1,474.8
2026-03-31,DEFENCE,1.023969,61.09,59.66
2026-01-26,DELAPLEX,1.032258,120.0,116.25
2026-02-02,DELAPLEX,0.974771,106.25,109.0
2026-03-03,DELAPLEX,0.965404,103.25,106.95
2026-03-26,DELAPLEX,1.024636,91.5,89.3
2026-03-31,DELAPLEX,1.034714,84.95,82.1
2026-05-01,DELAPLEX,1.072357,123.75,115.4
2026-05-28,DELAPLEX,1.095421,128.0,116.85
2025-11-05,DELHIVERY,0.974013,472.25,484.85
2026-02-02,DELHIVERY,1.032746,436.8,422.95
2026-03-26,DELHIVERY,0.973394,418.9,430.35
2026-03-31,DELHIVERY,1.028918,428.75,416.7
2026-06-26,DELHIVERY,1.034961,481.05,464.8
2026-01-26,DELPHIFX,1.046134,235.83,225.43
2026-02-02,DELPHIFX,0.971712,218.47,224.83
2026-03-03,DELPHIFX,1.080488,13.29,12.3
2026-03-31,DELPHIFX,1.069825,8.58,8.02
2026-04-03,DELPHIFX,0.97397,8.98,9.22
2026-05-28,DELPHIFX,1.029923,10.67,10.36
2026-01-15,DELTACORP,0.952983,69.32,72.74
2026-01-26,DELTACORP,1.034494,66.28,64.07
2026-03-03,DELTACORP,1.03235,61.27,59.35
2026-03-26,DELTACORP,0.96889,52.01,53.68
2026-03-31,DELTACORP,1.123227,55.42,49.34
2026-04-03,DELTACORP,0.973646,54.31,55.78
2026-05-28,DELTACORP,0.915114,74.17,81.05
2025-10-22,DELTAMAGNT,0.970999,79.35,81.72
2025-12-25,DELTAMAGNT,1.025414,70.61,68.86
2026-02-02,DELTAMAGNT,1.026122,65.6,63.93
2026-03-03,DELTAMAGNT,1.061012,61.04,57.53
2026-03-31,DELTAMAGNT,1.087662,50.25,46.2
2026-04-03,DELTAMAGNT,0.95127,50.17,52.74
2026-04-14,DELTAMAGNT,1.021456,59.51,58.26
2026-06-26,DELTAMAGNT,1.025814,62.39,60.82
2025-11-05,DELTIC,0.976251,57.55,58.95
2025-12-25,DELTIC,1.051567,52.0,49.45
2026-01-15,DELTIC,1.029445,45.45,44.15
2026-01-26,DELTIC,1.05905,41.25,38.95
2026-02-02,DELTIC,0.95125,38.05,40.0
2026-03-03,DELTIC,1.051656,39.7,37.75
2026-03-26,DELTIC,0.949081,33.55,35.35
2026-03-31,DELTIC,1.144112,32.55,28.45
2026-04-03,DELTIC,1.031299,32.95,31.95
2026-04-14,DELTIC,0.938776,41.4,44.1
2026-05-01,DELTIC,1.04662,44.9,42.9
2026-01-26,DEN,1.04189,29.1,27.93
2026-03-03,DEN,1.028624,28.03,27.25
2026-03-26,DEN,0.975524,25.11,25.74
2026-03-31,DEN,1.047433,24.07,22.98
2026-06-26,DEN,1.041613,32.54,31.24
2025-10-22,DENEERS,1.024086,176.45,172.3
2026-01-15,DENEERS,0.976105,163.4,167.4
2026-01-26,DENEERS,0.952381,143.0,150.15
2026-02-02,DENEERS,0.965353,142.1,147.2
2026-03-03,DENEERS,1.048105,143.8,137.2
2026-03-31,DENEERS,1.052632,152.0,144.4
2026-04-14,DENEERS,0.972807,166.35,171.0
2026-05-01,DENEERS,1.023055,177.5,173.5
2026-05-28,DENEERS,1.06376,226.9,213.3
2026-06-26,DENEERS,1.020262,198.9,194.95
2025-10-22,DENORA,0.967857,785.9,812.0
2026-02-02,DENORA,0.926206,570.45,615.9
2026-03-03,DENORA,1.023867,703.55,687.15
2026-04-14,DENORA,1.027991,758.4,737.75
2026-05-01,DENORA,0.954362,816.6,855.65
2026-06-26,DENORA,1.021304,949.2,929.4
2025-11-05,DENTA,1.02933,405.35,393.8
2026-01-26,DENTA,1.05302,271.1,257.45
2026-02-02,DENTA,0.967682,259.0,267.65
2026-03-03,DENTA,1.037083,250.3,241.35
2026-03-31,DENTA,1.05139,236.3,224.75
2026-04-03,DENTA,0.971395,238.05,245.06
2026-04-14,DENTA,0.960495,265.26,276.17
2026-05-28,DENTA,1.021795,257.85,252.35
2026-06-26,DENTA,0.972748,315.9,324.75
2026-01-15,DENTALKART,0.966667,580.0,600.0
2026-03-26,DENTALKART,1.10289,395.0,358.15
2026-03-31,DENTALKART,1.044402,351.65,336.7
2026-05-28,DENTALKART,1.092152,443.25,405.85
2025-10-22,DESTINY,0.964413,135.5,140.5
2026-01-15,DESTINY,0.962343,115.0,119.5
2026-01-26,DESTINY,0.964348,110.9,115.0
2025-10-22,DEVIT,0.966012,40.36,41.78
2025-11-05,DEVIT,0.966081,40.16,41.57
2025-12-25,DEVIT,1.038877,40.35,38.84
2026-01-26,DEVIT,1.034038,31.29,30.26
2026-03-03,DEVIT,0.96387,23.21,24.08
2026-03-26,DEVIT,0.965879,25.76,26.67
2026-03-31,DEVIT,1.082221,25.14,23.23
2026-04-14,DEVIT,1.03836,31.4,30.24
2026-05-01,DEVIT,1.034682,32.22,31.14
2025-10-22,DEVX,0.938329,42.45,45.24
2025-12-25,DEVX,1.029861,43.11,41.86
2026-03-03,DEVX,1.032103,43.08,41.74
2026-03-31,DEVX,1.08209,33.35,30.82
2026-04-03,DEVX,0.966562,33.82,34.99
2026-04-14,DEVX,0.979793,37.82,38.6
2025-12-25,DEVYANI,0.978577,142.06,145.17
2026-01-26,DEVYANI,1.050266,120.35,114.59
2026-03-03,DEVYANI,1.039902,127.44,122.55
2026-03-31,DEVYANI,1.052543,99.56,94.59
2026-05-01,DEVYANI,1.02293,127.59,124.73
2026-06-26,DEVYANI,1.022067,115.33,112.84
2025-11-05,DGCONTENT,0.897171,32.98,36.76
2026-03-03,DGCONTENT,1.029762,27.68,26.88
2026-03-31,DGCONTENT,1.059199,23.26,21.96
2026-05-28,DGCONTENT,0.949353,26.43,27.84
2026-01-26,DHAMPURSUG,1.020631,114.28,111.97
2026-03-26,DHAMPURSUG,0.977534,120.96,123.74
2026-03-31,DHAMPURSUG,0.94216,133.57,141.77
2026-05-01,DHAMPURSUG,0.927454,144.08,155.35
2026-06-26,DHAMPURSUG,1.020548,139.56,136.75
2025-10-22,DHANBANK,0.964074,26.03,27.0
2026-01-26,DHANBANK,1.027027,24.7,24.05
2026-03-31,DHANBANK,1.068737,20.99,19.64
2026-05-28,DHANBANK,0.970106,33.1,34.12
2026-06-26,DHANBANK,1.074688,34.39,32.0
2025-10-22,DHANLAXMI,0.965937,39.7,41.1
2025-12-25,DHANLAXMI,0.952459,29.05,30.5
2026-01-15,DHANLAXMI,0.934579,30.0,32.1
2026-02-02,DHANLAXMI,0.950086,27.6,29.05
2026-04-03,DHANLAXMI,0.953535,23.6,24.75
2026-04-14,DHANLAXMI,1.029982,29.2,28.35
2026-06-26,DHANLAXMI,1.02862,30.55,29.7
2026-06-26,DHANSA,0.97381,20.45,21.0
2026-01-26,DHANUKA,1.023012,1111.4,1086.4
2026-02-02,DHANUKA,0.973988,1089.6,1118.7
2026-03-31,DHANUKA,1.041963,936.1,898.4
2026-04-03,DHANUKA,0.979385,943.05,962.9
2026-05-01,DHANUKA,0.977956,1055.85,1079.65
2025-10-22,DHARAN,1.021739,0.47,0.46
2025-11-05,DHARAN,0.958333,0.46,0.48
2025-12-25,DHARAN,0.962963,0.26,0.27
2026-03-31,DHARAN,1.090909,0.12,0.11
2026-04-03,DHARAN,0.923077,0.12,0.13
2026-04-14,DHARAN,1.0625,0.17,0.16
2026-03-26,DHARARAIL,0.977121,102.5,104.9
2026-03-31,DHARARAIL,1.087729,97.95,90.05
2026-04-14,DHARARAIL,1.026957,118.1,115.0
2026-05-01,DHARARAIL,1.020307,113.05,110.8
2026-06-26,DHARARAIL,0.977159,156.15,159.8
2025-10-22,DHARIWAL,0.979932,202.65,206.8
2025-11-05,DHARIWAL,0.909767,195.6,215.0
2026-01-15,DHARIWAL,0.965601,336.85,348.85
2026-03-03,DHARIWAL,0.95325,41.8,43.85
2026-03-31,DHARIWAL,1.022831,44.8,43.8
2026-04-03,DHARIWAL,1.051932,43.55,41.4
2026-04-14,DHARIWAL,1.030928,40.0,38.8
2026-05-01,DHARIWAL,1.038961,40.0,38.5
2026-06-26,DHARIWAL,1.027174,37.8,36.8
2025-11-05,DHARMAJ,1.028921,265.05,257.6
2026-01-26,DHARMAJ,1.038837,236.46,227.62
2026-02-02,DHARMAJ,0.969767,236.08,243.44
2026-04-03,DHARMAJ,0.969649,237.69,245.13
2026-01-15,DHRUV,1.025787,44.95,43.82
2026-03-03,DHRUV,0.909121,27.71,30.48
2026-04-03,DHRUV,0.928751,29.59,31.86
2026-04-14,DHRUV,1.02928,34.45,33.47
2026-05-28,DHRUV,1.03,30.9,30.0
2025-11-05,DHTL,1.020356,120.3,117.9
2025-12-25,DHTL,0.952998,58.8,61.7
2026-03-03,DHTL,1.052326,45.25,43.0
2026-05-28,DHTL,1.052632,51.0,48.45
2025-12-25,DHUNINV,0.928391,1248.5,1344.8
2026-03-03,DHUNINV,1.041909,978.3,938.95
2026-05-01,DHUNINV,1.021851,935.3,915.3
2026-01-26,DIACABS,1.046515,129.14,123.4
2026-02-02,DIACABS,0.976824,119.7,122.54
2026-03-26,DIACABS,0.945017,121.0,128.04
2026-03-31,DIACABS,1.034758,122.95,118.82
2026-05-01,DIACABS,1.022433,161.34,157.8
2026-05-28,DIACABS,1.042634,206.65,198.2
2026-02-02,DIAMINESQ,0.973503,248.0,254.75
2026-03-03,DIAMINESQ,1.036562,240.7,232.21
2026-04-14,DIAMINESQ,0.972663,256.89,264.11
2026-06-26,DIAMINESQ,1.028884,247.92,240.96
2026-02-02,DIAMONDYD,0.972746,1088.6,1119.1
2026-03-03,DIAMONDYD,1.056713,1075.1,1017.4
2026-03-26,DIAMONDYD,0.97516,883.3,905.8
2026-03-31,DIAMONDYD,0.920751,931.8,1012.0
2026-04-14,DIAMONDYD,1.043551,994.4,952.9
2026-05-28,DIAMONDYD,0.97034,1110.7,1144.65
2026-06-26,DIAMONDYD,0.972571,1099.2,1130.2
2025-10-22,DICIND,0.979109,494.45,505.0
2026-02-02,DICIND,0.976137,544.05,557.35
2026-03-31,DICIND,1.05008,490.65,467.25
2026-04-03,DICIND,1.030686,502.15,487.2
2026-06-26,DICIND,1.02953,524.7,509.65
2025-10-22,DIFFNKG,0.967641,369.3,381.65
2025-12-25,DIFFNKG,0.975452,323.85,332.0
2026-01-15,DIFFNKG,1.02427,301.75,294.6
2026-01-26,DIFFNKG,1.021853,264.2,258.55
2026-03-03,DIFFNKG,1.054683,264.04,250.35
2026-03-31,DIFFNKG,1.04944,262.15,249.8
2026-04-03,DIFFNKG,0.95888,269.57,281.13
2026-05-28,DIFFNKG,0.962007,324.1,336.9
2025-10-22,DIGIDRIVE,0.97187,28.33,29.15
2025-12-25,DIGIDRIVE,0.97801,26.24,26.83
2026-03-03,DIGIDRIVE,1.028142,21.19,20.61
2026-05-28,DIGIDRIVE,1.030351,19.69,19.11
2025-11-05,DIGIKORE,1.099353,93.5,85.05
2025-12-25,DIGIKORE,1.030641,74.0,71.8
2026-01-15,DIGIKORE,1.05117,71.9,68.4
2026-03-03,DIGIKORE,1.041388,85.55,82.15
2026-03-26,DIGIKORE,0.97844,77.15,78.85
2026-03-31,DIGIKORE,1.06032,72.95,68.8
2026-05-01,DIGIKORE,0.94534,67.45,71.35
2026-05-28,DIGIKORE,1.031329,60.9,59.05
2026-06-26,DIGIKORE,1.060389,51.8,48.85
2025-12-25,DIGISPICE,1.023191,25.59,25.01
2026-01-26,DIGISPICE,1.091707,22.38,20.5
2026-03-03,DIGISPICE,1.058528,18.99,17.94
2026-03-31,DIGISPICE,1.078674,16.59,15.38
2026-05-28,DIGISPICE,0.97952,19.61,20.02
2025-11-05,DIGITIDE,1.020792,157.6,154.39
2025-12-25,DIGITIDE,0.966432,134.45,139.12
2026-01-26,DIGITIDE,1.021391,112.21,109.86
2026-02-02,DIGITIDE,1.032168,118.4,114.71
2026-03-03,DIGITIDE,1.063251,98.17,92.33
2026-03-26,DIGITIDE,0.907674,74.52,82.1
2026-03-31,DIGITIDE,1.022597,76.93,75.23
2026-04-14,DIGITIDE,1.032645,92.05,89.14
2026-02-02,DIGJAMLMTD,1.047076,50.49,48.22
2026-03-03,DIGJAMLMTD,1.03601,47.47,45.82
2026-03-26,DIGJAMLMTD,0.979322,39.31,40.14
2026-03-31,DIGJAMLMTD,0.975603,37.19,38.12
2026-04-03,DIGJAMLMTD,0.970066,38.24,39.42
2025-11-05,DIL,1.025641,2.0,1.95
2025-12-25,DIL,1.022599,1.81,1.77
2026-01-26,DIL,1.022059,1.39,1.36
2026-03-03,DIL,1.046154,1.36,1.3
2026-03-31,DIL,1.046296,1.13,1.08
2026-04-14,DIL,0.962617,1.03,1.07
2026-03-03,DIRL,1.052174,12.1,11.5
2026-03-26,DIRL,0.954082,9.35,9.8
2026-03-31,DIRL,0.953488,10.25,10.75
2026-04-03,DIRL,0.95339,11.25,11.8
2026-04-14,DIRL,1.051852,14.2,13.5
2025-10-22,DISHTV,0.966741,4.36,4.51
2025-11-05,DISHTV,0.979955,4.4,4.49
2025-12-25,DISHTV,1.02551,4.02,3.92
2026-01-26,DISHTV,1.045181,3.47,3.32
2026-03-03,DISHTV,1.078358,2.89,2.68
2026-03-26,DISHTV,0.958525,2.08,2.17
2026-03-31,DISHTV,1.108696,2.04,1.84
2026-04-03,DISHTV,0.866142,2.2,2.54
2026-05-28,DISHTV,1.030581,3.37,3.27
2025-10-22,DIVGIITTS,0.978306,631.35,645.35
2026-02-02,DIVGIITTS,0.972317,597.1,614.1
2026-03-03,DIVGIITTS,1.081294,722.25,667.95
2026-03-31,DIVGIITTS,1.095729,674.75,615.8
2026-04-14,DIVGIITTS,0.977147,673.45,689.2
2026-05-28,DIVGIITTS,0.970438,768.15,791.55
2026-02-02,DIVIDEND,0.977495,36.05,36.88
2025-11-05,DIVINEHIRA,0.972339,116.0,119.3
2025-12-25,DIVINEHIRA,0.952567,219.9,230.85
2026-01-26,DIVINEHIRA,1.020265,239.15,234.4
2026-03-03,DIVINEHIRA,1.020251,264.5,259.25
2026-03-26,DIVINEHIRA,1.052632,262.0,248.9
2026-04-03,DIVINEHIRA,0.976159,262.05,268.45
2025-10-22,DIVYADHAN,0.952719,40.3,42.3
2026-03-03,DIVYADHAN,0.954248,21.9,22.95
2026-03-26,DIVYADHAN,1.033019,21.9,21.2
2026-03-31,DIVYADHAN,1.052219,20.15,19.15
2026-04-03,DIVYADHAN,0.952607,20.1,21.1
2026-04-14,DIVYADHAN,0.953819,26.85,28.15
2026-05-01,DIVYADHAN,1.051966,37.45,35.6
2026-06-26,DIVYADHAN,0.961378,46.05,47.9
2026-02-02,DIXON,0.976067,10196.0,10446.0
2026-03-03,DIXON,1.037139,10528.0,10151.0
2026-03-26,DIXON,0.97686,10174.0,10415.0
2026-03-31,DIXON,1.03577,10019.0,9673.0
2026-04-03,DIXON,1.033617,10254.0,9920.5
2025-11-05,DJML,1.072934,89.59,83.5
2026-01-15,DJML,0.975678,70.2,71.95
2026-01-26,DJML,0.959724,71.01,73.99
2026-03-03,DJML,1.022134,90.51,88.55
2026-04-03,DJML,1.033012,83.55,80.88
2026-04-14,DJML,0.973408,83.46,85.74
2026-05-28,DJML,0.970194,102.86,106.02
2026-06-26,DJML,0.966356,113.17,117.11
2025-12-25,DKEGL,0.909657,73.0,80.25
2026-01-26,DKEGL,1.040278,74.9,72.0
2026-03-26,DKEGL,0.948475,69.95,73.75
2026-03-31,DKEGL,1.111111,70.0,63.0
2026-05-28,DKEGL,1.113791,73.9,66.35
2026-01-26,DLF,1.04223,613.3,588.45
2026-02-02,DLF,0.964766,613.35,635.75
2026-03-03,DLF,1.023128,603.85,590.2
2026-03-26,DLF,0.975016,521.0,534.35
2026-03-31,DLF,1.037493,523.0,504.1
2026-04-03,DLF,0.976065,509.75,522.25
2026-02-02,DLINKINDIA,0.977331,403.1,412.45
2026-03-03,DLINKINDIA,1.041282,422.5,405.75
2026-03-26,DLINKINDIA,0.967449,393.8,407.05
2026-03-31,DLINKINDIA,1.032561,390.05,377.75
2026-02-02,DMART,0.979455,3613.7,3689.5
2026-03-26,DMART,0.960545,3756.5,3910.8
2026-04-03,DMART,0.979071,4271.1,4362.4
2026-01-15,DMCC,1.02099,231.05,226.3
2026-02-02,DMCC,0.978383,228.11,233.15
2026-03-26,DMCC,0.954593,210.23,220.23
2026-03-31,DMCC,1.041405,205.74,197.56
2026-04-14,DMCC,0.833333,223.9,268.68
2026-05-01,DMCC,1.029346,285.17,277.04
2026-06-26,DMCC,0.970639,251.25,258.85
2026-01-15,DNAMEDIA,0.834081,3.72,4.46
2026-01-26,DNAMEDIA,1.102102,3.67,3.33
2026-02-02,DNAMEDIA,1.079027,3.55,3.29
2026-03-03,DNAMEDIA,1.03003,3.43,3.33
2026-03-26,DNAMEDIA,1.057348,2.95,2.79
2026-03-31,DNAMEDIA,1.069106,2.63,2.46
2026-03-03,DODLA,1.035201,1167.5,1127.8
2026-03-31,DODLA,1.029863,1000.1,971.1
2026-04-14,DODLA,1.033435,1081.8,1046.8
2025-12-25,DOLATALGO,1.021823,87.56,85.69
2026-01-26,DOLATALGO,1.026886,82.88,80.71
2026-02-02,DOLATALGO,0.96183,76.1,79.12
2026-01-26,DOLLAR,1.029646,323.0,313.7
2026-03-03,DOLLAR,1.06906,293.35,274.4
2026-03-31,DOLLAR,1.035602,231.25,223.3
2026-04-03,DOLLAR,0.962714,242.45,251.84
2026-04-14,DOLLAR,0.957551,255.58,266.91
2025-12-25,DOLLEX,0.97417,39.6,40.65
2026-01-15,DOLLEX,1.039474,39.5,38.0
2026-03-03,DOLLEX,1.035,31.05,30.0
2026-03-26,DOLLEX,1.042735,30.5,29.25
2026-03-31,DOLLEX,1.07024,28.95,27.05
2026-04-14,DOLLEX,0.958841,31.45,32.8
2025-10-22,DOLPHIN,0.979904,377.9,385.65
2025-11-05,DOLPHIN,1.08211,446.1,412.25
2026-01-26,DOLPHIN,1.050572,417.55,397.45
2026-02-02,DOLPHIN,0.933677,425.15,455.35
2026-03-03,DOLPHIN,1.05019,415.35,395.5
2026-03-26,DOLPHIN,0.937477,378.6,403.85
2026-01-15,DOMS,0.974337,2452.6,2517.2
2026-03-03,DOMS,1.032041,2332.0,2259.6
2026-03-31,DOMS,0.976505,2244.4,2298.4
2025-12-25,DONEAR,1.025048,95.35,93.02
2026-01-26,DONEAR,1.029882,83.75,81.32
2026-03-03,DONEAR,1.031554,86.96,84.3
2026-04-03,DONEAR,0.964715,84.21,87.29
2025-11-05,DPABHUSHAN,0.972693,1474.7,1516.1
2026-01-26,DPABHUSHAN,1.062669,1458.3,1372.3
2026-02-02,DPABHUSHAN,0.976998,1244.5,1273.8
2026-03-03,DPABHUSHAN,1.030135,1186.2,1151.5
2026-03-31,DPABHUSHAN,1.023537,965.4,943.2
2026-04-14,DPABHUSHAN,1.034888,1140.55,1102.1
2026-05-01,DPABHUSHAN,1.040222,1077.15,1035.5
2026-01-15,DPEL,1.020328,311.2,305.0
2026-03-26,DPEL,0.977175,408.85,418.4
2026-03-31,DPEL,1.027878,425.85,414.3
2026-04-14,DPEL,1.044486,443.75,424.85
2026-05-01,DPEL,0.952419,473.4,497.05
2026-01-15,DPSCLTD,0.971816,9.31,9.58
2026-02-02,DPSCLTD,1.021615,8.98,8.79
2026-03-03,DPSCLTD,1.052868,9.36,8.89
2026-03-26,DPSCLTD,0.916981,7.29,7.95
2025-12-25,DPWIRES,1.026564,214.48,208.93
2026-02-02,DPWIRES,0.977824,170.2,174.06
2026-03-03,DPWIRES,1.043301,150.59,144.34
2026-03-31,DPWIRES,1.052706,133.42,126.74
2026-04-03,DPWIRES,1.02277,142.84,139.66
2026-04-14,DPWIRES,0.93055,183.43,197.12
2026-05-01,DPWIRES,1.024997,183.29,178.82
2026-05-28,DPWIRES,1.040577,191.31,183.85
2025-10-22,DRCSYSTEMS,0.954614,18.93,19.83
2026-03-03,DRCSYSTEMS,1.022103,15.26,14.93
2026-03-31,DRCSYSTEMS,0.9426,13.63,14.46
2026-04-14,DRCSYSTEMS,1.046526,16.42,15.69
2026-05-01,DRCSYSTEMS,0.968833,14.61,15.08
2025-10-22,DREAMFOLKS,0.979656,130.02,132.72
2025-11-05,DREAMFOLKS,1.026213,130.76,127.42
2026-01-26,DREAMFOLKS,0.965931,93.28,96.57
2026-03-03,DREAMFOLKS,1.036689,81.66,78.77
2026-03-26,DREAMFOLKS,0.966681,66.15,68.43
2026-03-31,DREAMFOLKS,1.087428,62.19,57.19
2025-11-05,DREDGECORP,0.976825,889.35,910.45
2026-01-15,DREDGECORP,0.97766,1105.0,1130.25
2026-01-26,DREDGECORP,1.063463,1007.95,947.8
2026-02-02,DREDGECORP,0.949412,1068.8,1125.75
2026-03-03,DREDGECORP,0.97469,951.2,975.9
2026-03-31,DREDGECORP,1.060504,815.05,768.55
2026-05-28,DREDGECORP,0.936089,1115.35,1191.5
2026-06-26,DREDGECORP,1.084785,1157.9,1067.4
2025-11-05,DRONE,1.052284,87.55,83.2
2026-01-15,DRONE,1.029543,57.5,55.85
2026-01-26,DRONE,1.052632,56.0,53.2
2026-02-02,DRONE,1.028918,55.15,53.6
2026-03-03,DRONE,1.041139,49.35,47.4
2026-03-26,DRONE,1.04,44.2,42.5
2026-03-31,DRONE,1.083333,39.65,36.6
2026-04-03,DRONE,0.909605,40.25,44.25
2026-04-14,DRONE,1.038076,51.8,49.9
2026-05-01,DRONE,1.021236,52.9,51.8
2026-02-02,DRREDDY,0.967655,1178.7,1218.1
2026-03-26,DRREDDY,0.968402,1259.6,1300.7
2026-03-31,DRREDDY,1.021356,1281.7,1254.9
2026-01-15,DRSCARGO,1.052209,39.3,37.35
2026-01-26,DRSCARGO,1.052023,27.3,25.95
2025-12-25,DRSDILIP,1.024958,61.6,60.1
2026-01-26,DRSDILIP,0.952463,55.1,57.85
2026-02-03,DRSDILIP,1.04927,57.5,54.8
2026-03-26,DRSDILIP,0.974895,116.5,119.5
2026-03-03,DSFCL,0.961735,31.92,33.19
2026-03-31,DSFCL,1.105415,19.19,17.36
2026-04-14,DSFCL,1.03236,22.97,22.25
2026-05-01,DSFCL,0.952509,24.87,26.11
2025-10-22,DSSL,0.976075,913.85,936.25
2026-01-26,DSSL,1.033082,958.7,928.0
2026-03-03,DSSL,1.04392,930.55,891.4
2026-03-31,DSSL,1.090272,855.7,784.85
2026-05-01,DSSL,0.966827,1052.15,1088.25
2026-05-28,DSSL,0.959918,1731.5,1803.8
2026-06-26,DSSL,1.028938,1418.7,1378.8
2025-10-22,DTIL,0.969593,164.22,169.37
2026-02-02,DTIL,1.0332,150.0,145.18
2026-03-03,DTIL,1.037081,139.0,134.03
2026-03-31,DTIL,1.054247,115.44,109.5
2026-04-03,DTIL,0.952724,116.48,122.26
2025-11-05,DTL,1.030945,158.25,153.5
2026-02-05,DTL,0.960317,121.0,126.0
2026-04-14,DTL,1.032407,111.5,108.0
2025-10-22,DUCOL,0.975733,182.95,187.5
2026-01-26,DUCOL,1.179795,167.0,141.55
2026-02-02,DUCOL,0.973384,128.0,131.5
2026-03-03,DUCOL,1.074451,137.1,127.6
2026-03-26,DUCOL,1.020823,100.5,98.45
2026-03-31,DUCOL,1.047619,94.6,90.3
2026-04-03,DUCOL,0.975976,97.5,99.9
2026-05-28,DUCOL,0.974336,110.1,113.0
2026-06-26,DUCOL,1.027523,112.0,109.0
2026-01-15,DUCON,0.892655,3.16,3.54
2026-01-26,DUCON,1.021148,3.38,3.31
2026-03-03,DUCON,1.024768,3.31,3.23
2026-03-31,DUCON,1.09607,2.51,2.29
2026-04-03,DUCON,0.900662,2.72,3.02
2026-04-14,DUCON,1.02907,3.54,3.44
2026-05-28,DUCON,1.035294,3.52,3.4
2026-06-26,DUCON,1.021084,3.39,3.32
2026-01-15,DUGLOBAL,1.028369,29.0,28.2
2026-01-26,DUGLOBAL,0.906096,27.5,30.35
2026-02-03,DUGLOBAL,1.12931,32.75,29.0
2026-03-03,DUGLOBAL,1.077694,43.0,39.9
2026-03-31,DUGLOBAL,1.094891,30.0,27.4
2026-05-28,DUGLOBAL,0.953581,35.95,37.7
2026-06-26,DUGLOBAL,0.954068,36.35,38.1
2025-10-22,DURLAX,1.023313,41.7,40.75
2025-11-05,DURLAX,1.027673,40.85,39.75
2026-03-03,DURLAX,1.079418,48.25,44.7
2026-03-31,DURLAX,1.067778,48.05,45.0
2026-06-26,DURLAX,1.038298,48.8,47.0
2025-10-22,DVL,0.965461,328.45,340.2
2026-03-03,DVL,1.053815,246.15,233.58
2026-03-31,DVL,1.035861,194.11,187.39
2026-04-03,DVL,0.954661,202.98,212.62
2026-01-26,DWARKESH,1.033545,34.2,33.09
2026-03-03,DWARKESH,1.031527,37.3,36.16
2026-03-26,DWARKESH,0.930301,38.04,40.89
2026-03-31,DWARKESH,0.915723,42.05,45.92
2026-04-03,DWARKESH,1.030149,46.47,45.11
2026-05-01,DWARKESH,0.923339,43.36,46.96
2025-12-25,DYCL,1.030432,352.15,341.75
2026-01-26,DYCL,1.028179,288.25,280.35
2026-03-31,DYCL,1.043379,251.35,240.9
2026-04-03,DYCL,0.962577,260.56,270.69
2026-06-26,DYCL,0.936672,353.5,377.4
2025-11-05,DYNAMATECH,0.950472,8050.5,8470.0
2026-01-26,DYNAMATECH,1.045889,8262.0,7899.5
2026-02-02,DYNAMATECH,0.948056,8341.0,8798.0
2026-03-03,DYNAMATECH,0.973125,10030.0,10307.0
2026-05-28,DYNAMATECH,1.032715,11017.0,10668.0
2026-06-26,DYNAMATECH,1.034597,10586.0,10232.0
2025-11-05,DYNAMIC,1.052235,111.8,106.25
2025-12-25,DYNAMIC,0.952524,111.35,116.9
2026-03-03,DYNAMIC,1.043478,120.0,115.0
2026-03-26,DYNAMIC,0.925888,89.95,97.15
2026-03-31,DYNAMIC,1.11098,94.1,84.7
2026-06-26,DYNAMIC,0.970694,175.55,180.85
2025-10-22,DYNPRO,0.974745,310.7,318.75
2025-12-25,DYNPRO,0.978056,265.2,271.15
2026-02-02,DYNPRO,0.96105,214.17,222.85
2026-03-03,DYNPRO,1.025767,232.09,226.26
2026-03-26,DYNPRO,1.058717,232.96,220.04
2026-03-31,DYNPRO,1.055763,203.53,192.78
2026-04-03,DYNPRO,0.95016,204.94,215.69
2026-04-14,DYNPRO,0.956783,221.39,231.39
2025-11-05,E2E,0.979122,3048.3,3113.3
2026-01-26,E2E,1.025018,2081.3,2030.5
2026-02-02,E2E,1.081983,2296.4,2122.4
2026-03-03,E2E,1.046724,2571.8,2457.0
2026-03-26,E2E,0.96134,2160.9,2247.8
2026-03-31,E2E,1.039679,2135.5,2054.0
2026-04-03,E2E,0.959215,2156.7,2248.4
2026-01-15,E2ERAIL,1.052632,295.0,280.25
2026-01-26,E2ERAIL,1.081321,244.0,225.65
2026-02-02,E2ERAIL,1.022977,209.25,204.55
2026-03-03,E2ERAIL,1.060247,201.5,190.05
2026-03-26,E2ERAIL,0.959642,187.85,195.75
2026-03-31,E2ERAIL,1.045367,188.95,180.75
2026-06-26,E2ERAIL,1.024286,286.8,280.0
2026-02-02,EASEMYTRIP,1.020602,6.44,6.31
2026-03-03,EASEMYTRIP,1.078849,8.62,7.99
2026-03-31,EASEMYTRIP,1.059829,6.2,5.85
2026-04-14,EASEMYTRIP,1.044329,8.01,7.67
2026-05-28,EASEMYTRIP,1.079622,8.0,7.41
2026-06-26,EASEMYTRIP,1.047222,7.54,7.2
2026-02-02,EASTSILK,1.049964,73.13,69.65
2026-03-03,EASTSILK,1.052496,77.79,73.91
2026-03-31,EASTSILK,1.052474,63.38,60.22
2026-04-03,EASTSILK,0.956604,60.84,63.6
2026-04-14,EASTSILK,1.052466,63.39,60.23
2026-05-28,EASTSILK,1.04607,57.9,55.35
2026-06-26,EASTSILK,1.032529,50.47,48.88
2026-03-26,EBANKNIFTY,0.977807,52.87,54.07
2026-03-31,EBANKNIFTY,1.038371,52.77,50.82
2025-10-22,EBGNG,0.975683,325.0,333.1
2025-11-05,EBGNG,0.9687,335.8,346.65
2026-01-26,EBGNG,1.046627,263.75,252.0
2026-02-02,EBGNG,1.024522,256.95,250.8
2026-03-03,EBGNG,1.052524,385.75,366.5
2026-03-31,EBGNG,1.052549,370.55,352.05
2026-04-14,EBGNG,0.977159,408.55,418.1
2026-05-01,EBGNG,0.969733,411.7,424.55
2026-06-26,EBGNG,0.940345,532.0,565.75
2026-02-02,ECAPINSURE,0.966681,22.92,23.71
2026-03-31,ECAPINSURE,1.027217,21.89,21.31
2025-10-22,ECLERX,0.971755,4314.4,4439.8
2026-03-03,ECLERX,1.028764,3172.4,3083.7
2026-03-26,ECLERX,0.977133,1461.4,1495.6
2026-03-31,ECLERX,1.054498,1462.8,1387.2
2026-04-03,ECLERX,1.025779,1484.2,1446.9
2026-04-14,ECLERX,1.033092,1498.5,1450.5
2025-11-05,ECOLINE,1.029401,143.55,139.45
2026-03-26,ECOLINE,1.038229,129.0,124.25
2026-05-28,ECOLINE,0.931462,142.7,153.2
2025-12-25,ECOSMOBLTY,1.024169,205.1,200.26
2026-01-26,ECOSMOBLTY,1.069672,187.46,175.25
2026-02-02,ECOSMOBLTY,1.032455,196.6,190.42
2026-03-03,ECOSMOBLTY,1.066252,152.57,143.09
2026-03-26,ECOSMOBLTY,0.945666,112.26,118.71
2026-03-31,ECOSMOBLTY,1.083842,113.63,104.84
2025-11-05,EDELWEISS,1.038136,115.42,111.18
2026-01-26,EDELWEISS,1.030548,107.28,104.1
2026-02-02,EDELWEISS,0.957112,102.21,106.79
2026-03-26,EDELWEISS,0.969629,103.76,107.01
2026-03-31,EDELWEISS,1.043443,104.0,99.67
2026-05-01,EDELWEISS,1.084814,123.94,114.25
2026-06-26,EDELWEISS,1.023846,125.37,122.45
2026-03-31,EDUCOMP,1.043011,0.97,0.93
2026-04-14,EDUCOMP,0.956989,0.89,0.93
2025-11-05,EEPL,0.83674,163.75,195.7
2025-12-25,EEPL,1.02001,209.0,204.9
2026-02-02,EEPL,1.033215,160.2,155.05
2026-03-03,EEPL,1.065341,150.0,140.8
2026-03-31,EEPL,1.098128,108.55,98.85
2026-04-03,EEPL,0.963972,109.7,113.8
2026-04-14,EEPL,1.089247,125.1,114.85
2026-05-28,EEPL,0.967173,98.7,102.05
2025-10-22,EFACTOR,0.954454,285.0,298.6
2025-12-25,EFACTOR,0.977132,331.15,338.9
2026-01-15,EFACTOR,1.045714,329.4,315.0
2026-01-26,EFACTOR,1.038462,270.0,260.0
2026-03-26,EFACTOR,0.941176,168.0,178.5
2026-04-03,EFACTOR,0.947692,184.8,195.0
2026-05-28,EFACTOR,1.1275,202.95,180.0
2026-01-26,EFCIL,1.071786,256.8,239.6
2026-03-26,EFCIL,0.974478,187.09,191.99
2026-03-31,EFCIL,1.022411,182.94,178.93
2026-04-14,EFCIL,1.03119,199.03,193.01
2026-05-01,EFCIL,0.977162,190.83,195.29
2026-05-28,EFCIL,0.962271,183.89,191.1
2025-11-05,EFFWA,1.025592,240.45,234.45
2026-02-02,EFFWA,1.032429,214.9,208.15
2026-03-31,EFFWA,1.093825,182.45,166.8
2026-04-03,EFFWA,0.885948,184.1,207.8
2026-04-14,EFFWA,1.048786,224.65,214.2
2026-06-26,EFFWA,1.032603,376.9,365.0
2025-11-05,EFORCE,1.041667,45.0,43.2
2025-12-25,EFORCE,1.024818,35.1,34.25
2026-01-15,EFORCE,0.966565,31.8,32.9
2026-02-02,EFORCE,0.958814,29.1,30.35
2026-03-03,EFORCE,1.044487,27.0,25.85
2026-03-26,EFORCE,0.927083,17.8,19.2
2026-03-31,EFORCE,1.085366,17.8,16.4
2026-04-03,EFORCE,0.930952,19.55,21.0
2026-04-14,EFORCE,1.05,28.35,27.0
2026-05-28,EFORCE,0.97166,24.0,24.7
2026-06-26,EFORCE,1.020595,22.3,21.85
2026-01-26,EGOLD,0.974725,150.4,154.3
2026-02-02,EGOLD,0.911037,151.05,165.8
2026-03-03,EGOLD,0.950015,158.7,167.05
2026-03-26,EGOLD,0.970476,139.7,143.95
2026-03-31,EGOLD,0.973333,142.35,146.25
2026-02-02,EICHERMOT,0.967287,6889.5,7122.5
2026-03-03,EICHERMOT,1.023575,8010.5,7826.0
2026-03-31,EICHERMOT,1.034239,6811.5,6586.0
2026-04-03,EICHERMOT,1.026468,6825.5,6649.5
2026-04-14,EICHERMOT,1.05305,7424.0,7050.0
2026-01-26,EIDPARRY,1.039109,914.0,879.6
2026-02-02,EIDPARRY,0.950926,877.8,923.1
2026-03-26,EIDPARRY,0.977484,790.1,808.3
2026-03-31,EIDPARRY,1.025725,795.45,775.5
2026-05-28,EIDPARRY,1.02845,764.55,743.4
2026-01-26,EIEL,1.029927,175.86,170.75
2026-02-02,EIEL,0.952793,171.96,180.48
2026-03-03,EIEL,1.035782,158.05,152.59
2026-04-03,EIEL,0.972936,163.57,168.12
2026-04-14,EIEL,0.869358,173.15,199.17
2026-05-01,EIEL,1.037463,219.88,211.94
2026-01-15,EIFFL,1.09562,280.15,255.7
2026-03-31,EIFFL,1.020242,216.73,212.43
2026-06-26,EIFFL,1.038968,343.94,331.04
2026-01-26,EIHAHOTELS,1.039896,338.85,325.85
2026-03-03,EIHAHOTELS,1.021066,329.6,322.8
2026-03-31,EIHAHOTELS,1.045883,282.65,270.25
2026-04-03,EIHAHOTELS,0.961558,281.4,292.65
2026-01-26,EIHOTEL,1.024969,330.45,322.4
2026-03-31,EIHOTEL,1.039298,284.3,273.55
2026-04-03,EIHOTEL,0.971548,280.0,288.2
2026-05-28,EIHOTEL,1.021392,319.9,313.2
2025-11-05,EIMCOELECO,1.027612,1793.8,1745.6
2025-12-25,EIMCOELECO,1.021204,1546.0,1513.9
2026-01-26,EIMCOELECO,1.029904,1635.9,1588.4
2026-02-02,EIMCOELECO,0.978888,1724.8,1762.0
2026-03-03,EIMCOELECO,1.027874,1578.3,1535.5
2026-03-31,EIMCOELECO,1.067329,1525.0,1428.8
2026-05-28,EIMCOELECO,0.978858,1578.8,1612.9
2026-06-26,EIMCOELECO,1.038464,1795.4,1728.9
2025-11-05,EKC,1.020698,144.49,141.56
2026-01-26,EKC,0.883,101.13,114.53
2026-02-02,EKC,0.973706,106.28,109.15
2026-03-03,EKC,1.030033,112.15,108.88
2026-03-31,EKC,1.088349,98.92,90.89
2026-04-03,EKC,0.951457,101.53,106.71
2026-06-26,EKC,1.037456,124.64,120.14
2026-05-01,ELANTAS,1.042762,10022.3,9611.3
2026-05-28,ELANTAS,0.973437,9070.0,9317.5
2026-06-26,ELANTAS,1.020398,10755.0,10540.0
2025-12-25,ELDEHSG,1.038565,968.15,932.2
2026-01-15,ELDEHSG,0.974523,904.65,928.3
2026-01-26,ELDEHSG,1.037156,886.25,854.5
2026-02-02,ELDEHSG,1.026398,886.5,863.7
2026-03-03,ELDEHSG,1.041647,895.4,859.6
2026-03-31,ELDEHSG,1.040621,810.8,779.15
2026-04-14,ELDEHSG,1.064113,847.3,796.25
2026-05-01,ELDEHSG,1.025531,849.55,828.4
2025-12-25,ELECON,1.0235,492.15,480.85
2026-02-02,ELECON,0.967042,394.65,408.1
2026-03-03,ELECON,1.024261,415.85,406.0
2026-03-31,ELECON,1.049471,372.3,354.75
2026-05-01,ELECON,0.963683,488.25,506.65
2026-01-15,ELECTCAST,0.974501,70.32,72.16
2026-01-26,ELECTCAST,1.040945,72.71,69.85
2026-02-02,ELECTCAST,0.973425,69.23,71.12
2026-03-26,ELECTCAST,0.967584,74.92,77.43
2026-03-31,ELECTCAST,1.089477,80.24,73.65
2026-05-01,ELECTCAST,1.02232,83.82,81.99
2025-10-22,ELECTHERM,0.974433,1013.8,1040.4
2025-11-05,ELECTHERM,0.94299,975.9,1034.9
2025-12-25,ELECTHERM,1.027984,912.85,888.0
2026-02-02,ELECTHERM,0.971656,779.9,802.65
2026-03-03,ELECTHERM,1.02339,717.55,701.15
2026-03-31,ELECTHERM,1.021158,567.1,555.35
2026-04-03,ELECTHERM,0.971916,577.95,594.65
2026-04-14,ELECTHERM,1.022142,717.85,702.3
2026-05-01,ELECTHERM,1.03884,838.5,807.15
2026-06-26,ELECTHERM,0.966346,1101.2,1139.55
2025-11-05,ELGIEQUIP,1.02768,495.65,482.3
2026-01-26,ELGIEQUIP,1.033765,439.35,425.0
2026-03-03,ELGIEQUIP,1.028168,534.75,520.1
2026-05-01,ELGIEQUIP,1.022313,565.85,553.5
2026-05-28,ELGIEQUIP,0.974217,563.0,577.9
2025-12-25,ELGIRUBCO,1.038436,47.82,46.05
2026-01-26,ELGIRUBCO,1.066865,43.08,40.38
2026-03-03,ELGIRUBCO,1.02827,40.01,38.91
2026-03-31,ELGIRUBCO,1.090421,36.54,33.51
2026-04-03,ELGIRUBCO,0.972932,38.82,39.9
2026-04-14,ELGIRUBCO,1.024994,41.83,40.81
2025-10-22,ELGNZ,0.963164,133.35,138.45
2025-11-05,ELGNZ,1.099864,121.15,110.15
2026-02-02,ELGNZ,0.973652,79.45,81.6
2026-03-03,ELGNZ,1.048724,67.8,64.65
2026-03-31,ELGNZ,1.101774,59.0,53.55
2026-04-14,ELGNZ,0.976048,73.35,75.15
2026-05-01,ELGNZ,1.073241,74.0,68.95
2025-10-22,ELIN,0.962093,196.95,204.71
2026-03-31,ELIN,1.052743,99.6,94.61
2026-04-03,ELIN,0.928943,105.24,113.29
2026-04-14,ELIN,1.021077,117.72,115.29
2026-05-01,ELIN,1.025438,124.16,121.08
2026-05-28,ELIN,1.024692,119.1,116.23
2026-06-26,ELIN,1.035402,102.95,99.43
2025-10-22,ELLEN,0.974312,449.45,461.3
2026-01-15,ELLEN,1.022744,281.05,274.8
2026-01-26,ELLEN,1.044235,260.85,249.8
2026-02-02,ELLEN,0.959838,260.5,271.4
2026-03-26,ELLEN,0.941853,200.69,213.08
2026-03-31,ELLEN,1.05746,208.88,197.53
2026-04-03,ELLEN,1.029715,203.76,197.88
2026-06-26,ELLEN,1.033908,279.0,269.85
2026-03-03,ELM250,1.020459,16.46,16.13
2026-03-26,ELM250,0.973168,14.87,15.28
2026-05-01,EMAMILTD,1.030146,457.9,444.5
2026-03-03,EMAMIPAP,1.039695,84.6,81.37
2026-03-31,EMAMIPAP,1.080049,61.12,56.59
2026-04-03,EMAMIPAP,0.962847,61.68,64.06
2026-04-14,EMAMIPAP,0.978186,70.85,72.43
2026-01-26,EMAMIREAL,1.046252,70.35,67.24
2026-02-02,EMAMIREAL,0.972533,66.92,68.81
2026-03-03,EMAMIREAL,1.043636,66.01,63.25
2026-03-26,EMAMIREAL,0.906685,52.76,58.19
2026-04-03,EMAMIREAL,0.963441,58.24,60.45
2026-06-26,EMAMIREAL,1.029849,85.91,83.42
2025-10-22,EMAPARTNER,0.973275,100.15,102.9
2025-12-25,EMAPARTNER,0.977638,85.25,87.2
2026-02-02,EMAPARTNER,0.978698,80.4,82.15
2026-03-03,EMAPARTNER,1.062614,87.4,82.25
2026-03-26,EMAPARTNER,1.054545,72.5,68.75
2026-03-31,EMAPARTNER,0.967092,72.0,74.45
2026-04-03,EMAPARTNER,1.078723,76.05,70.5
2026-06-26,EMAPARTNER,1.040163,89.35,85.9
2025-12-25,EMBDL,1.04901,64.64,61.62
2026-01-15,EMBDL,1.039284,71.96,69.24
2026-01-26,EMBDL,1.024752,62.93,61.41
2026-03-03,EMBDL,1.025115,60.41,58.93
2026-03-31,EMBDL,1.052458,41.53,39.46
2026-04-03,EMBDL,0.952414,41.43,43.5
2026-04-14,EMBDL,1.052579,52.85,50.21
2026-06-26,EMBDL,0.968608,61.71,63.71
2026-03-26,EMCURE,0.966298,1539.7,1593.4
2026-03-31,EMCURE,1.035851,1652.7,1595.5
2026-04-03,EMCURE,1.027462,1590.1,1547.6
2026-05-01,EMCURE,1.029641,1729.9,1680.1
2026-06-26,EMCURE,0.978672,1840.1,1880.2
2026-01-15,EMIL,1.028033,98.65,95.96
2026-03-03,EMIL,1.045034,100.48,96.15
2026-03-26,EMIL,0.973589,89.21,91.63
2026-03-31,EMIL,1.036209,91.29,88.1
2026-04-03,EMIL,0.979831,92.79,94.7
2026-05-01,EMIL,1.02268,127.16,124.34
2026-06-26,EMIL,1.021403,121.69,119.14
2025-11-05,EMKAY,1.039915,319.15,306.9
2026-01-15,EMKAY,0.973849,264.4,271.5
2026-02-02,EMKAY,0.947305,237.3,250.5
2026-03-03,EMKAY,1.036944,234.65,226.29
2026-03-31,EMKAY,1.05321,198.33,188.31
2026-04-03,EMKAY,0.958726,196.28,204.73
2026-06-26,EMKAY,1.030544,287.8,279.27
2025-12-25,EMKAYTOOLS,1.035897,121.2,117.0
2026-01-15,EMKAYTOOLS,1.026827,111.0,108.1
2026-03-31,EMKAYTOOLS,1.06956,89.95,84.1
2026-04-03,EMKAYTOOLS,0.976769,92.5,94.7
2026-05-01,EMKAYTOOLS,1.047356,113.9,108.75
2026-05-28,EMKAYTOOLS,0.964904,100.35,104.0
2026-03-26,EMMBI,1.043631,71.52,68.53
2026-03-31,EMMBI,1.034824,62.7,60.59
2026-04-03,EMMBI,0.95114,66.77,70.2
2026-06-26,EMMBI,1.022567,98.33,96.16
2026-01-26,EMMIL,1.074609,175.0,162.85
2026-03-31,EMMIL,1.061317,117.7,110.9
2026-04-14,EMMIL,1.073931,153.25,142.7
2026-05-28,EMMIL,1.025485,134.8,131.45
2026-01-15,EMMVEE,0.971285,212.08,218.35
2026-01-26,EMMVEE,1.049786,208.33,198.45
2026-03-03,EMMVEE,1.049352,195.19,186.01
2026-03-31,EMMVEE,1.027281,223.3,217.37
2026-04-14,EMMVEE,0.97251,231.72,238.27
2026-05-01,EMMVEE,1.108384,290.84,262.4
2026-05-28,EMMVEE,0.946652,295.45,312.1
2026-05-01,EMPOWER,0.974359,1.9,1.95
2026-06-26,EMPOWER,0.960352,2.18,2.27
2025-11-05,EMSLIMITED,1.03928,522.55,502.8
2026-01-26,EMSLIMITED,1.03218,343.2,332.5
2026-03-03,EMSLIMITED,1.022305,288.75,282.45
2026-03-26,EMSLIMITED,0.96462,283.55,293.95
2026-03-31,EMSLIMITED,1.063498,276.35,259.85
2026-04-14,EMSLIMITED,0.970441,310.25,319.7
2026-05-28,EMSLIMITED,0.978965,328.1,335.15
2026-06-26,EMSLIMITED,0.978804,411.0,419.9
2026-01-26,EMUDHRA,1.033155,529.75,512.75
2026-02-02,EMUDHRA,0.972129,519.7,534.6
2026-03-31,EMUDHRA,1.027132,384.25,374.1
2026-04-03,EMUDHRA,0.955766,393.25,411.45
2026-02-02,EMULTIMQ,0.969049,39.45,40.71
2026-03-26,EMULTIMQ,0.97859,37.48,38.3
2026-03-31,EMULTIMQ,1.025054,37.64,36.72
2025-12-25,ENCOMPAS,0.963475,212.35,220.4
2026-03-26,ENCOMPAS,0.942188,241.2,256.0
2026-04-14,ENCOMPAS,1.088024,294.8,270.95
2026-05-01,ENCOMPAS,0.933257,244.0,261.45
2026-05-28,ENCOMPAS,1.069896,251.8,235.35
2026-01-15,ENDURANCE,1.026742,2587.8,2520.4
2026-01-26,ENDURANCE,1.021129,2406.8,2357.0
2026-03-26,ENDURANCE,0.960353,2240.6,2333.1
2026-03-31,ENDURANCE,1.020823,2260.0,2213.9
2026-01-26,ENERGY,1.020217,33.81,33.14
2026-02-02,ENERGY,0.968706,34.05,35.15
2026-02-02,ENERGYDEV,0.977337,17.25,17.65
2026-03-03,ENERGYDEV,1.047919,16.62,15.86
2026-03-31,ENERGYDEV,1.052471,13.84,13.15
2026-01-15,ENFUSE,0.945946,210.0,222.0
2026-01-26,ENFUSE,0.97561,200.0,205.0
2026-03-03,ENFUSE,1.057197,195.0,184.45
2026-03-26,ENFUSE,0.978593,176.0,179.85
2026-03-31,ENFUSE,1.024854,167.0,162.95
2026-04-14,ENFUSE,0.949973,178.5,187.9
2026-01-26,ENGINERSIN,1.054981,176.34,167.15
2026-02-02,ENGINERSIN,0.978083,168.69,172.47
2026-03-03,ENGINERSIN,1.043677,221.75,212.47
2026-03-26,ENGINERSIN,0.955914,187.34,195.98
2026-03-31,ENGINERSIN,1.041728,189.73,182.13
2026-03-26,ENIFTY,0.978186,22.87,23.38
2026-02-02,ENIL,0.968375,111.46,115.1
2026-03-31,ENIL,1.066506,106.16,99.54
2026-04-03,ENIL,1.029253,103.09,100.16
2026-05-01,ENIL,0.972966,115.89,119.11
2026-01-26,ENRIN,1.036417,2202.8,2125.4
2026-03-26,ENRIN,0.969907,2688.0,2771.4
2026-03-31,ENRIN,1.024907,2629.4,2565.5
2026-05-28,ENRIN,0.919413,3462.6,3766.1
2025-11-05,ENSER,1.020513,19.9,19.5
2025-12-25,ENSER,1.076246,18.35,17.05
2026-02-02,ENSER,0.958955,12.85,13.4
2026-03-31,ENSER,1.101695,9.75,8.85
2026-04-03,ENSER,0.917749,10.6,11.55
2026-06-26,ENSER,1.022581,15.85,15.5
2025-11-05,ENTERO,1.022407,1104.2,1080.0
2026-02-02,ENTERO,1.045072,1154.7,1104.9
2026-04-14,ENTERO,0.965951,1197.2,1239.4
2026-05-01,ENTERO,0.979448,1191.4,1216.4
2026-05-28,ENTERO,1.082757,1283.5,1185.4
2025-10-22,ENVIRO,1.035962,157.0,151.55
2025-12-25,ENVIRO,1.029167,123.5,120.0
2026-01-15,ENVIRO,1.024532,114.85,112.1
2026-01-26,ENVIRO,1.036765,105.75,102.0
2026-02-02,ENVIRO,1.054666,95.5,90.55
2026-03-03,ENVIRO,1.068388,111.7,104.55
2026-03-31,ENVIRO,1.024515,100.3,97.9
2026-04-03,ENVIRO,1.040625,99.9,96.0
2026-04-14,ENVIRO,0.957854,100.0,104.4
2026-05-01,ENVIRO,1.059807,120.5,113.7
2026-05-28,ENVIRO,0.94,94.0,100.0
2026-06-26,ENVIRO,1.035605,84.35,81.45
2026-02-02,EPACK,1.027839,232.6,226.3
2026-03-03,EPACK,1.032302,247.99,240.23
2026-03-31,EPACK,1.072107,212.17,197.9
2025-12-25,EPACKPEB,1.030273,311.4,302.25
2026-01-26,EPACKPEB,1.111081,204.55,184.1
2026-02-02,EPACKPEB,0.953303,197.0,206.65
2026-03-03,EPACKPEB,1.038176,179.21,172.62
2026-03-31,EPACKPEB,1.052584,139.12,132.17
2026-04-03,EPACKPEB,0.953353,138.77,145.56
2026-04-14,EPACKPEB,1.02652,177.28,172.7
2026-06-26,EPACKPEB,1.060593,254.5,239.96
2026-01-26,EPIGRAL,1.026182,1093.5,1065.6
2026-02-02,EPIGRAL,0.924648,964.5,1043.1
2026-03-03,EPIGRAL,1.02441,891.8,870.55
2026-03-26,EPIGRAL,0.975581,862.95,884.55
2026-03-31,EPIGRAL,1.035227,839.0,810.45
2026-04-14,EPIGRAL,0.973411,1098.3,1128.3
2026-05-28,EPIGRAL,1.027643,1245.4,1211.9
2026-06-26,EPIGRAL,1.021153,1129.6,1106.2
2026-03-03,EPL,1.026724,217.07,211.42
2026-03-26,EPL,0.951919,192.24,201.95
2026-03-31,EPL,0.967457,198.59,205.27
2026-05-28,EPWINDIA,1.030769,134.0,130.0
2026-06-26,EPWINDIA,0.952443,182.25,191.35
2026-02-02,EQUAL200,0.978544,12.77,13.05
2026-03-26,EQUAL200,0.979015,12.13,12.39
2026-03-31,EQUAL200,1.025359,12.13,11.83
2026-02-02,EQUAL50,0.975682,321.78,329.8
2026-03-31,EQUAL50,1.020891,303.95,297.73
2026-02-02,EQUAL50ADD,1.022256,347.25,339.69
2026-03-31,EQUAL50ADD,1.02214,314.4,307.59
2026-04-03,EQUAL50ADD,1.039096,324.25,312.05
2025-11-05,EQUIPPP,1.022933,19.18,18.75
2026-02-02,EQUIPPP,1.030114,18.13,17.6
2026-03-03,EQUIPPP,1.050469,17.9,17.04
2026-03-26,EQUIPPP,1.032039,16.75,16.23
2026-03-31,EQUIPPP,1.05163,15.48,14.72
2026-05-28,EQUIPPP,0.952892,15.98,16.77
2026-03-03,EQUITASBNK,1.043612,64.37,61.68
2026-03-31,EQUITASBNK,1.06012,54.84,51.73
2026-05-28,EQUITASBNK,0.971876,70.15,72.18
2026-06-26,EQUITASBNK,1.025419,77.05,75.14
2026-01-26,ERIS,1.023889,1418.7,1385.6
2026-03-26,ERIS,0.95906,1281.4,1336.1
2026-03-31,ERIS,1.033688,1340.9,1297.2
2026-01-26,ESABINDIA,1.032892,5621.0,5442.0
2026-03-31,ESABINDIA,1.032792,5118.0,4955.5
2026-04-03,ESABINDIA,0.977454,5111.3,5229.2
2026-04-14,ESABINDIA,1.021143,5515.4,5401.2
2026-01-26,ESAFSFB,1.024143,29.27,28.58
2026-03-03,ESAFSFB,1.021188,26.99,26.43
2026-03-31,ESAFSFB,1.060926,21.07,19.86
2026-04-03,ESAFSFB,0.954874,22.43,23.49
2026-05-01,ESAFSFB,0.979545,25.86,26.4
2025-10-22,ESCONET,0.952474,218.45,229.35
2025-11-05,ESCONET,1.03291,219.7,212.7
2026-02-02,ESCONET,1.047639,125.35,119.65
2026-03-31,ESCONET,1.052603,96.05,91.25
2026-04-03,ESCONET,0.965726,95.8,99.2
2026-04-14,ESCONET,1.066081,139.55,130.9
2026-06-26,ESCONET,0.952528,123.4,129.55
2026-02-02,ESCORTS,1.032063,3489.2,3380.8
2026-03-03,ESCORTS,1.035674,3518.6,3397.4
2026-03-26,ESCORTS,0.977219,2899.8,2967.4
2026-03-31,ESCORTS,1.037259,2842.4,2740.3
2026-05-28,ESCORTS,1.020553,2939.6,2880.4
2026-03-31,ESENSEX,1.024377,73.96,72.2
2025-10-22,ESFL,0.957717,229.9,240.05
2025-11-05,ESFL,1.052644,219.95,208.95
2025-12-25,ESFL,0.909156,191.65,210.8
2026-01-15,ESFL,0.954105,147.6,154.7
2026-01-26,ESFL,1.026249,140.75,137.15
2026-02-02,ESFL,0.950184,142.1,149.55
2026-03-03,ESFL,0.952516,134.4,141.1
2026-03-31,ESFL,1.04898,115.65,110.25
2026-04-03,ESFL,0.952675,115.75,121.5
2026-04-14,ESFL,1.042426,148.65,142.6
2025-10-22,ESILVER,1.033285,156.77,151.72
2025-12-25,ESILVER,0.964618,210.2,217.91
2026-01-15,ESILVER,0.944386,260.49,275.83
2026-01-26,ESILVER,0.917122,286.94,312.87
2026-02-02,ESILVER,0.886069,263.26,297.11
2026-03-03,ESILVER,0.925422,264.68,286.01
2026-03-26,ESILVER,0.960644,221.88,230.97
2026-03-31,ESILVER,0.977221,221.79,226.96
2026-04-03,ESILVER,1.033361,234.17,226.61
2026-06-26,ESILVER,1.026741,222.31,216.52
2026-01-26,ESPRIT,0.979286,68.55,70.0
2026-02-03,ESPRIT,0.964286,67.5,70.0
2026-03-26,ESPRIT,1.081057,61.35,56.75
2026-03-31,ESPRIT,0.945389,52.8,55.85
2026-05-01,ESPRIT,0.934766,60.9,65.15
2026-06-26,ESPRIT,1.05098,67.0,63.75
2025-11-05,ESSARSHPNG,1.052835,38.06,36.15
2026-01-26,ESSARSHPNG,1.023286,23.73,23.19
2026-03-03,ESSARSHPNG,1.061317,25.79,24.3
2026-03-26,ESSARSHPNG,0.971562,22.89,23.56
2026-04-14,ESSARSHPNG,1.053727,27.85,26.43
2026-05-01,ESSARSHPNG,1.092056,29.42,26.94
2025-11-05,ESSENTIA,1.022222,1.84,1.8
2026-01-15,ESSENTIA,0.966667,1.45,1.5
2026-01-26,ESSENTIA,1.031496,1.31,1.27
2026-02-02,ESSENTIA,0.953488,1.64,1.72
2026-03-03,ESSENTIA,1.056452,1.31,1.24
2026-03-31,ESSENTIA,1.09901,1.11,1.01
2026-04-14,ESSENTIA,1.054688,1.35,1.28
2026-05-01,ESSENTIA,1.023077,1.33,1.3
2026-01-15,ESTER,1.026518,94.84,92.39
2026-03-03,ESTER,1.051259,105.62,100.47
2026-03-26,ESTER,1.071105,92.34,86.21
2026-03-31,ESTER,1.098061,77.6,70.67
2026-04-03,ESTER,1.037215,82.22,79.27
2026-06-26,ESTER,1.020147,91.65,89.84
2025-11-05,ETERNAL,1.029027,322.6,313.5
2026-01-26,ETERNAL,1.066486,275.9,258.7
2026-04-03,ETERNAL,1.020715,236.52,231.72
2026-05-01,ETERNAL,1.028337,254.03,247.03
2026-05-28,ETERNAL,0.975284,250.17,256.51
2025-12-25,ETHOSLTD,1.024292,3069.7,2996.9
2026-03-26,ETHOSLTD,0.965972,2205.7,2283.4
2026-04-14,ETHOSLTD,1.027039,2491.7,2426.1
2025-12-25,ETL,1.023833,900.0,879.05
2026-03-31,ETL,1.028807,905.35,880.0
2025-10-22,ETML,0.958015,125.5,131.0
2026-02-02,ETML,1.032065,94.95,92.0
2026-03-26,ETML,0.972061,83.5,85.9
2026-03-31,ETML,1.113958,82.6,74.15
2026-04-03,ETML,0.941398,87.55,93.0
2026-04-14,ETML,1.044444,94.0,90.0
2026-06-26,ETML,0.979787,92.1,94.0
2025-10-22,EUREKAFORB,0.979507,544.9,556.3
2026-01-26,EUREKAFORB,1.029721,538.75,523.2
2026-03-03,EUREKAFORB,1.038411,475.8,458.2
2026-03-26,EUREKAFORB,0.973794,442.2,454.1
2026-03-31,EUREKAFORB,1.049279,462.05,440.35
2026-05-28,EUREKAFORB,1.020454,459.0,449.8
2025-10-22,EUROBOND,0.959066,205.01,213.76
2026-01-15,EUROBOND,0.978922,177.41,181.23
2026-02-02,EUROBOND,0.972412,170.6,175.44
2026-03-03,EUROBOND,1.02242,165.08,161.46
2026-03-26,EUROBOND,0.9504,143.71,151.21
2026-03-31,EUROBOND,1.095478,149.73,136.68
2026-04-03,EUROBOND,0.965115,143.31,148.49
2026-01-15,EUROPRATIK,1.03499,278.05,268.65
2026-01-26,EUROPRATIK,1.04758,253.2,241.7
2026-02-02,EUROPRATIK,1.12792,247.24,219.2
2026-03-26,EUROPRATIK,0.965755,224.2,232.15
2026-03-31,EUROPRATIK,1.088508,228.75,210.15
2025-10-22,EUROTEXIND,1.025802,14.71,14.34
2025-11-05,EUROTEXIND,1.052679,23.58,22.4
2025-12-25,EUROTEXIND,0.953642,12.96,13.59
2026-01-15,EUROTEXIND,0.953101,12.6,13.22
2026-02-02,EUROTEXIND,0.967742,13.2,13.64
2026-03-26,EUROTEXIND,1.052339,13.27,12.61
2026-04-03,EUROTEXIND,1.04127,13.12,12.6
2026-04-14,EUROTEXIND,1.03994,13.8,13.27
2026-05-01,EUROTEXIND,1.028115,16.09,15.65
2026-06-26,EUROTEXIND,1.046188,18.8,17.97
2025-11-05,EVEREADY,1.022157,380.6,372.35
2026-02-02,EVEREADY,0.951455,320.45,336.8
2026-03-03,EVEREADY,1.022696,331.2,323.85
2026-03-31,EVEREADY,1.032934,271.3,262.65
2026-05-01,EVEREADY,0.975526,326.85,335.05
2025-11-05,EVERESTIND,1.021318,598.85,586.35
2026-02-02,EVERESTIND,0.949446,411.3,433.2
2026-03-03,EVERESTIND,0.957984,388.75,405.8
2026-03-31,EVERESTIND,1.02807,298.5,290.35
2026-04-03,EVERESTIND,0.913941,314.35,343.95
2026-04-14,EVERESTIND,0.93431,334.95,358.5
2026-05-01,EVERESTIND,1.038254,393.55,379.05
2026-05-28,EVERESTIND,1.02237,399.9,391.15
2026-06-26,EVERESTIND,0.903477,417.0,461.55
2026-03-03,EVIETF,1.021452,30.95,30.3
2026-03-31,EVIETF,1.056397,27.91,26.42
2026-03-03,EVINDIA,1.022787,30.97,30.28
2026-03-26,EVINDIA,0.979921,27.33,27.89
2026-03-31,EVINDIA,1.027273,27.12,26.4
2025-10-22,EXCEL,0.96129,1.49,1.55
2025-11-05,EXCEL,0.972414,1.41,1.45
2025-12-25,EXCEL,0.954248,1.46,1.53
2026-02-02,EXCEL,1.05,1.26,1.2
2026-03-03,EXCEL,1.06,1.06,1.0
2026-01-26,EXCELINDUS,1.026438,929.85,905.9
2026-03-03,EXCELINDUS,1.039893,952.75,916.2
2026-03-26,EXCELINDUS,0.944411,855.4,905.75
2026-03-31,EXCELINDUS,1.049045,845.95,806.4
2026-01-15,EXCELLENT,1.153846,45.0,39.0
2026-01-26,EXCELLENT,0.936416,64.8,69.2
2026-02-02,EXCELLENT,0.975479,63.65,65.25
2026-03-03,EXCELLENT,0.97801,88.95,90.95
2026-03-26,EXCELLENT,1.026077,90.5,88.2
2026-03-31,EXCELLENT,0.955394,92.1,96.4
2026-01-26,EXCELSOFT,1.055929,75.33,71.34
2026-03-03,EXCELSOFT,1.057948,85.26,80.59
2026-03-31,EXCELSOFT,1.057404,70.55,66.72
2026-01-26,EXICOM,1.020376,102.16,100.12
2026-02-02,EXICOM,0.979891,97.46,99.46
2026-03-31,EXICOM,1.091267,83.22,76.26
2026-04-14,EXICOM,0.916021,104.06,113.6
2026-05-01,EXICOM,0.97357,112.35,115.4
2026-06-26,EXICOM,1.044221,165.06,158.07
2026-01-26,EXIDEIND,1.027829,334.25,325.2
2026-03-03,EXIDEIND,1.035626,334.3,322.8
2026-03-26,EXIDEIND,0.971838,298.5,307.15
2026-03-31,EXIDEIND,1.044981,300.85,287.9
2026-05-28,EXIDEIND,0.929215,366.25,394.15
2026-06-26,EXIDEIND,1.024885,399.5,389.8
2025-12-25,EXIMROUTES,0.952544,125.45,131.7
2026-01-15,EXIMROUTES,1.051123,245.7,233.75
2026-01-26,EXIMROUTES,0.952442,187.25,196.6
2026-02-04,EXIMROUTES,0.950011,213.8,225.05
2026-03-03,EXIMROUTES,1.020376,160.25,157.05
2026-04-03,EXIMROUTES,0.953081,136.1,142.8
2026-04-14,EXIMROUTES,1.024144,156.95,153.25
2026-05-01,EXIMROUTES,1.040228,128.0,123.05
2026-05-28,EXIMROUTES,1.047416,110.45,105.45
2025-10-22,EXPLEOSOL,0.975409,1001.55,1026.8
2026-03-31,EXPLEOSOL,1.059824,685.6,646.9
2025-10-22,EXXARO,0.966408,7.48,7.74
2025-11-05,EXXARO,0.870813,7.28,8.36
2026-03-03,EXXARO,1.040506,8.22,7.9
2026-03-26,EXXARO,1.032544,6.98,6.76
2026-03-31,EXXARO,1.051613,6.52,6.2
2026-04-03,EXXARO,1.025197,6.51,6.35
2026-04-14,EXXARO,1.108397,7.26,6.55
2025-10-22,FABTECH,0.952402,191.89,201.48
2026-01-26,FABTECH,1.066604,171.35,160.65
2026-03-31,FABTECH,1.104851,153.74,139.15
2026-01-26,FACT,1.029989,805.4,781.95
2026-02-02,FACT,0.955005,780.0,816.75
2026-03-03,FACT,1.046008,743.45,710.75
2026-03-31,FACT,1.052526,788.5,749.15
2026-05-28,FACT,0.978341,903.4,923.4
2026-02-02,FAIRCHEMOR,0.956354,621.2,649.55
2026-03-31,FAIRCHEMOR,1.05612,457.3,433.0
2026-04-03,FAIRCHEMOR,0.951434,471.15,495.2
2026-01-15,FALCONTECH,1.043333,15.65,15.0
2026-01-26,FALCONTECH,0.953795,14.45,15.15
2026-02-02,FALCONTECH,1.033003,15.65,15.15
2026-03-03,FALCONTECH,0.977492,15.2,15.55
2026-03-26,FALCONTECH,0.970954,11.7,12.05
2026-03-31,FALCONTECH,0.965251,12.5,12.95
2026-05-01,FALCONTECH,1.028369,14.5,14.1
2026-05-28,FALCONTECH,1.040293,14.2,13.65
2026-03-03,FAZE3Q,1.028421,457.75,445.1
2026-03-26,FAZE3Q,0.952467,394.75,414.45
2026-03-31,FAZE3Q,1.041804,393.75,377.95
2026-04-03,FAZE3Q,0.953961,396.8,415.95
2026-04-14,FAZE3Q,1.027525,451.7,439.6
2026-05-01,FAZE3Q,1.034793,459.5,444.05
2026-05-28,FAZE3Q,0.972498,509.2,523.6
2025-11-05,FCL,1.104791,32.05,29.01
2026-01-26,FCL,1.030847,22.39,21.72
2026-03-03,FCL,1.029655,23.61,22.93
2026-03-31,FCL,1.048337,20.17,19.24
2026-05-28,FCL,1.023859,39.48,38.56
2026-06-26,FCL,1.048655,42.89,40.9
2026-03-03,FCONSUMER,1.028571,0.36,0.35
2026-03-31,FCONSUMER,1.032258,0.32,0.31
2026-04-14,FCONSUMER,0.96875,0.31,0.32
2025-12-25,FCSSOFT,1.026316,1.95,1.9
2026-01-26,FCSSOFT,1.045161,1.62,1.55
2026-02-02,FCSSOFT,1.045161,1.62,1.55
2026-03-03,FCSSOFT,1.046358,1.58,1.51
2026-03-31,FCSSOFT,1.111111,1.3,1.17
2026-04-03,FCSSOFT,0.963235,1.31,1.36
2026-04-14,FCSSOFT,1.070588,1.82,1.7
2025-10-22,FDC,0.969363,435.05,448.8
2025-11-05,FDC,1.028958,460.15,447.2
2026-03-03,FDC,0.958608,356.65,372.05
2026-05-28,FDC,0.93854,403.15,429.55
2026-05-01,FEDDERSHOL,1.023529,34.8,34.0
2026-06-26,FEDDERSHOL,0.945855,39.48,41.74
2026-03-26,FEDERALBNK,0.968813,262.5,270.95
2026-03-31,FEDERALBNK,1.038165,269.3,259.4
2025-10-22,FEDFINA,0.964241,146.42,151.85
2026-01-15,FEDFINA,0.918986,162.1,176.39
2026-01-26,FEDFINA,1.037315,150.67,145.25
2026-02-02,FEDFINA,0.929583,141.78,152.52
2026-03-26,FEDFINA,0.972308,128.51,132.17
2026-03-31,FEDFINA,1.050387,130.29,124.04
2026-04-03,FEDFINA,0.958462,130.6,136.26
2026-04-14,FEDFINA,1.025952,143.11,139.49
2025-10-22,FEL,0.98,0.49,0.5
2025-11-05,FEL,1.02381,0.43,0.42
2026-01-26,FEL,0.977778,0.44,0.45
2026-02-02,FEL,0.977778,0.44,0.45
2026-03-03,FEL,1.02381,0.43,0.42
2026-03-26,FEL,1.025641,0.4,0.39
2026-03-31,FEL,1.027027,0.38,0.37
2026-04-14,FEL,0.977273,0.43,0.44
2026-05-28,FEL,1.023256,0.44,0.43
2025-12-25,FELDVR,0.971963,3.12,3.21
2026-01-26,FELDVR,0.959322,2.83,2.95
2026-02-02,FELDVR,0.952542,2.81,2.95
2026-03-03,FELDVR,1.045775,2.97,2.84
2026-03-26,FELDVR,0.953488,2.46,2.58
2026-03-31,FELDVR,1.050584,2.7,2.57
2026-05-01,FELDVR,0.952703,2.82,2.96
2026-05-28,FELDVR,0.95539,2.57,2.69
2026-06-26,FELDVR,1.048387,2.6,2.48
2025-10-22,FELIX,0.974892,180.55,185.2
2025-11-05,FELIX,1.020622,175.7,172.15
2025-12-25,FELIX,0.979388,156.8,160.1
2026-03-03,FELIX,1.057002,192.85,182.45
2026-03-31,FELIX,1.036278,164.25,158.5
2026-04-14,FELIX,0.972484,180.25,185.35
2026-06-26,FELIX,1.025167,191.45,186.75
2026-05-28,FERMENTA,0.976409,287.65,294.6
2026-02-02,FIBERWEB,1.031551,39.56,38.35
2026-03-26,FIBERWEB,0.976744,34.02,34.83
2026-03-31,FIBERWEB,1.051566,33.24,31.61
2026-04-03,FIBERWEB,0.954284,33.19,34.78
2025-11-05,FIDEL,1.041148,150.55,144.6
2025-12-25,FIDEL,1.03561,142.5,137.6
2026-01-26,FIDEL,1.021341,134.0,131.2
2026-02-03,FIDEL,0.964029,134.0,139.0
2026-03-03,FIDEL,1.028125,131.6,128.0
2026-03-31,FIDEL,1.024,128.0,125.0
2026-05-01,FIDEL,0.977337,172.5,176.5
2026-01-26,FIEMIND,1.027452,2204.5,2145.6
2026-03-26,FIEMIND,0.965348,2011.4,2083.6
2026-03-31,FIEMIND,1.028887,1966.1,1910.9
2026-04-14,FIEMIND,1.023881,2216.6,2164.9
2026-05-28,FIEMIND,0.972357,2251.2,2315.2
2026-01-26,FILATEX,1.028077,43.94,42.74
2026-02-02,FILATEX,1.033725,47.51,45.96
2026-03-03,FILATEX,1.031882,43.37,42.03
2026-03-31,FILATEX,1.040379,38.39,36.9
2026-04-14,FILATEX,1.027651,44.97,43.76
2026-05-28,FILATEX,0.936043,43.76,46.75
2025-10-22,FILATFASH,0.979592,0.48,0.49
2025-11-05,FILATFASH,1.020833,0.49,0.48
2025-12-25,FILATFASH,1.027778,0.37,0.36
2026-01-15,FILATFASH,0.967742,0.3,0.31
2026-03-03,FILATFASH,1.047619,0.22,0.21
2026-03-31,FILATFASH,1.071429,0.15,0.14
2026-04-03,FILATFASH,0.9375,0.15,0.16
2026-04-14,FILATFASH,0.954545,0.21,0.22
2026-05-01,FILATFASH,1.038462,0.27,0.26
2026-02-02,FINBUD,0.978817,110.9,113.3
2026-03-03,FINBUD,1.047382,105.0,100.25
2026-03-26,FINBUD,1.050382,103.2,98.25
2026-03-31,FINBUD,1.09868,87.4,79.55
2026-04-03,FINBUD,0.962067,87.5,90.95
2026-04-14,FINBUD,1.03235,108.5,105.1
2026-05-01,FINBUD,1.0358,130.2,125.7
2026-05-28,FINBUD,0.954879,123.8,129.65
2026-03-03,FINCABLES,0.965397,913.7,946.45
2026-03-26,FINCABLES,0.979691,815.25,832.15
2026-03-31,FINCABLES,1.038828,806.65,776.5
2026-05-28,FINCABLES,0.922616,1086.15,1177.25
2026-01-26,FINEORG,1.021792,3971.5,3886.8
2026-03-03,FINEORG,1.054419,4710.3,4467.2
2026-04-03,FINEORG,0.954369,4164.2,4363.3
2026-04-14,FINEORG,1.020192,4653.3,4561.2
2026-05-01,FINEORG,1.020203,4721.6,4628.1
2026-02-02,FINIETF,0.970821,30.61,31.53
2026-03-26,FINIETF,0.970568,28.69,29.56
2026-03-31,FINIETF,1.029348,28.41,27.6
2025-10-22,FINKURVE,0.972396,118.36,121.72
2025-12-25,FINKURVE,1.020615,105.95,103.81
2026-02-02,FINKURVE,1.027456,84.2,81.95
2026-03-03,FINKURVE,1.165744,77.93,66.85
2026-03-31,FINKURVE,1.094184,55.88,51.07
2026-04-03,FINKURVE,1.049153,56.35,53.71
2026-04-14,FINKURVE,1.022166,64.56,63.16
2026-05-01,FINKURVE,1.022727,73.8,72.16
2026-05-28,FINKURVE,1.0419,63.16,60.62
2026-01-26,FINOPB,1.033099,220.05,213.0
2026-03-26,FINOPB,0.909135,112.46,123.7
2026-03-31,FINOPB,1.076109,127.11,118.12
2026-04-03,FINOPB,1.022334,124.51,121.79
2026-05-01,FINOPB,1.064491,134.36,126.22
2026-05-28,FINOPB,0.954691,127.9,133.97
2026-06-26,FINOPB,1.022442,149.89,146.6
2026-03-03,FINPIPE,1.027169,185.25,180.35
2026-03-31,FINPIPE,1.051284,157.64,149.95
2026-05-28,FINPIPE,0.928151,178.14,191.93
2026-06-26,FINPIPE,1.041986,183.65,176.25
2026-02-02,FIRSTCRY,0.952458,263.45,276.6
2026-03-31,FIRSTCRY,1.07411,223.78,208.34
2026-05-28,FIRSTCRY,1.033024,237.11,229.53
2025-11-05,FISCHER,1.139164,107.07,93.99
2026-01-15,FISCHER,1.025595,40.07,39.07
2026-01-26,FISCHER,1.020157,36.44,35.72
2026-02-02,FISCHER,0.974552,37.53,38.51
2026-03-03,FISCHER,1.031545,38.26,37.09
2026-03-26,FISCHER,0.95564,35.33,36.97
2026-03-31,FISCHER,0.957037,38.76,40.5
2026-05-01,FISCHER,1.022919,38.83,37.96
2026-06-26,FISCHER,0.977543,36.13,36.96
2026-03-03,FIVESTAR,1.022928,417.15,407.8
2026-03-26,FIVESTAR,0.952823,364.55,382.6
2026-03-31,FIVESTAR,1.06729,376.7,352.95
2026-05-01,FIVESTAR,1.038786,498.15,479.55
2025-12-25,FLAIR,0.973771,295.15,303.1
2026-01-26,FLAIR,1.02481,309.8,302.3
2026-04-03,FLAIR,0.976858,289.15,296.0
2026-06-26,FLAIR,1.027715,272.55,265.2
2026-01-26,FLEXIADD,1.023969,10.68,10.43
2026-03-31,FLEXIADD,1.020089,9.14,8.96
2025-10-22,FLEXITUFF,1.036471,21.03,20.29
2025-11-05,FLEXITUFF,1.042412,20.4,19.57
2026-01-26,FLEXITUFF,0.976081,10.61,10.87
2026-03-03,FLEXITUFF,1.040524,8.73,8.39
2026-03-31,FLEXITUFF,1.027508,6.35,6.18
2026-04-14,FLEXITUFF,0.976012,6.51,6.67
2026-05-01,FLEXITUFF,0.9375,6.9,7.36
2026-05-28,FLEXITUFF,0.97511,6.66,6.83
2026-06-26,FLEXITUFF,1.051155,6.37,6.06
2025-12-25,FLFL,1.035211,1.47,1.42
2026-01-15,FLFL,1.034483,1.5,1.45
2026-01-26,FLFL,1.045113,1.39,1.33
2026-03-03,FLFL,0.967742,1.2,1.24
2026-03-26,FLFL,0.96875,1.24,1.28
2026-03-31,FLFL,1.050847,1.24,1.18
2026-01-26,FLUOROCHEM,1.0393,3250.1,3127.2
2026-02-02,FLUOROCHEM,0.972654,2970.0,3053.5
2026-03-03,FLUOROCHEM,1.050199,3483.3,3316.8
2026-05-01,FLUOROCHEM,0.933204,3361.4,3602.0
2026-05-28,FLUOROCHEM,1.027729,3784.2,3682.1
2026-01-15,FLYSBS,1.042049,459.7,441.15
2026-02-02,FLYSBS,1.049893,466.1,443.95
2026-03-03,FLYSBS,1.052544,476.75,452.95
2026-03-31,FLYSBS,1.037314,373.9,360.45
2026-04-03,FLYSBS,0.952429,378.4,397.3
2026-04-14,FLYSBS,1.021212,423.65,414.85
2026-03-31,FMCGIETF,1.020752,49.68,48.67
2025-11-05,FMGOETZE,0.941399,472.3,501.7
2026-01-26,FMGOETZE,1.029589,434.95,422.45
2026-03-03,FMGOETZE,1.035474,407.2,393.25
2026-03-26,FMGOETZE,0.910277,366.25,402.35
2026-03-31,FMGOETZE,0.978589,379.35,387.65
2025-10-22,FMNL,0.952511,10.43,10.95
2026-01-15,FMNL,1.022305,8.25,8.07
2026-01-26,FMNL,0.956016,7.39,7.73
2026-02-02,FMNL,0.950631,8.28,8.71
2026-03-03,FMNL,0.967366,8.3,8.58
2026-03-26,FMNL,1.041209,7.58,7.28
2026-03-31,FMNL,0.963788,6.92,7.18
2026-04-03,FMNL,0.952625,7.44,7.81
2026-05-01,FMNL,0.910417,8.74,9.6
2026-05-28,FMNL,1.040039,10.65,10.24
2025-11-05,FOCE,0.979381,1900.0,1940.0
2025-12-25,FOCE,0.965333,1810.0,1875.0
2026-03-31,FOCE,0.952429,521.55,547.6
2026-05-28,FOCE,0.979203,565.0,577.0
2026-01-26,FOCUS,1.031593,69.55,67.42
2026-05-01,FOCUS,0.9684,76.92,79.43
2026-05-28,FOCUS,1.037814,82.61,79.6
2025-11-05,FONEBOX,0.833488,90.1,108.1
2026-03-03,FONEBOX,1.061453,76.0,71.6
2026-03-31,FONEBOX,1.129707,67.5,59.75
2026-04-03,FONEBOX,0.933594,59.75,64.0
2026-06-26,FONEBOX,1.024967,78.0,76.1
2025-11-05,FOODSIN,1.028125,84.81,82.49
2026-03-31,FOODSIN,1.079206,49.46,45.83
2026-04-03,FOODSIN,0.948577,51.65,54.45
2026-04-14,FOODSIN,1.031976,61.32,59.42
2025-11-05,FORCAS,1.055731,133.55,126.5
2025-12-25,FORCAS,1.040984,127.0,122.0
2026-02-02,FORCAS,0.974199,109.5,112.4
2026-03-03,FORCAS,1.054746,105.0,99.55
2026-03-31,FORCAS,1.039474,98.75,95.0
2026-05-28,FORCAS,1.042482,109.2,104.75
2026-01-26,FORCEMOT,1.070893,20695.0,19325.0
2026-02-02,FORCEMOT,0.97838,18780.0,19195.0
2026-03-03,FORCEMOT,1.041104,24341.0,23380.0
2026-03-31,FORCEMOT,1.051791,20410.0,19405.0
2026-04-14,FORCEMOT,1.024692,22617.0,22072.0
2026-05-01,FORCEMOT,1.054311,20985.0,19904.0
2026-06-26,FORCEMOT,0.975858,17947.0,18391.0
2025-11-05,FORGEAUTO,1.057003,140.0,132.45
2026-01-15,FORGEAUTO,1.051716,114.9,109.25
2026-02-02,FORGEAUTO,0.950333,92.8,97.65
2026-03-03,FORGEAUTO,0.963387,84.2,87.4
2026-03-31,FORGEAUTO,1.051095,72.0,68.5
2026-04-14,FORGEAUTO,0.964069,87.2,90.45
2026-05-28,FORGEAUTO,1.052261,104.7,99.5
2026-06-26,FORGEAUTO,0.952381,88.0,92.4
2026-02-02,FORTIS,0.978039,832.8,851.5
2026-03-26,FORTIS,0.977473,811.4,830.1
2026-03-31,FORTIS,1.024088,814.15,795.0
2026-06-26,FORTIS,1.021575,975.4,954.8
2026-02-02,FOSECOIND,0.976513,4386.3,4491.8
2026-03-31,FOSECOIND,1.045884,4866.5,4653.0
2026-04-14,FOSECOIND,1.021978,4598.8,4499.9
2026-03-03,FRACTAL,1.035928,778.5,751.5
2026-03-31,FRACTAL,1.043584,792.55,759.45
2026-04-14,FRACTAL,0.975989,829.2,849.6
2026-05-28,FRACTAL,0.951009,973.5,1023.65
2026-06-26,FRACTAL,1.023797,946.5,924.5
2025-10-22,FRESHARA,0.978222,166.2,169.9
2025-11-05,FRESHARA,0.975572,155.75,159.65
2026-03-26,FRESHARA,0.965585,172.55,178.7
2026-03-31,FRESHARA,1.050986,173.15,164.75
2026-04-14,FRESHARA,1.028602,190.6,185.3
2026-05-01,FRESHARA,0.963921,203.05,210.65
2026-05-28,FRESHARA,1.06686,220.2,206.4
2025-11-05,FROG,1.025914,211.8,206.45
2026-02-02,FROG,0.954242,142.85,149.7
2026-03-03,FROG,1.035637,143.85,138.9
2026-03-26,FROG,0.900486,138.9,154.25
2026-03-31,FROG,1.145421,153.2,133.75
2026-04-03,FROG,0.970408,142.65,147.0
2026-04-14,FROG,0.935493,170.4,182.15
2026-05-28,FROG,0.952531,151.5,159.05
2026-06-26,FROG,0.952693,160.1,168.05
2026-05-28,FRONTSP,0.956657,1593.6,1665.8
2025-10-22,FSC,0.953975,2.28,2.39
2026-02-02,FSL,0.971393,310.7,319.85
2026-03-26,FSL,0.962961,216.05,224.36
2026-03-31,FSL,1.041489,212.87,204.39
2026-04-14,FSL,1.020088,220.39,216.05
2026-05-28,FSL,1.048119,277.72,264.97
2025-11-05,FUSION,1.048673,187.23,178.54
2026-02-02,FUSION,0.976005,178.97,183.37
2026-03-03,FUSION,1.03343,188.26,182.17
2026-03-31,FUSION,1.020327,141.05,138.24
2026-04-14,FUSION,1.041128,157.71,151.48
2026-06-26,FUSION,0.938632,180.94,192.77
2026-01-15,FWSTC,1.078057,212.0,196.65
2026-01-26,FWSTC,1.049738,200.5,191.0
2026-03-03,FWSTC,1.030719,187.9,182.3
2026-03-26,FWSTC,1.047468,165.5,158.0
2026-05-28,FWSTC,1.029412,175.0,170.0
2026-06-26,FWSTC,1.057666,193.5,182.95
2026-01-15,GABRIEL,1.021336,952.6,932.7
2026-01-26,GABRIEL,1.021095,919.7,900.7
2026-03-03,GABRIEL,1.047454,998.8,953.55
2026-03-26,GABRIEL,0.975887,860.0,881.25
2026-05-28,GABRIEL,0.972195,1097.9,1129.3
2025-10-22,GAEL,0.96553,103.64,107.34
2026-01-26,GAEL,1.029427,139.93,135.93
2026-02-02,GAEL,0.975888,137.61,141.01
2026-03-26,GAEL,0.977074,128.71,131.73
2026-05-01,GAEL,0.972071,151.4,155.75
2026-06-26,GAEL,1.020787,161.56,158.27
2026-02-02,GAIL,0.970889,162.42,167.29
2026-03-03,GAIL,1.027019,169.53,165.07
2026-02-02,GAJANAND,0.915842,9.25,10.1
2026-03-26,GAJANAND,0.885906,6.6,7.45
2026-03-31,GAJANAND,1.155039,7.45,6.45
2026-04-03,GAJANAND,1.020833,7.35,7.2
2025-12-25,GALAPREC,1.024653,812.55,793.0
2026-02-02,GALAPREC,1.17673,841.95,715.5
2026-03-03,GALAPREC,1.034842,749.95,724.7
2026-03-31,GALAPREC,1.053313,739.9,702.45
2026-04-03,GALAPREC,0.969995,711.2,733.2
2026-06-26,GALAPREC,1.044802,1132.2,1083.65
2026-03-26,GALAXYSURF,0.95873,1561.1,1628.3
2026-03-31,GALAXYSURF,1.05447,1597.1,1514.6
2026-05-01,GALAXYSURF,1.032899,1918.3,1857.2
2026-04-14,GALLANTT,0.970023,658.5,678.85
2026-01-15,GANDHAR,1.050003,161.69,153.99
2026-01-26,GANDHAR,0.970449,158.29,163.11
2026-02-02,GANDHAR,0.953611,142.87,149.82
2026-03-03,GANDHAR,1.021681,140.43,137.45
2026-03-31,GANDHAR,1.05771,123.53,116.79
2026-06-26,GANDHAR,1.024493,179.44,175.15
2025-10-22,GANDHITUBE,0.973909,894.0,917.95
2025-12-25,GANDHITUBE,1.021091,779.45,763.35
2026-02-02,GANDHITUBE,0.954676,700.35,733.6
2026-03-03,GANDHITUBE,1.030435,873.5,847.7
2026-03-31,GANDHITUBE,1.027829,779.3,758.2
2026-05-28,GANDHITUBE,1.022736,843.45,824.7
2026-01-15,GANECOS,1.046477,776.8,742.3
2026-02-02,GANECOS,1.041083,713.35,685.2
2026-03-03,GANECOS,1.027988,773.15,752.1
2026-03-31,GANECOS,0.916476,780.7,851.85
2026-04-03,GANECOS,0.920776,1022.2,1110.15
2025-11-05,GANESHBE,1.02286,87.25,85.3
2026-01-15,GANESHBE,1.022185,78.33,76.63
2026-02-02,GANESHBE,0.964099,70.09,72.7
2026-03-03,GANESHBE,1.044388,82.35,78.85
2026-03-31,GANESHBE,1.063974,76.67,72.06
2026-06-26,GANESHBE,1.020745,105.79,103.64
2025-11-05,GANESHCP,1.02879,282.3,274.4
2026-01-15,GANESHCP,1.025273,209.33,204.17
2026-01-26,GANESHCP,1.023846,199.22,194.58
2026-02-02,GANESHCP,1.032099,200.64,194.4
2026-03-03,GANESHCP,0.948196,176.08,185.7
2026-03-31,GANESHCP,0.976875,166.44,170.38
2026-04-03,GANESHCP,0.966833,174.32,180.3
2026-06-26,GANESHCP,1.032478,199.96,193.67
2026-01-15,GANESHHOU,1.025821,766.75,747.45
2026-01-26,GANESHHOU,1.029087,741.2,720.25
2026-03-26,GANESHHOU,0.977122,574.45,587.9
2026-03-31,GANESHHOU,1.080304,546.85,506.2
2026-05-01,GANESHHOU,1.026219,683.0,665.55
2025-12-25,GANESHIN,1.040272,206.65,198.65
2026-01-15,GANESHIN,1.035526,107.85,104.15
2026-01-26,GANESHIN,0.969731,86.5,89.2
2026-03-03,GANESHIN,1.052174,78.65,74.75
2026-03-31,GANESHIN,1.04176,69.85,67.05
2026-04-03,GANESHIN,0.952639,70.4,73.9
2026-04-14,GANESHIN,1.033641,78.35,75.8
2026-05-01,GANESHIN,1.02416,86.9,84.85
2026-05-28,GANESHIN,0.952717,87.65,92.0
2026-03-26,GANGABATH,1.045213,19.65,18.8
2026-04-03,GANGABATH,0.954545,18.9,19.8
2026-04-14,GANGABATH,1.026201,23.5,22.9
2025-10-22,GANGAFORGE,0.970822,3.66,3.77
2026-01-26,GANGAFORGE,0.920118,3.11,3.38
2026-03-03,GANGAFORGE,1.034364,3.01,2.91
2026-03-26,GANGAFORGE,1.022388,2.74,2.68
2026-03-31,GANGAFORGE,1.092437,2.6,2.38
2026-06-26,GANGAFORGE,1.029167,2.47,2.4
2025-11-05,GANGESSECU,1.028384,156.52,152.2
2026-02-02,GANGESSECU,1.029051,122.56,119.1
2026-03-26,GANGESSECU,0.965931,107.17,110.95
2026-03-31,GANGESSECU,1.045319,108.87,104.15
2025-10-22,GARFIBRES,0.976707,765.25,783.5
2026-02-02,GARFIBRES,0.969523,634.65,654.6
2026-03-31,GARFIBRES,0.977237,592.45,606.25
2025-10-22,GARUDA,0.977857,196.52,200.97
2025-11-05,GARUDA,0.952019,214.09,224.88
2026-01-15,GARUDA,1.036741,194.7,187.8
2026-01-26,GARUDA,1.067931,170.1,159.28
2026-03-03,GARUDA,1.033095,177.62,171.93
2026-03-26,GARUDA,0.977719,151.83,155.29
2026-03-31,GARUDA,1.081268,143.56,132.77
2026-05-01,GARUDA,1.021183,172.1,168.53
2026-05-28,GARUDA,0.961104,170.99,177.91
2026-06-26,GARUDA,1.025994,183.93,179.27
2025-12-25,GATECH,1.053571,0.59,0.56
2026-01-26,GATECH,1.041667,0.5,0.48
2026-02-02,GATECH,1.04,0.52,0.5
2026-03-03,GATECH,1.042553,0.49,0.47
2026-03-31,GATECH,1.05,0.42,0.4
2026-04-03,GATECH,0.976744,0.42,0.43
2026-04-14,GATECH,1.042553,0.49,0.47
2026-01-15,GATECHDVR,1.021277,0.48,0.47
2026-02-02,GATECHDVR,1.022727,0.45,0.44
2026-03-03,GATECHDVR,1.044444,0.47,0.45
2026-03-26,GATECHDVR,0.925,0.37,0.4
2026-03-31,GATECHDVR,1.026316,0.39,0.38
2026-04-14,GATECHDVR,1.021739,0.47,0.46
2026-06-26,GATECHDVR,1.045455,0.46,0.44
2026-03-03,GATEWAY,1.035915,58.84,56.8
2026-03-26,GATEWAY,0.930828,51.27,55.08
2026-03-31,GATEWAY,1.068249,54.0,50.55
2026-04-03,GATEWAY,0.973301,52.86,54.31
2026-06-26,GATEWAY,1.05439,61.84,58.65
2026-03-03,GAUDIUMIVF,0.970261,80.26,82.72
2026-03-31,GAUDIUMIVF,1.054243,75.41,71.53
2026-04-03,GAUDIUMIVF,1.029931,78.8,76.51
2026-05-01,GAUDIUMIVF,0.952416,115.69,121.47
2026-05-28,GAUDIUMIVF,1.020378,119.17,116.79
2026-06-26,GAUDIUMIVF,1.020344,110.84,108.63
2025-10-22,GAYAHWS,1.052632,3.6,3.42
2025-11-05,GAYAHWS,0.953488,3.69,3.87
2026-01-26,GAYAHWS,1.051402,2.25,2.14
2026-02-02,GAYAHWS,1.045685,2.06,1.97
2026-03-03,GAYAHWS,1.050228,2.3,2.19
2026-03-26,GAYAHWS,0.976744,2.1,2.15
2026-03-31,GAYAHWS,1.03,2.06,2.0
2026-04-03,GAYAHWS,0.963303,2.1,2.18
2026-04-14,GAYAHWS,1.026201,2.35,2.29
2026-03-31,GAYAPROJ,0.971528,13.99,14.4
2026-04-14,GAYAPROJ,0.95288,16.38,17.19
2026-05-01,GAYAPROJ,0.952567,17.07,17.92
2026-06-26,GAYAPROJ,1.046554,22.93,21.91
2025-10-22,GCHOTELS,0.96619,202.9,210.0
2026-01-15,GCHOTELS,1.03619,151.75,146.45
2026-02-02,GCHOTELS,0.965913,130.35,134.95
2026-03-03,GCHOTELS,1.054684,110.9,105.15
2026-03-26,GCHOTELS,1.021035,89.8,87.95
2026-03-31,GCHOTELS,1.104725,86.5,78.3
2026-04-03,GCHOTELS,0.962984,85.85,89.15
2026-05-01,GCHOTELS,1.034049,98.7,95.45
2026-05-28,GCHOTELS,1.089566,121.65,111.65
2026-06-26,GCHOTELS,1.02271,132.85,129.9
2025-11-05,GCSL,0.968884,235.4,242.96
2025-12-25,GCSL,0.978202,359.0,367.0
2026-01-15,GCSL,0.971702,324.5,333.95
2026-02-02,GCSL,1.049885,295.7,281.65
2026-03-26,GCSL,0.962796,341.6,354.8
2026-03-31,GCSL,1.035265,358.15,345.95
2026-05-01,GCSL,0.95827,346.75,361.85
2026-06-26,GCSL,1.020027,420.2,411.95
2025-11-05,GEECEE,1.027937,349.55,340.05
2026-03-31,GEECEE,1.038644,229.8,221.25
2026-04-03,GEECEE,0.974224,235.85,242.09
2026-04-14,GEECEE,1.061526,313.49,295.32
2026-06-26,GEECEE,1.020161,349.15,342.25
2025-11-05,GEEKAYWIRE,1.021926,34.49,33.75
2026-02-02,GEEKAYWIRE,1.086102,30.4,27.99
2026-03-03,GEEKAYWIRE,1.055861,24.95,23.63
2026-03-31,GEEKAYWIRE,1.025237,19.5,19.02
2026-04-03,GEEKAYWIRE,0.974636,20.75,21.29
2026-04-14,GEEKAYWIRE,0.960636,25.38,26.42
2026-05-01,GEEKAYWIRE,1.069675,27.02,25.26
2025-12-25,GEMAROMA,0.97524,162.28,166.4
2026-01-26,GEMAROMA,1.026431,154.56,150.58
2026-03-31,GEMAROMA,1.052586,145.32,138.06
2026-04-03,GEMAROMA,0.952431,144.96,152.2
2025-10-22,GENCON,0.921658,40.47,43.91
2025-11-05,GENCON,0.969123,41.43,42.75
2025-12-25,GENCON,1.047682,47.68,45.51
2026-01-26,GENCON,1.022349,44.83,43.85
2026-03-26,GENCON,0.960987,40.89,42.55
2026-04-03,GENCON,1.047785,45.17,43.11
2026-06-26,GENCON,0.94801,41.21,43.47
2025-12-25,GENESYS,0.95,432.25,455.0
2026-01-15,GENESYS,1.065525,379.7,356.35
2026-01-26,GENESYS,1.097375,338.65,308.6
2026-03-03,GENESYS,1.048109,300.65,286.85
2026-03-31,GENESYS,1.099084,227.95,207.4
2026-04-14,GENESYS,0.961737,244.06,253.77
2026-06-26,GENESYS,1.090505,356.05,326.5
2025-11-05,GENSOL,1.027494,32.14,31.28
2026-01-26,GENSOL,0.95267,21.94,23.03
2026-02-09,GENSOL,1.049696,29.36,27.97
2026-03-03,GENSOL,1.052214,25.19,23.94
2026-03-31,GENSOL,1.052254,20.54,19.52
2026-04-14,GENSOL,0.952709,22.16,23.26
2026-01-26,GENUSPAPER,1.027778,12.21,11.88
2026-03-03,GENUSPAPER,1.056884,12.82,12.13
2026-03-31,GENUSPAPER,1.112613,9.88,8.88
2026-04-03,GENUSPAPER,0.97277,10.36,10.65
2026-04-14,GENUSPAPER,0.96885,12.13,12.52
2026-06-26,GENUSPAPER,1.020661,12.35,12.1
2026-01-15,GENUSPOWER,0.978225,269.55,275.55
2026-02-02,GENUSPOWER,0.957906,270.8,282.7
2026-03-31,GENUSPOWER,1.048627,225.35,214.9
2026-05-28,GENUSPOWER,1.023073,325.9,318.55
2026-06-26,GENUSPOWER,1.04476,348.95,334.0
2025-12-25,GEOJITFSL,1.022459,79.67,77.92
2026-03-03,GEOJITFSL,1.022834,63.16,61.75
2026-03-26,GEOJITFSL,0.965393,56.35,58.37
2026-03-31,GEOJITFSL,1.064332,55.92,52.54
2026-04-14,GEOJITFSL,1.02736,64.21,62.5
2025-11-05,GESHIP,1.029618,1084.6,1053.4
2026-04-14,GESHIP,1.028158,1372.9,1335.3
2026-05-28,GESHIP,1.092238,1650.7,1511.3
2025-10-22,GFLLIMITED,0.915467,70.61,77.13
2026-03-03,GFLLIMITED,1.032979,45.73,44.27
2026-03-31,GFLLIMITED,1.039957,39.04,37.54
2026-04-03,GFLLIMITED,0.969082,39.18,40.43
2026-05-01,GFLLIMITED,0.974475,47.34,48.58
2026-03-31,GGBL,1.058379,231.15,218.4
2026-04-14,GGBL,0.96494,273.85,283.8
2026-03-03,GHCL,1.022293,479.2,468.75
2026-03-26,GHCL,0.953768,429.1,449.9
2026-04-14,GHCL,0.971286,475.25,489.3
2026-02-02,GHCLTEXTIL,0.973912,74.29,76.28
2026-03-03,GHCLTEXTIL,1.038749,76.4,73.55
2026-03-31,GHCLTEXTIL,1.048367,68.71,65.54
2026-04-03,GHCLTEXTIL,0.964638,70.38,72.96
2026-05-28,GHCLTEXTIL,0.955476,95.71,100.17
2026-06-26,GHCLTEXTIL,1.039421,96.24,92.59
2026-03-31,GICHSGFIN,1.026426,134.78,131.31
2026-06-26,GICHSGFIN,1.044208,166.76,159.7
2025-11-05,GICL,0.970862,41.65,42.9
2026-02-02,GICL,0.977324,43.1,44.1
2026-03-26,GICL,0.886627,31.36,35.37
2026-03-31,GICL,0.956987,37.6,39.29
2026-04-03,GICL,1.046799,40.71,38.89
2026-04-14,GICL,1.021034,41.26,40.41
2026-06-26,GICL,1.111111,20.1,18.09
2026-01-26,GICRE,1.021856,378.7,370.6
2026-03-03,GICRE,1.02846,383.05,372.45
2026-03-26,GICRE,0.972774,357.3,367.3
2026-04-14,GICRE,1.020796,397.6,389.5
2026-01-15,GILLANDERS,1.028372,101.85,99.04
2026-03-03,GILLANDERS,1.042846,92.49,88.69
2026-03-26,GILLANDERS,0.93938,79.34,84.46
2026-03-31,GILLANDERS,1.047835,80.83,77.14
2026-04-03,GILLANDERS,0.956872,81.87,85.56
2026-04-14,GILLANDERS,1.020228,90.28,88.49
2025-12-25,GILLETTE,0.967485,8019.0,8288.5
2026-03-03,GILLETTE,1.021989,8342.5,8163.0
2026-03-31,GILLETTE,1.029986,7471.0,7253.5
2026-05-28,GILLETTE,0.953768,7891.0,8273.5
2026-03-26,GINNIFILA,0.973854,36.13,37.1
2026-03-31,GINNIFILA,1.050496,34.95,33.27
2026-04-03,GINNIFILA,0.969265,35.32,36.44
2026-04-14,GINNIFILA,0.971482,41.22,42.43
2026-06-26,GINNIFILA,1.061229,52.17,49.16
2026-02-02,GIPCL,0.97223,136.89,140.8
2026-03-03,GIPCL,1.033443,141.22,136.65
2026-03-26,GIPCL,0.976448,128.94,132.05
2026-03-31,GIPCL,1.041556,125.82,120.8
2026-04-14,GIPCL,0.970703,138.83,143.02
2025-11-05,GIRIRAJ,1.052543,188.3,178.9
2025-12-25,GIRIRAJ,0.952561,213.85,224.5
2026-03-03,GIRIRAJ,1.052467,134.4,127.7
2026-03-26,GIRIRAJ,0.971827,188.0,193.45
2026-03-31,GIRIRAJ,1.027027,190.0,185.0
2026-06-26,GIRIRAJ,1.046154,136.0,130.0
2026-03-03,GJL,0.952492,163.4,171.55
2026-03-26,GJL,1.052596,235.15,223.4
2026-03-31,GJL,1.052566,212.25,201.65
2026-04-03,GJL,1.052458,191.6,182.05
2026-04-14,GJL,1.052582,168.15,159.75
2026-05-01,GJL,1.032541,165.0,159.8
2026-05-28,GJL,0.955263,127.05,133.0
2026-06-26,GJL,0.956501,196.8,205.75
2025-12-25,GKENERGY,0.97471,151.85,155.79
2026-01-26,GKENERGY,1.051941,124.35,118.21
2026-02-02,GKENERGY,0.950024,100.94,106.25
2026-03-03,GKENERGY,1.052562,111.34,105.78
2026-03-31,GKENERGY,1.052567,94.91,90.17
2026-05-01,GKENERGY,1.020961,130.05,127.38
2026-06-26,GKENERGY,1.038191,151.96,146.37
2026-01-15,GKSL,1.021938,104.81,102.56
2026-01-26,GKSL,1.023752,101.72,99.36
2026-03-03,GKSL,1.030163,113.73,110.4
2026-05-01,GKSL,0.949369,118.88,125.22
2026-05-28,GKSL,1.036108,140.89,135.98
2026-01-15,GKWLIMITED,0.960941,1700.0,1769.1
2026-01-26,GKWLIMITED,1.056554,1722.5,1630.3
2026-03-03,GKWLIMITED,1.026254,1657.4,1615.0
2026-03-31,GKWLIMITED,1.068566,1503.9,1407.4
2026-04-03,GKWLIMITED,1.023356,1494.1,1460.0
2025-11-05,GLAND,1.031489,1972.0,1911.8
2025-12-25,GLAND,1.022909,1687.8,1650.0
2026-01-26,GLAND,1.02425,1723.3,1682.5
2026-03-26,GLAND,0.97644,1670.2,1710.5
2026-01-26,GLAXO,1.028875,2380.2,2313.4
2025-11-05,GLENMARK,1.028887,1898.4,1845.1
2026-02-02,GLENMARK,0.962349,1940.0,2015.9
2026-03-26,GLENMARK,0.966428,2095.7,2168.5
2025-10-22,GLFL,0.964286,6.75,7.0
2026-01-26,GLFL,1.046563,4.72,4.51
2026-03-03,GLFL,1.050943,5.57,5.3
2026-03-26,GLFL,0.960688,3.91,4.07
2026-04-14,GLFL,0.953488,4.51,4.73
2026-06-26,GLFL,1.02,6.63,6.5
2025-12-25,GLOBAL,1.033301,94.64,91.59
2026-02-02,GLOBAL,1.042288,85.28,81.82
2026-03-03,GLOBAL,1.029813,100.52,97.61
2026-03-31,GLOBAL,1.040078,96.54,92.82
2026-04-03,GLOBAL,0.962505,95.75,99.48
2026-04-14,GLOBAL,0.973,98.74,101.48
2026-05-28,GLOBAL,0.94614,100.13,105.83
2025-10-22,GLOBALE,0.966936,13.16,13.61
2026-01-15,GLOBALE,0.941413,11.73,12.46
2026-01-26,GLOBALE,1.021758,11.74,11.49
2026-02-02,GLOBALE,1.026747,11.9,11.59
2026-03-03,GLOBALE,1.028029,11.37,11.06
2026-04-14,GLOBALE,0.977481,11.72,11.99
2026-05-28,GLOBALE,0.963296,12.86,13.35
2026-06-26,GLOBALE,1.052,13.15,12.5
2025-10-22,GLOBALPET,0.965371,136.6,141.5
2025-12-25,GLOBALPET,1.030769,120.6,117.0
2026-01-26,GLOBALPET,1.034188,121.0,117.0
2026-03-03,GLOBALPET,1.036697,113.0,109.0
2026-03-31,GLOBALPET,0.907271,86.1,94.9
2026-04-03,GLOBALPET,1.023732,94.9,92.7
2026-04-14,GLOBALPET,0.927031,101.0,108.95
2026-06-26,GLOBALPET,0.966667,145.0,150.0
2026-01-26,GLOBALVECT,1.036321,187.74,181.16
2026-03-03,GLOBALVECT,1.056649,163.21,154.46
2026-03-31,GLOBALVECT,1.10363,146.54,132.78
2026-04-14,GLOBALVECT,0.954195,170.61,178.8
2025-11-05,GLOBE,1.034351,2.71,2.62
2026-01-15,GLOBE,1.052448,3.01,2.86
2026-03-03,GLOBE,1.081301,2.66,2.46
2026-03-26,GLOBE,1.021834,2.34,2.29
2026-03-31,GLOBE,1.09,2.18,2.0
2026-05-28,GLOBE,0.974684,2.31,2.37
2026-03-03,GLOBECIVIL,1.051559,50.58,48.1
2026-03-31,GLOBECIVIL,1.102776,37.34,33.86
2026-04-03,GLOBECIVIL,0.936451,36.84,39.34
2026-05-28,GLOBECIVIL,1.038598,43.86,42.23
2026-01-15,GLOBUSSPR,1.043847,1009.4,967.0
2026-01-26,GLOBUSSPR,1.021,933.5,914.3
2026-02-02,GLOBUSSPR,0.968087,899.45,929.1
2026-03-03,GLOBUSSPR,1.043319,894.75,857.6
2026-03-26,GLOBUSSPR,1.020604,889.15,871.2
2026-03-31,GLOBUSSPR,1.027537,824.65,802.55
2026-04-14,GLOBUSSPR,1.021068,935.4,916.1
2026-05-01,GLOBUSSPR,0.964526,1067.2,1106.45
2026-01-15,GLOSTERLTD,1.032192,633.25,613.5
2026-03-26,GLOSTERLTD,0.962307,505.5,525.3
2026-03-03,GLOTTIS,1.042424,48.16,46.2
2026-03-31,GLOTTIS,1.024646,39.08,38.14
2026-04-03,GLOTTIS,0.954069,40.92,42.89
2026-04-14,GLOTTIS,0.962932,57.67,59.89
2025-10-22,GMBREW,0.978394,1163.8,1189.5
2025-12-25,GMBREW,0.930836,1033.6,1110.4
2026-01-15,GMBREW,1.025735,1060.2,1033.6
2026-01-26,GMBREW,1.040747,985.9,947.3
2026-03-31,GMBREW,1.03873,1020.5,982.45
2026-04-14,GMBREW,1.021481,993.85,972.95
2025-11-05,GMDCLTD,1.021,600.45,588.1
2025-12-25,GMDCLTD,0.96747,527.9,545.65
2026-01-26,GMDCLTD,1.039418,539.25,518.8
2026-03-03,GMDCLTD,1.032551,569.4,551.45
2025-10-22,GML,0.977667,19.7,20.15
2025-12-25,GML,0.970852,21.65,22.3
2026-01-15,GML,0.97561,20.0,20.5
2026-01-26,GML,1.040541,19.25,18.5
2026-03-03,GML,1.042945,17.0,16.3
2026-03-26,GML,0.95942,16.55,17.25
2026-03-31,GML,1.048485,17.3,16.5
2026-04-03,GML,0.953623,16.45,17.25
2026-04-14,GML,0.953545,19.5,20.45
2026-06-26,GML,1.036415,18.5,17.85
2026-01-26,GMMPFAUDLR,1.022855,1002.5,980.1
2026-03-03,GMMPFAUDLR,1.024765,933.1,910.55
2026-03-26,GMMPFAUDLR,0.976108,831.4,851.75
2026-03-31,GMMPFAUDLR,1.021311,809.9,793.0
2026-01-26,GMRAIRPORT,1.042649,95.1,91.21
2026-02-02,GMRAIRPORT,0.956438,89.8,93.89
2026-03-03,GMRAIRPORT,1.042906,100.63,96.49
2026-03-31,GMRAIRPORT,1.051209,89.09,84.75
2025-11-05,GMRP&UI,0.961344,118.13,122.88
2025-12-25,GMRP&UI,1.028133,115.12,111.97
2026-01-26,GMRP&UI,1.025987,104.23,101.59
2026-02-02,GMRP&UI,1.022251,102.91,100.67
2026-03-03,GMRP&UI,1.063108,120.28,113.14
2026-03-31,GMRP&UI,1.0809,97.0,89.74
2026-05-28,GMRP&UI,0.975541,106.89,109.57
2026-02-02,GNA,0.976078,350.9,359.5
2026-03-03,GNA,0.977032,419.0,428.85
2026-03-26,GNA,0.93866,371.85,396.15
2026-03-31,GNA,1.059294,377.85,356.7
2026-06-26,GNA,0.961072,419.7,436.7
2025-11-05,GNFC,1.02025,506.35,496.3
2026-01-26,GNFC,0.972857,451.6,464.2
2026-03-03,GNFC,1.031285,454.9,441.1
2026-03-31,GNFC,1.051985,385.5,366.45
2026-06-26,GNFC,1.02039,558.0,546.85
2026-05-01,GNRL,0.979519,95.65,97.65
2026-06-26,GNRL,0.833382,84.88,101.85
2026-01-15,GOACARBON,0.977461,383.8,392.65
2026-01-26,GOACARBON,1.035178,372.25,359.6
2026-03-03,GOACARBON,1.026442,362.95,353.6
2026-03-26,GOACARBON,0.957893,290.05,302.8
2026-03-31,GOACARBON,1.090051,300.2,275.4
2026-04-03,GOACARBON,0.965053,294.1,304.75
2026-06-26,GOACARBON,1.029084,406.9,395.4
2026-01-26,GOCLCORP,1.057382,265.35,250.95
2026-02-02,GOCLCORP,0.972703,258.35,265.6
2026-03-03,GOCLCORP,1.044272,263.0,251.85
2026-03-26,GOCLCORP,0.935067,264.25,282.6
2026-03-31,GOCLCORP,1.07671,272.3,252.9
2026-06-26,GOCLCORP,1.037182,424.0,408.8
2026-03-31,GOCOLORS,1.0313,257.0,249.2
2026-04-03,GOCOLORS,0.974815,266.69,273.58
2026-05-01,GOCOLORS,1.08026,304.59,281.96
2026-06-26,GOCOLORS,0.960223,387.45,403.5
2025-10-22,GODAVARIB,0.963011,260.35,270.35
2025-12-25,GODAVARIB,0.930508,271.42,291.69
2026-03-03,GODAVARIB,1.05723,294.65,278.7
2026-03-31,GODAVARIB,1.025064,302.65,295.25
2026-06-26,GODAVARIB,1.0235,287.45,280.85
2025-11-05,GODFRYPHLP,1.029169,3108.4,3020.3
2026-01-26,GODFRYPHLP,1.033445,2064.1,1997.3
2026-03-03,GODFRYPHLP,1.035489,2115.4,2042.9
2026-03-26,GODFRYPHLP,0.923582,1897.5,2054.5
2026-04-14,GODFRYPHLP,1.028532,2101.6,2043.3
2026-01-15,GODIGIT,1.031183,338.95,328.7
2026-01-26,GODIGIT,0.977986,324.3,331.6
2026-01-15,GODREJAGRO,1.020596,559.95,548.65
2026-01-26,GODREJAGRO,1.02232,524.45,513.0
2026-02-02,GODREJAGRO,0.973198,519.25,533.55
2026-03-03,GODREJAGRO,1.053216,640.25,607.9
2026-03-31,GODREJAGRO,1.021975,546.45,534.7
2026-03-03,GODREJCP,1.035289,1217.5,1176.0
2026-03-26,GODREJCP,0.968546,1006.9,1039.6
2026-03-31,GODREJCP,1.024269,1008.7,984.8
2026-05-01,GODREJCP,1.021507,1090.05,1067.1
2026-01-26,GODREJIND,1.031189,1005.1,974.7
2026-03-03,GODREJIND,1.032437,993.05,961.85
2026-03-31,GODREJIND,1.03498,775.2,749.0
2026-01-26,GODREJPROP,1.051389,1620.4,1541.2
2026-02-02,GODREJPROP,0.961948,1516.8,1576.8
2026-03-31,GODREJPROP,1.023041,1505.2,1471.3
2025-10-22,GOENKA,0.954545,1.26,1.32
2026-01-26,GOKEX,1.071935,597.55,557.45
2026-02-02,GOKEX,1.107627,609.25,550.05
2026-03-26,GOKEX,0.958303,595.25,621.15
2026-04-14,GOKEX,1.024682,676.7,660.4
2026-03-03,GOKUL,1.102788,40.34,36.58
2026-03-31,GOKUL,1.099827,38.12,34.66
2026-04-14,GOKUL,1.027291,39.9,38.84
2026-05-28,GOKUL,0.937044,41.08,43.84
2026-06-26,GOKUL,1.033894,43.01,41.6
2025-11-05,GOKULAGRO,0.953992,167.75,175.84
2026-01-26,GOKULAGRO,1.054181,161.1,152.82
2026-03-03,GOKULAGRO,1.056771,169.58,160.47
2026-03-31,GOKULAGRO,1.022238,184.33,180.32
2026-05-28,GOKULAGRO,0.973836,229.28,235.44
2026-01-26,GOLD1,0.975585,125.87,129.02
2026-02-02,GOLD1,0.934921,121.68,130.15
2026-03-03,GOLD1,0.951831,132.79,139.51
2026-03-26,GOLD1,0.969172,116.32,120.02
2026-03-31,GOLD1,0.97002,118.42,122.08
2026-04-03,GOLD1,1.022806,124.23,121.46
2026-06-26,GOLD1,1.025411,118.64,115.7
2026-01-26,GOLD360,0.958746,145.25,151.5
2026-02-02,GOLD360,0.958524,146.75,153.1
2026-03-03,GOLD360,0.94816,154.55,163.0
2026-03-26,GOLD360,0.977419,136.35,139.5
2026-03-31,GOLD360,0.978084,138.35,141.45
2026-04-03,GOLD360,1.030709,146.0,141.65
2026-01-26,GOLDADD,0.97793,146.67,149.98
2026-02-02,GOLDADD,0.91049,141.39,155.29
2026-03-03,GOLDADD,0.949545,154.51,162.72
2026-03-26,GOLDADD,0.971741,135.83,139.78
2026-03-31,GOLDADD,0.959677,137.8,143.59
2026-04-03,GOLDADD,1.021407,144.57,141.54
2026-06-26,GOLDADD,1.02534,137.98,134.57
2026-01-26,GOLDBEES,0.975828,124.34,127.42
2026-02-02,GOLDBEES,0.93281,122.31,131.12
2026-03-03,GOLDBEES,0.951417,131.6,138.32
2026-03-26,GOLDBEES,0.968145,115.49,119.29
2026-03-31,GOLDBEES,0.969799,117.53,121.19
2026-04-03,GOLDBEES,1.023138,123.37,120.58
2026-06-26,GOLDBEES,1.022617,117.56,114.96
2026-01-26,GOLDBETA,0.977299,127.0,129.95
2026-02-02,GOLDBETA,0.937147,124.5,132.85
2026-03-03,GOLDBETA,0.951974,133.8,140.55
2026-03-26,GOLDBETA,0.967355,117.05,121.0
2026-03-31,GOLDBETA,0.976744,119.7,122.55
2026-06-26,GOLDBETA,1.023524,119.65,116.9
2026-02-02,GOLDBND,0.930196,152.98,164.46
2026-03-03,GOLDBND,0.951947,159.67,167.73
2026-03-26,GOLDBND,0.96641,139.54,144.39
2026-03-31,GOLDBND,0.974903,142.56,146.23
2026-06-26,GOLDBND,1.024903,141.99,138.54
2026-01-26,GOLDCASE,0.974465,23.66,24.28
2026-02-02,GOLDCASE,0.905004,23.15,25.58
2026-03-03,GOLDCASE,0.949924,25.04,26.36
2026-03-26,GOLDCASE,0.97129,21.99,22.64
2026-03-31,GOLDCASE,0.976856,22.37,22.9
2026-04-03,GOLDCASE,1.021314,23.48,22.99
2026-06-26,GOLDCASE,1.02429,22.35,21.82
2026-01-15,GOLDENTOBC,0.974713,29.68,30.45
2026-01-26,GOLDENTOBC,0.962999,29.41,30.54
2026-02-02,GOLDENTOBC,0.96893,30.25,31.22
2026-03-03,GOLDENTOBC,1.049226,29.84,28.44
2026-03-26,GOLDENTOBC,1.052543,25.04,23.79
2026-03-31,GOLDENTOBC,1.052607,22.61,21.48
2026-04-14,GOLDENTOBC,0.964706,24.6,25.5
2026-06-26,GOLDENTOBC,0.963656,26.25,27.24
2026-02-02,GOLDETF,0.954926,148.3,155.3
2026-03-03,GOLDETF,0.953717,154.34,161.83
2026-03-26,GOLDETF,0.967179,135.26,139.85
2026-03-31,GOLDETF,0.973242,137.85,141.64
2026-06-26,GOLDETF,1.024361,138.34,135.05
2025-11-05,GOLDIAM,1.027207,377.55,367.55
2026-01-15,GOLDIAM,1.03647,345.3,333.15
2026-01-26,GOLDIAM,1.042095,309.45,296.95
2026-03-31,GOLDIAM,1.054904,283.4,268.65
2026-04-14,GOLDIAM,1.024235,346.55,338.35
2026-05-01,GOLDIAM,1.02559,386.75,377.1
2026-01-26,GOLDIETF,0.973116,128.86,132.42
2026-02-02,GOLDIETF,0.928162,129.59,139.62
2026-03-03,GOLDIETF,0.949425,136.29,143.55
2026-03-26,GOLDIETF,0.968257,119.57,123.49
2026-03-31,GOLDIETF,0.968885,121.44,125.34
2026-04-03,GOLDIETF,1.024339,127.52,124.49
2026-06-26,GOLDIETF,1.025643,121.59,118.55
2025-10-22,GOLDSTAR,0.964072,8.05,8.35
2026-01-15,GOLDSTAR,1.048,6.55,6.25
2026-01-26,GOLDSTAR,1.04902,5.35,5.1
2026-02-02,GOLDSTAR,1.042553,4.9,4.7
2026-03-03,GOLDSTAR,0.957576,7.9,8.25
2026-03-31,GOLDSTAR,1.04918,6.4,6.1
2026-04-14,GOLDSTAR,0.957746,6.8,7.1
2026-05-01,GOLDSTAR,1.043478,7.2,6.9
2026-05-28,GOLDSTAR,0.954839,7.4,7.75
2025-11-05,GOLDTECH,1.02705,61.51,59.89
2026-01-26,GOLDTECH,1.076211,45.33,42.12
2026-02-02,GOLDTECH,0.979537,44.04,44.96
2026-03-03,GOLDTECH,1.020251,39.8,39.01
2026-03-26,GOLDTECH,1.03674,37.53,36.2
2026-03-31,GOLDTECH,1.124111,34.78,30.94
2026-04-03,GOLDTECH,0.956607,34.17,35.72
2026-05-28,GOLDTECH,0.94294,45.61,48.37
2026-06-26,GOLDTECH,0.833462,43.24,51.88
2025-10-22,GOODLUCK,0.967714,1225.9,1266.8
2025-11-05,GOODLUCK,1.030567,1264.3,1226.8
2026-01-26,GOODLUCK,1.0524,1076.5,1022.9
2026-02-02,GOODLUCK,0.948154,1060.7,1118.7
2026-03-03,GOODLUCK,1.036284,1176.7,1135.5
2026-03-26,GOODLUCK,0.963833,972.7,1009.2
2026-05-28,GOODLUCK,0.968508,1337.8,1381.3
2026-01-26,GOPAL,1.022128,302.55,296.0
2026-03-03,GOPAL,1.026655,298.5,290.75
2026-05-28,GOPAL,0.975988,292.65,299.85
2025-10-22,GOYALALUM,0.964529,7.07,7.33
2026-01-26,GOYALALUM,0.953307,7.35,7.71
2026-02-02,GOYALALUM,0.97954,7.66,7.82
2026-03-03,GOYALALUM,1.039334,6.87,6.61
2026-03-26,GOYALALUM,0.972835,5.73,5.89
2026-03-31,GOYALALUM,1.029412,5.6,5.44
2026-04-03,GOYALALUM,0.956449,5.71,5.97
2025-11-05,GOYALSALT,0.962332,186.5,193.8
2026-01-15,GOYALSALT,0.949466,151.25,159.3
2026-02-02,GOYALSALT,0.950372,134.05,141.05
2026-03-03,GOYALSALT,1.069054,125.4,117.3
2026-03-26,GOYALSALT,0.960854,108.0,112.4
2026-03-31,GOYALSALT,1.028098,102.45,99.65
2026-04-03,GOYALSALT,0.9305,105.1,112.95
2026-04-14,GOYALSALT,0.976852,116.05,118.8
2026-05-28,GOYALSALT,1.031111,116.0,112.5
2026-06-26,GOYALSALT,0.969773,115.5,119.1
2025-11-05,GPECO,1.023106,524.7,512.85
2025-12-25,GPECO,1.035669,445.7,430.35
2026-01-15,GPECO,0.974778,378.75,388.55
2026-03-03,GPECO,1.070406,355.0,331.65
2026-03-31,GPECO,1.093877,296.55,271.1
2026-04-03,GPECO,0.971465,304.7,313.65
2026-04-14,GPECO,1.036558,388.45,374.75
2026-05-28,GPECO,0.972472,482.2,495.85
2026-06-26,GPECO,1.046074,445.0,425.4
2025-12-25,GPIL,1.025545,258.95,252.5
2026-01-15,GPIL,0.97756,259.2,265.15
2026-01-26,GPIL,1.035973,250.55,241.85
2026-02-02,GPIL,0.976821,242.74,248.5
2026-03-03,GPIL,1.037924,266.02,256.3
2026-03-26,GPIL,0.949874,263.4,277.3
2026-05-01,GPIL,1.023287,303.2,296.3
2026-01-26,GPPL,1.023692,169.81,165.88
2026-03-03,GPPL,1.027179,176.87,172.19
2026-03-31,GPPL,1.022965,145.66,142.39
2026-04-14,GPPL,1.022372,153.09,149.74
2026-04-03,GPTHEALTH,0.966023,119.13,123.32
2026-05-01,GPTHEALTH,0.978834,135.5,138.43
2025-10-22,GPTINFRA,0.979227,104.65,106.87
2025-11-05,GPTINFRA,0.970843,106.55,109.75
2026-01-15,GPTINFRA,0.977045,105.13,107.6
2026-02-02,GPTINFRA,0.974256,101.42,104.1
2026-03-03,GPTINFRA,1.033672,124.02,119.98
2026-03-31,GPTINFRA,1.042058,100.84,96.77
2026-05-28,GRADIENTE,1.050761,4.14,3.94
2026-06-26,GRADIENTE,0.952862,2.83,2.97
2026-06-26,GRANDOAK,1.052437,48.37,45.96
2026-02-02,GRANULES,0.968104,552.4,570.6
2026-03-26,GRANULES,0.963914,606.35,629.05
2026-04-03,GRANULES,1.023631,628.1,613.6
2026-05-28,GRANULES,0.96665,756.5,782.6
2025-12-25,GRAPHISAD,1.052406,49.2,46.75
2026-01-15,GRAPHISAD,0.978637,48.1,49.15
2026-02-02,GRAPHISAD,0.977059,46.85,47.95
2026-03-03,GRAPHISAD,1.032787,31.5,30.5
2026-03-31,GRAPHISAD,0.953775,30.95,32.45
2026-04-03,GRAPHISAD,1.051163,33.9,32.25
2026-04-14,GRAPHISAD,1.051209,36.95,35.15
2026-05-28,GRAPHISAD,0.968278,32.05,33.1
2026-01-15,GRAPHITE,0.946911,599.3,632.9
2026-01-26,GRAPHITE,1.042712,635.95,609.9
2026-02-02,GRAPHITE,0.964442,595.35,617.3
2026-03-26,GRAPHITE,0.958204,570.85,595.75
2026-03-31,GRAPHITE,1.038106,640.2,616.7
2026-05-01,GRAPHITE,1.047377,740.6,707.1
2026-06-26,GRAPHITE,1.028145,622.85,605.8
2026-02-02,GRASIM,0.971125,2737.6,2819.0
2026-03-26,GRASIM,0.962837,2549.4,2647.8
2026-03-31,GRASIM,1.027564,2628.2,2557.7
2026-05-01,GRAUWEIL,1.020417,70.97,69.55
2026-05-28,GRAUWEIL,1.038052,75.02,72.27
2026-06-26,GRAVISSHO,0.972759,28.21,29.0
2025-10-22,GRAVITA,0.973715,1559.6,1601.7
2025-11-05,GRAVITA,1.022295,1806.6,1767.2
2026-01-26,GRAVITA,0.97845,1516.5,1549.9
2026-02-02,GRAVITA,0.973448,1561.8,1604.4
2026-03-03,GRAVITA,1.03318,1613.0,1561.2
2026-03-31,GRAVITA,1.064107,1402.6,1318.1
2026-06-26,GRAVITA,1.026152,1714.7,1671.0
2025-10-22,GRCL,0.978053,410.0,419.2
2025-12-25,GRCL,0.957275,361.85,378.0
2026-02-02,GRCL,1.05,389.55,371.0
2026-03-26,GRCL,0.955427,362.25,379.15
2026-03-31,GRCL,0.952507,361.0,379.0
2026-04-03,GRCL,0.95478,369.5,387.0
2026-05-01,GRCL,0.952381,403.0,423.15
2026-06-26,GRCL,1.04113,598.65,575.0
2026-01-26,GREAVESCOT,1.023171,165.15,161.41
2026-03-26,GREAVESCOT,0.972869,131.6,135.27
2026-03-31,GREAVESCOT,1.053561,127.07,120.61
2026-01-15,GREENCHEF,1.022727,54.0,52.8
2026-01-26,GREENCHEF,1.0625,51.0,48.0
2026-02-02,GREENCHEF,1.020179,45.5,44.6
2026-03-31,GREENCHEF,0.95613,42.5,44.45
2026-05-28,GREENCHEF,0.960412,60.65,63.15
2026-06-26,GREENCHEF,0.965649,50.6,52.4
2026-03-03,GREENLAM,1.029328,239.01,232.2
2026-02-02,GREENLEAF,1.043259,144.7,138.7
2026-03-03,GREENLEAF,1.047199,118.7,113.35
2026-03-26,GREENLEAF,1.027638,61.35,59.7
2026-03-31,GREENLEAF,1.036585,55.25,53.3
2026-04-03,GREENLEAF,0.97084,56.6,58.3
2026-04-14,GREENLEAF,0.90953,65.85,72.4
2026-05-01,GREENLEAF,0.962416,71.7,74.5
2026-05-28,GREENLEAF,1.051911,72.95,69.35
2026-06-26,GREENLEAF,1.052168,83.7,79.55
2025-12-25,GREENPANEL,1.045377,239.82,229.41
2026-02-02,GREENPANEL,0.97669,223.75,229.09
2026-05-01,GREENPANEL,0.970338,222.12,228.91
2025-11-05,GREENPLY,1.02754,305.95,297.75
2026-01-26,GREENPLY,1.030741,224.65,217.95
2026-03-03,GREENPLY,1.052883,220.8,209.71
2026-03-31,GREENPLY,1.052465,189.77,180.31
2026-04-03,GREENPLY,0.963341,187.63,194.77
2026-05-01,GREENPLY,1.063961,284.45,267.35
2026-06-26,GREENPLY,0.975252,295.95,303.46
2025-11-05,GREENPOWER,1.026485,14.34,13.97
2026-02-02,GREENPOWER,1.047161,10.88,10.39
2026-03-03,GREENPOWER,1.048884,9.87,9.41
2026-03-26,GREENPOWER,0.970588,8.91,9.18
2026-03-31,GREENPOWER,1.083333,8.71,8.04
2026-04-03,GREENPOWER,0.968716,8.98,9.27
2026-05-28,GREENPOWER,0.963319,11.03,11.45
2026-03-26,GRETEX,0.957944,287.0,299.6
2026-05-28,GRETEX,1.05262,246.05,233.75
2026-03-03,GRINDWELL,1.02516,1662.4,1621.6
2026-06-26,GRINDWELL,0.955296,2128.4,2228.0
2026-03-03,GRINFRA,1.028675,950.65,924.15
2026-05-01,GRINFRA,0.971191,910.2,937.2
2026-05-28,GRINFRA,1.030918,940.3,912.1
2026-06-26,GRINFRA,1.035159,976.0,942.85
2025-12-25,GRMOVER,3.051917,505.55,165.65
2026-01-26,GRMOVER,1.025592,166.31,162.16
2026-05-28,GRMOVER,1.034866,163.84,158.32
2026-03-31,GROBTEA,1.050905,847.45,806.4
2026-05-28,GROBTEA,0.973876,881.65,905.3
2026-06-26,GROBTEA,1.034974,944.0,912.1
2026-02-02,GROWW,0.949503,168.1,177.04
2026-03-31,GROWW,1.081002,162.28,150.12
2026-02-02,GROWWCAPM,0.949949,9.3,9.79
2026-03-03,GROWWCAPM,1.020986,9.73,9.53
2026-03-26,GROWWCAPM,0.973739,9.27,9.52
2026-03-31,GROWWCAPM,1.044494,9.39,8.99
2026-03-26,GROWWCHEM,0.970177,25.7,26.49
2026-03-31,GROWWCHEM,1.027298,25.59,24.91
2026-02-02,GROWWDEFNC,0.938529,76.95,81.99
2026-03-31,GROWWDEFNC,1.020111,73.55,72.1
2026-03-26,GROWWEV,0.97957,27.33,27.9
2026-03-31,GROWWEV,1.048725,27.55,26.27
2026-06-26,GROWWEV,0.979753,30.97,31.61
2026-01-26,GROWWGOLD,0.966835,145.76,150.76
2026-02-02,GROWWGOLD,0.898361,141.42,157.42
2026-03-03,GROWWGOLD,0.95,15.58,16.4
2026-03-26,GROWWGOLD,0.970881,13.67,14.08
2026-03-31,GROWWGOLD,0.970526,13.83,14.25
2026-04-03,GROWWGOLD,1.025299,14.59,14.23
2026-03-26,GROWWHOSPI,0.973426,44.69,45.91
2026-03-31,GROWWLOVOL,1.026069,9.84,9.59
2026-03-03,GROWWMC150,1.020233,219.35,215.0
2026-03-31,GROWWMC150,1.023881,200.22,195.55
2026-01-15,GROWWMETAL,0.972047,10.78,11.09
2026-02-02,GROWWMETAL,0.961062,10.86,11.3
2026-03-26,GROWWMETAL,0.974837,10.46,10.73
2026-05-28,GROWWMETAL,0.979358,12.81,13.08
2026-03-03,GROWWMOM50,1.020388,10.51,10.3
2026-03-26,GROWWMOM50,0.972279,9.47,9.74
2026-03-31,GROWWMOM50,1.030336,9.51,9.23
2026-03-26,GROWWN200,0.976415,10.35,10.6
2026-01-26,GROWWNET,1.039153,9.82,9.45
2026-03-03,GROWWNET,1.022067,8.8,8.61
2026-03-31,GROWWNET,1.041405,8.3,7.97
2026-03-31,GROWWNIFTY,1.027778,9.25,9.0
2026-03-26,GROWWNXT50,0.979023,62.54,63.88
2026-03-31,GROWWNXT50,1.03189,62.45,60.52
2026-01-26,GROWWPOWER,1.050733,9.32,8.87
2026-02-02,GROWWPOWER,0.976091,9.39,9.62
2026-03-31,GROWWPOWER,1.022886,10.28,10.05
2026-05-28,GROWWPOWER,0.967994,12.4,12.81
2026-05-01,GROWWPSUBK,1.022335,86.97,85.07
2026-02-02,GROWWRAIL,0.954387,32.85,34.42
2026-03-03,GROWWRAIL,1.024945,32.46,31.67
2026-03-26,GROWWRAIL,0.975626,28.82,29.54
2026-03-31,GROWWRAIL,1.031843,28.84,27.95
2026-01-26,GROWWRLTY,1.035253,8.81,8.51
2026-03-26,GROWWRLTY,0.97416,7.54,7.74
2026-03-31,GROWWRLTY,1.048077,7.63,7.28
2026-03-03,GROWWSC250,1.024499,9.2,8.98
2026-03-26,GROWWSC250,0.976825,8.43,8.63
2026-03-31,GROWWSC250,1.050061,8.6,8.19
2025-12-25,GROWWSLVR,0.966425,207.82,215.04
2026-01-15,GROWWSLVR,0.931832,256.17,274.91
2026-01-26,GROWWSLVR,0.941483,283.49,301.11
2026-02-02,GROWWSLVR,0.858393,257.99,300.55
2026-03-03,GROWWSLVR,0.91773,25.88,28.2
2026-03-26,GROWWSLVR,0.952527,21.67,22.75
2026-03-31,GROWWSLVR,0.972814,21.47,22.07
2026-04-03,GROWWSLVR,1.037472,22.98,22.15
2026-06-26,GROWWSLVR,1.030675,21.84,21.19
2025-11-05,GRPLTD,0.978334,2009.4,2053.9
2026-01-26,GRPLTD,1.058809,1683.4,1589.9
2026-02-02,GRPLTD,0.9651,1684.1,1745.0
2026-03-31,GRPLTD,0.968902,1816.4,1874.7
2026-04-14,GRPLTD,0.954015,1937.7,2031.1
2026-01-26,GRSE,1.02998,2301.8,2234.8
2026-02-02,GRSE,0.912452,2522.2,2764.2
2026-03-03,GRSE,1.026743,2434.1,2370.7
2026-03-31,GRSE,1.048459,2068.4,1972.8
2026-04-03,GRSE,1.046114,2359.3,2255.3
2026-05-01,GRSE,1.048417,3072.7,2930.8
2026-06-26,GRSE,1.021249,2782.7,2724.8
2026-01-15,GRWRHITECH,1.032372,3007.3,2913.0
2026-01-26,GRWRHITECH,1.038526,3048.8,2935.7
2026-03-03,GRWRHITECH,1.034464,4214.2,4073.8
2026-03-26,GRWRHITECH,0.962112,3524.6,3663.4
2026-04-03,GRWRHITECH,0.978425,3623.5,3703.4
2026-05-01,GRWRHITECH,0.953563,3813.3,3999.0
2026-02-02,GSFC,0.960269,177.16,184.49
2026-03-03,GSFC,1.025325,168.83,164.66
2026-03-31,GSFC,1.038141,144.53,139.22
2026-04-03,GSFC,0.97709,148.42,151.9
2026-04-14,GSFC,0.978022,163.76,167.44
2025-10-22,GSLSU,0.970853,108.92,112.19
2025-11-05,GSLSU,0.977518,118.7,121.43
2026-01-26,GSLSU,1.052507,84.79,80.56
2026-03-03,GSLSU,1.04943,82.8,78.9
2026-03-26,GSLSU,1.05257,53.66,50.98
2026-03-31,GSLSU,1.052586,48.44,46.02
2026-04-03,GSLSU,0.956272,46.58,48.71
2026-04-14,GSLSU,0.952813,57.75,60.61
2025-10-22,GSMFOILS,0.978804,207.8,212.3
2025-11-05,GSMFOILS,1.025816,218.55,213.05
2026-02-02,GSMFOILS,1.026007,205.15,199.95
2026-03-31,GSMFOILS,1.110978,185.7,167.15
2026-04-14,GSMFOILS,0.963752,190.1,197.25
2026-03-31,GSPCROP,1.055194,356.55,337.9
2026-04-03,GSPCROP,1.063095,390.9,367.7
2026-05-28,GSPCROP,1.032861,455.75,441.25
2026-01-15,GSPL,0.976109,298.25,305.55
2026-03-26,GSPL,0.970619,231.25,238.25
2026-03-31,GSPL,1.020901,234.45,229.65
2026-02-02,GSS,1.023272,14.95,14.61
2026-03-31,GSS,1.044725,9.11,8.72
2026-04-03,GSS,0.839446,10.3,12.27
2025-10-22,GSTL,1.041958,7.45,7.15
2025-11-05,GSTL,1.039683,6.55,6.3
2026-02-02,GSTL,1.048295,18.45,17.6
2026-05-28,GSTL,0.953995,19.7,20.65
2025-10-22,GTECJAINX,1.034022,24.01,23.22
2026-01-26,GTECJAINX,0.979889,19.49,19.89
2026-02-02,GTECJAINX,0.937683,19.26,20.54
2026-03-31,GTECJAINX,1.123843,19.42,17.28
2026-04-03,GTECJAINX,0.9505,18.05,18.99
2026-04-14,GTECJAINX,1.054508,20.7,19.63
2026-05-28,GTECJAINX,1.030423,18.29,17.75
2026-06-26,GTECJAINX,0.952624,27.95,29.34
2026-03-31,GTL,1.136095,5.76,5.07
2026-04-14,GTL,1.037992,7.65,7.37
2026-06-26,GTL,1.020408,8.0,7.84
2026-03-03,GTLINFRA,0.973451,1.1,1.13
2026-03-31,GTLINFRA,1.020619,0.99,0.97
2026-06-26,GTLINFRA,1.028571,1.44,1.4
2026-01-15,GTPL,1.031936,88.86,86.11
2026-03-26,GTPL,0.974885,57.06,58.53
2026-04-03,GTPL,0.979761,59.06,60.28
2026-05-28,GTPL,1.030674,66.53,64.55
2026-06-26,GTPL,0.975074,59.46,60.98
2026-01-26,GUFICBIO,1.039554,321.95,309.7
2026-03-26,GUFICBIO,0.946716,278.95,294.65
2026-03-31,GUFICBIO,1.024288,280.45,273.8
2026-05-28,GUFICBIO,0.978368,318.85,325.9
2026-02-02,GUJALKALI,0.979932,446.8,455.95
2026-03-26,GUJALKALI,1.040648,625.95,601.5
2026-03-31,GUJALKALI,1.030077,585.65,568.55
2026-04-03,GUJALKALI,0.979866,591.3,603.45
2026-04-14,GUJALKALI,0.966151,617.95,639.6
2026-05-01,GUJALKALI,0.918597,735.75,800.95
2025-10-22,GUJAPOLLO,0.96326,432.6,449.1
2026-01-15,GUJAPOLLO,0.927648,391.05,421.55
2026-01-26,GUJAPOLLO,1.041737,401.85,385.75
2026-03-03,GUJAPOLLO,1.043806,374.1,358.4
2026-03-31,GUJAPOLLO,1.043923,413.55,396.15
2026-04-03,GUJAPOLLO,0.956975,403.7,421.85
2026-06-26,GUJAPOLLO,1.021836,367.35,359.5
2026-02-02,GUJGASLTD,0.960973,408.75,425.35
2026-03-03,GUJGASLTD,1.02349,407.4,398.05
2026-03-31,GUJGASLTD,1.033849,317.65,307.25
2026-04-14,GUJGASLTD,1.029749,323.65,314.3
2026-05-01,GUJGASLTD,1.028812,391.0,380.05
2026-06-26,GUJGASLTD,1.025727,352.85,344.0
2025-10-22,GUJRAFFIA,0.909184,71.08,78.18
2025-11-05,GUJRAFFIA,0.952474,63.33,66.49
2026-03-31,GUJRAFFIA,0.968527,36.62,37.81
2026-04-03,GUJRAFFIA,0.977905,37.62,38.47
2026-05-28,GUJRAFFIA,1.043831,47.63,45.63
2025-12-25,GUJTHEM,0.931932,408.0,437.8
2026-01-26,GUJTHEM,1.068754,339.65,317.8
2026-03-03,GUJTHEM,1.041202,308.3,296.1
2026-03-31,GUJTHEM,1.10974,251.8,226.9
2026-05-01,GUJTHEM,1.03317,375.64,363.58
2026-05-28,GUJTHEM,0.850764,367.7,432.2
2026-01-26,GULFOILLUB,1.041864,1097.5,1053.4
2026-03-03,GULFOILLUB,1.029458,1104.3,1072.7
2026-06-26,GULFOILLUB,0.979549,1063.3,1085.5
2026-01-26,GULFPETRO,1.023627,32.06,31.32
2026-02-02,GULFPETRO,0.957415,32.15,33.58
2026-03-03,GULFPETRO,1.03118,32.08,31.11
2026-03-31,GULFPETRO,1.070593,25.63,23.94
2026-04-03,GULFPETRO,0.945561,25.88,27.37
2026-04-14,GULFPETRO,1.029048,33.3,32.36
2026-05-28,GULFPETRO,0.90852,33.27,36.62
2026-06-26,GULFPETRO,1.022077,40.74,39.86
2025-12-25,GULPOLY,0.968872,138.51,142.96
2026-01-26,GULPOLY,1.043533,133.76,128.18
2026-03-03,GULPOLY,1.043704,160.72,153.99
2026-05-28,GULPOLY,1.030313,183.88,178.47
2026-06-26,GULPOLY,1.04124,198.45,190.59
2025-10-22,GURUNANAK,1.041411,33.95,32.6
2025-12-25,GURUNANAK,1.047256,34.35,32.8
2026-01-15,GURUNANAK,1.044597,30.45,29.15
2026-03-26,GURUNANAK,0.953125,24.4,25.6
2026-03-31,GURUNANAK,1.087527,24.85,22.85
2026-04-03,GURUNANAK,0.95057,25.0,26.3
2026-05-01,GURUNANAK,0.953488,36.9,38.7
2026-05-28,GURUNANAK,0.95449,38.8,40.65
2026-06-26,GURUNANAK,1.052632,39.0,37.05
2026-03-26,GVKPIL,1.020408,2.5,2.45
2025-12-25,GVPIL,1.022284,330.3,323.1
2026-02-02,GVPIL,0.979903,292.55,298.55
2026-03-03,GVPIL,1.036107,476.35,459.75
2026-03-31,GVPIL,1.052584,404.35,384.15
2026-04-03,GVPIL,0.976399,401.3,411.0
2026-04-14,GVPIL,0.975486,461.6,473.2
2026-05-01,GVPIL,0.952428,575.6,604.35
2026-05-28,GVPIL,0.965442,797.6,826.15
2025-10-22,GVPTECH,0.974696,9.63,9.88
2026-01-15,GVPTECH,1.028822,8.21,7.98
2026-03-03,GVPTECH,1.026471,6.98,6.8
2026-05-28,GVPTECH,0.970458,6.57,6.77
2026-06-26,GVPTECH,1.021307,7.19,7.04
2026-01-15,GVT&D,0.976931,2731.5,2796.0
2026-01-26,GVT&D,0.977034,2650.4,2712.7
2026-03-03,GVT&D,1.020623,3850.2,3772.4
2026-03-26,GVT&D,0.935564,3520.9,3763.4
2026-03-31,GVT&D,1.029063,3746.2,3640.4
2026-05-28,GVT&D,0.951076,4848.3,5097.7
2026-02-02,HAL,0.947504,4376.9,4619.4
2026-03-31,HAL,1.029078,3588.6,3487.2
2026-03-03,HALDER,1.021429,250.25,245.0
2026-03-26,HALDER,0.974206,245.5,252.0
2026-03-31,HALDER,1.030192,252.5,245.1
2026-04-03,HALDER,0.959921,242.86,253.0
2026-04-14,HALDER,0.958138,247.19,257.99
2026-05-01,HALDER,1.020987,252.0,246.82
2026-06-26,HALDER,1.021984,241.27,236.08
2026-05-01,HALDYNGL,1.02179,110.2,107.85
2025-12-25,HALEOSLABS,0.973865,1278.1,1312.4
2026-01-26,HALEOSLABS,1.022306,1191.6,1165.6
2026-02-02,HALEOSLABS,1.04803,1239.4,1182.6
2026-03-31,HALEOSLABS,1.041035,1243.1,1194.1
2026-04-03,HALEOSLABS,0.973674,1253.8,1287.7
2026-05-01,HALEOSLABS,1.030203,1500.8,1456.8
2026-06-26,HALEOSLABS,0.979849,1371.2,1399.4
2026-03-03,HAPPSTMNDS,1.034354,359.8,347.85
2026-03-31,HAPPSTMNDS,1.077275,388.95,361.05
2025-10-22,HAPPYFORGE,0.960659,974.3,1014.2
2026-01-26,HAPPYFORGE,1.022794,1045.5,1022.2
2026-02-02,HAPPYFORGE,0.971517,1033.5,1063.8
2026-03-03,HAPPYFORGE,1.030362,1333.7,1294.4
2026-05-01,HAPPYFORGE,0.965356,1301.3,1348.0
2026-05-28,HAPPYFORGE,0.976921,1384.2,1416.9
2026-01-26,HARDWYN,1.037794,16.75,16.14
2026-02-02,HARDWYN,1.045455,16.1,15.4
2026-01-15,HARIOMPIPE,0.950288,412.9,434.5
2026-01-26,HARIOMPIPE,1.020017,415.3,407.15
2026-02-02,HARIOMPIPE,0.979947,405.6,413.9
2026-03-03,HARIOMPIPE,1.02763,368.2,358.3
2026-03-31,HARIOMPIPE,1.085953,298.8,275.15
2026-04-03,HARIOMPIPE,0.973276,304.1,312.45
2026-05-28,HARIOMPIPE,1.073038,423.85,395.0
2026-06-26,HARIOMPIPE,1.047589,420.45,401.35
2025-11-05,HARRMALAYA,1.024757,197.86,193.08
2026-01-26,HARRMALAYA,1.026724,162.13,157.91
2026-01-15,HARSHA,0.979032,385.2,393.45
2026-02-02,HARSHA,0.977479,366.75,375.2
2026-03-03,HARSHA,1.030392,369.55,358.65
2026-03-31,HARSHA,1.025776,322.35,314.25
2026-04-14,HARSHA,0.966775,357.9,370.2
2026-06-26,HARSHA,1.031111,429.2,416.25
2026-01-26,HATHWAY,1.105675,11.3,10.22
2026-02-02,HATHWAY,1.022642,10.84,10.6
2026-03-03,HATHWAY,1.039767,10.72,10.31
2026-03-26,HATHWAY,0.968238,9.45,9.76
2026-03-31,HATHWAY,1.048478,9.3,8.87
2026-05-28,HATHWAY,0.96357,10.58,10.98
2025-10-22,HATSUN,0.97726,885.3,905.9
2025-11-05,HATSUN,1.032317,1073.3,1039.7
2026-01-26,HATSUN,1.049215,922.05,878.8
2026-03-03,HATSUN,0.97336,889.7,914.05
2026-03-26,HATSUN,0.976554,924.65,946.85
2026-03-03,HAVELLS,1.031832,1397.1,1354.0
2026-03-26,HAVELLS,0.973037,1234.2,1268.4
2026-03-31,HAVELLS,1.034436,1231.6,1190.6
2025-10-22,HAVISHA,0.929825,2.12,2.28
2025-12-25,HAVISHA,0.947368,1.8,1.9
2026-01-26,HAVISHA,0.969325,1.58,1.63
2026-02-02,HAVISHA,1.106918,1.76,1.59
2026-03-03,HAVISHA,1.083916,1.55,1.43
2026-03-31,HAVISHA,1.072072,1.19,1.11
2026-04-03,HAVISHA,0.89781,1.23,1.37
2026-04-14,HAVISHA,1.064516,1.65,1.55
2026-06-26,HAVISHA,0.976562,1.25,1.28
2026-05-01,HBESD,1.034698,74.55,72.05
2026-01-15,HBLENGINE,0.963336,846.05,878.25
2026-01-26,HBLENGINE,1.029033,726.6,706.1
2026-02-02,HBLENGINE,0.971031,760.9,783.6
2026-03-03,HBLENGINE,1.030164,684.75,664.7
2026-03-31,HBLENGINE,1.044323,642.05,614.8
2026-04-14,HBLENGINE,0.971674,730.65,751.95
2026-05-28,HBLENGINE,0.97792,799.45,817.5
2025-11-05,HBSL,1.056495,89.39,84.61
2026-03-03,HBSL,1.050387,55.66,52.99
2026-03-31,HBSL,1.052545,44.87,42.63
2026-04-03,HBSL,0.964176,44.14,45.78
2026-05-28,HBSL,1.030909,57.7,55.97
2025-11-05,HCC,1.030325,28.54,27.7
2025-12-25,HCC,1.053735,19.61,18.61
2026-01-15,HCC,0.977126,19.65,20.11
2026-01-26,HCC,1.051183,19.1,18.17
2026-02-02,HCC,0.966533,19.35,20.02
2026-03-03,HCC,1.040096,17.38,16.71
2026-03-26,HCC,0.972848,14.69,15.1
2026-03-31,HCC,1.057538,14.52,13.73
2026-05-28,HCC,0.945282,21.94,23.21
2026-06-26,HCC,1.023169,27.38,26.76
2026-01-15,HCG,1.025728,667.8,651.05
2026-03-03,HCG,1.028038,575.65,559.95
2026-06-26,HCG,1.022985,614.2,600.4
2026-01-15,HCL-INSYS,0.972694,13.18,13.55
2026-03-03,HCL-INSYS,1.041767,12.97,12.45
2026-03-31,HCL-INSYS,1.07431,10.12,9.42
2026-04-03,HCL-INSYS,0.919411,10.61,11.54
2026-05-28,HCL-INSYS,0.908948,11.58,12.74
2026-04-03,HCLTECH,0.965911,1354.4,1402.2
2026-01-26,HDBFS,1.026891,714.1,695.4
2026-03-31,HDBFS,1.053844,590.1,559.95
2025-12-25,HDFCAMC,1.020029,2709.3,2656.1
2026-01-15,HDFCAMC,0.97322,2485.7,2554.1
2026-01-26,HDFCAMC,1.028481,2498.9,2429.7
2026-02-02,HDFCAMC,0.978098,2460.6,2515.7
2026-03-31,HDFCAMC,1.04399,2313.9,2216.4
2026-04-14,HDFCAMC,1.02875,2619.3,2546.1
2026-05-01,HDFCAMC,1.027759,2787.9,2712.6
2026-03-26,HDFCBANK,0.977758,764.9,782.3
2026-03-31,HDFCBANK,1.033696,756.2,731.55
2026-05-28,HDFCBANK,1.026692,778.9,758.65
2026-03-31,HDFCBSE500,1.023305,33.81,33.04
2026-01-26,HDFCGOLD,0.977934,128.97,131.88
2026-02-02,HDFCGOLD,0.929106,126.6,136.26
2026-03-03,HDFCGOLD,0.953259,136.03,142.7
2026-03-26,HDFCGOLD,0.968442,119.07,122.95
2026-03-31,HDFCGOLD,0.973311,121.44,124.77
2026-04-03,HDFCGOLD,1.021664,127.33,124.63
2026-06-26,HDFCGOLD,1.024125,121.41,118.55
2026-02-02,HDFCLIFE,0.978523,715.3,731.0
2026-03-31,HDFCLIFE,1.033187,610.2,590.6
2026-04-14,HDFCLIFE,0.975852,604.15,619.1
2026-03-31,HDFCLOWVOL,1.033999,19.16,18.53
2026-03-26,HDFCMID150,0.976755,20.17,20.65
2026-03-31,HDFCMID150,1.030565,20.23,19.63
2026-02-02,HDFCMOMENT,0.978389,29.88,30.54
2026-03-26,HDFCMOMENT,0.973494,28.28,29.05
2026-03-31,HDFCMOMENT,1.026633,28.14,27.41
2026-03-31,HDFCNEXT50,1.026979,63.19,61.53
2026-03-31,HDFCNIF100,1.024628,24.13,23.55
2026-03-31,HDFCNIFBAN,1.02809,53.07,51.62
2026-04-03,HDFCNIFIT,0.977984,31.54,32.25
2026-03-31,HDFCNIFTY,1.020857,255.99,250.76
2026-01-15,HDFCPSUBK,0.977068,87.77,89.83
2026-01-26,HDFCPSUBK,1.022604,90.48,88.48
2026-02-02,HDFCPSUBK,0.943749,85.9,91.02
2026-03-03,HDFCPSUBK,1.020872,99.29,97.26
2026-03-26,HDFCPSUBK,0.972861,84.24,86.59
2026-03-31,HDFCPSUBK,1.047643,83.12,79.34
2026-03-31,HDFCPVTBAN,1.032036,25.45,24.66
2026-02-02,HDFCQUAL,0.977549,58.78,60.13
2026-03-31,HDFCSENSEX,1.022389,83.11,81.29
2025-12-25,HDFCSILVER,0.965066,202.77,210.11
2026-01-15,HDFCSILVER,0.949204,251.15,264.59
2026-01-26,HDFCSILVER,0.95059,279.54,294.07
2026-02-02,HDFCSILVER,0.850289,252.74,297.24
2026-03-03,HDFCSILVER,0.917186,253.29,276.16
2026-03-26,HDFCSILVER,0.960159,212.8,221.63
2026-03-31,HDFCSILVER,0.974759,211.24,216.71
2026-04-03,HDFCSILVER,1.045021,225.62,215.9
2026-06-26,HDFCSILVER,1.032794,213.21,206.44
2026-01-26,HDFCSML250,1.020363,157.34,154.2
2026-03-26,HDFCSML250,0.975702,146.97,150.63
2026-03-31,HDFCSML250,1.030358,148.32,143.95
2026-01-15,HDIL,1.023364,2.19,2.14
2026-02-02,HDIL,1.045,2.09,2.0
2026-03-03,HDIL,1.051064,2.47,2.35
2026-03-31,HDIL,1.051813,2.03,1.93
2026-04-03,HDIL,1.025773,1.99,1.94
2026-04-14,HDIL,0.959821,2.15,2.24
2026-05-01,HDIL,1.038462,2.16,2.08
2025-12-25,HEADSUP,1.027293,9.41,9.16
2026-01-26,HEADSUP,0.973872,8.2,8.42
2026-03-03,HEADSUP,1.027813,8.13,7.91
2026-03-31,HEADSUP,1.128926,6.83,6.05
2026-04-14,HEADSUP,1.021614,7.09,6.94
2026-05-01,HEADSUP,1.035714,7.54,7.28
2026-03-26,HEALTHCARE,0.978665,17.89,18.28
2026-03-26,HEALTHIETF,0.979812,146.09,149.1
2026-04-03,HEALTHY,1.025157,14.67,14.31
2026-03-03,HECPROJECT,0.956721,112.74,117.84
2026-03-26,HECPROJECT,0.967754,103.54,106.99
2026-03-31,HECPROJECT,1.103254,105.78,95.88
2026-04-14,HECPROJECT,0.948474,131.8,138.96
2026-05-28,HECPROJECT,0.972947,129.47,133.07
2026-06-26,HECPROJECT,1.06974,137.13,128.19
2025-12-25,HEG,0.979021,539.0,550.55
2026-01-15,HEG,0.97469,550.7,565.0
2026-01-26,HEG,1.036018,547.95,528.9
2026-02-02,HEG,0.965498,523.3,542.0
2026-03-26,HEG,0.970682,488.35,503.1
2026-03-31,HEG,1.055125,572.3,542.4
2026-04-03,HEG,1.025727,564.15,550.0
2026-05-01,HEG,1.104605,658.4,596.05
2026-01-26,HEIDELBERG,1.020235,164.87,161.6
2026-03-03,HEIDELBERG,1.02562,163.73,159.64
2026-03-31,HEIDELBERG,1.045075,143.75,137.55
2026-01-26,HEMIPROP,1.041987,133.02,127.66
2026-03-31,HEMIPROP,1.053437,117.69,111.72
2026-04-14,HEMIPROP,1.025237,126.34,123.23
2025-10-22,HERANBA,0.977974,304.15,311.0
2026-01-26,HERANBA,1.030748,216.89,210.42
2026-03-03,HERANBA,1.040581,208.47,200.34
2026-03-31,HERANBA,1.058977,166.81,157.52
2026-04-14,HERANBA,0.953663,190.99,200.27
2026-05-28,HERANBA,0.966031,188.55,195.18
2026-01-26,HERITGFOOD,1.038264,413.8,398.55
2026-03-03,HERITGFOOD,1.021826,318.35,311.55
2026-03-31,HERITGFOOD,1.03521,304.3,293.95
2026-05-28,HERITGFOOD,1.022402,335.45,328.1
2026-06-26,HERITGFOOD,0.952494,320.8,336.8
2025-11-05,HEROMOTOCO,1.043323,5539.0,5309.0
2026-03-03,HEROMOTOCO,1.021193,5710.0,5591.5
2026-04-03,HEROMOTOCO,1.022049,5122.0,5011.5
2026-04-14,HEROMOTOCO,1.041833,5466.5,5247.0
2025-10-22,HESTERBIO,0.974798,1690.3,1734.0
2026-01-26,HESTERBIO,1.039858,1434.9,1379.9
2026-03-31,HESTERBIO,1.046303,1317.4,1259.1
2026-04-03,HESTERBIO,0.962097,1365.6,1419.4
2026-05-28,HESTERBIO,1.083618,2156.4,1990.0
2025-12-25,HEUBACHIND,1.026278,470.6,458.55
2026-06-26,HEXAGON,0.952513,54.76,57.49
2026-01-15,HEXATRADEX,0.97309,159.11,163.51
2026-02-02,HEXATRADEX,0.978108,157.27,160.79
2026-01-15,HEXT,1.030656,734.6,712.75
2026-03-31,HEXT,1.042353,443.0,425.0
2026-04-03,HEXT,0.973984,432.4,443.95
2025-12-25,HFCL,1.031445,66.26,64.24
2026-01-15,HFCL,0.973141,62.68,64.41
2026-01-26,HFCL,1.020786,62.37,61.1
2026-02-02,HFCL,0.959627,65.84,68.61
2026-03-31,HFCL,1.042735,70.76,67.86
2026-05-01,HFCL,0.923037,107.1,116.03
2026-05-28,HFCL,0.930313,161.8,173.92
2026-06-26,HFCL,0.952419,204.77,215.0
2025-10-22,HGINFRA,0.976064,911.4,933.75
2025-12-25,HGINFRA,1.024748,809.5,789.95
2026-01-26,HGINFRA,1.123634,663.0,590.05
2026-02-02,HGINFRA,0.97312,624.5,641.75
2026-03-26,HGINFRA,0.978647,474.35,484.7
2026-03-31,HGINFRA,1.069293,461.4,431.5
2025-11-05,HGM,1.027284,74.55,72.57
2026-03-03,HGM,1.021316,55.58,54.42
2026-03-26,HGM,1.027585,53.27,51.84
2026-03-31,HGM,1.053432,48.5,46.04
2026-04-14,HGM,0.956304,51.65,54.01
2025-12-25,HGS,1.025908,463.3,451.6
2026-02-02,HGS,0.971405,404.25,416.15
2026-03-03,HGS,1.028165,376.0,365.7
2026-03-31,HGS,1.030461,355.2,344.7
2026-04-14,HGS,1.021783,408.1,399.4
2025-10-22,HIGREEN,1.030667,210.05,203.8
2025-11-05,HIGREEN,1.027674,193.1,187.9
2025-12-25,HIGREEN,0.839416,132.25,157.55
2026-01-15,HIGREEN,1.020789,144.85,141.9
2026-01-26,HIGREEN,1.026405,136.05,132.55
2026-03-03,HIGREEN,1.036571,131.8,127.15
2026-03-26,HIGREEN,0.954643,111.55,116.85
2026-04-14,HIGREEN,1.023239,145.3,142.0
2026-05-28,HIGREEN,1.107859,138.15,124.7
2026-01-26,HIKAL,1.025802,199.58,194.56
2026-03-03,HIKAL,1.023629,196.68,192.14
2026-03-26,HIKAL,0.979435,161.93,165.33
2026-03-31,HIKAL,1.059831,155.88,147.08
2025-12-25,HILINFRA,1.021122,58.98,57.76
2026-01-26,HILINFRA,1.022857,51.91,50.75
2026-02-02,HILINFRA,1.022754,52.14,50.98
2026-03-03,HILINFRA,1.048614,55.22,52.66
2026-03-31,HILINFRA,1.067024,43.78,41.03
2025-10-22,HILTON,0.977877,45.97,47.01
2026-01-26,HILTON,1.043034,29.57,28.35
2026-02-02,HILTON,0.959278,27.09,28.24
2026-03-26,HILTON,0.833623,14.38,17.25
2026-03-31,HILTON,0.833333,20.7,24.84
2026-04-03,HILTON,1.101805,23.81,21.61
2026-04-14,HILTON,0.909129,21.91,24.1
2026-06-26,HILTON,1.022056,24.56,24.03
2026-01-26,HIMATSEIDE,1.056977,103.7,98.11
2026-03-03,HIMATSEIDE,1.028996,99.72,96.91
2026-03-26,HIMATSEIDE,0.971917,76.14,78.34
2026-03-31,HIMATSEIDE,1.041575,75.66,72.64
2026-04-03,HIMATSEIDE,0.964193,78.09,80.99
2026-02-02,HINDALCO,0.943486,908.2,962.6
2026-03-31,HINDALCO,0.979931,866.7,884.45
2026-05-01,HINDALCO,1.028131,1067.2,1038.0
2026-05-28,HINDALCO,0.960077,1103.8,1149.7
2026-06-26,HINDALCO,1.024549,976.6,953.2
2025-10-22,HINDCOMPOS,0.970813,475.65,489.95
2026-01-15,HINDCOMPOS,0.967592,416.5,430.45
2026-03-31,HINDCOMPOS,1.029559,358.75,348.45
2026-06-26,HINDCOMPOS,1.021018,420.2,411.55
2025-10-22,HINDCON,0.976213,30.78,31.53
2026-01-26,HINDCON,1.045872,22.8,21.8
2026-02-02,HINDCON,1.036101,22.96,22.16
2026-03-03,HINDCON,1.051455,20.23,19.24
2026-03-26,HINDCON,0.920719,17.42,18.92
2026-03-31,HINDCON,1.085373,18.18,16.75
2026-04-03,HINDCON,0.964069,17.44,18.09
2026-04-14,HINDCON,1.032702,24.0,23.24
2026-05-28,HINDCON,1.023358,23.22,22.69
2025-11-05,HINDCOPPER,1.028129,341.75,332.4
2025-12-25,HINDCOPPER,0.934143,407.8,436.55
2026-01-15,HINDCOPPER,0.941777,539.45,572.8
2026-02-02,HINDCOPPER,0.87367,599.25,685.9
2026-03-26,HINDCOPPER,0.964624,463.55,480.55
2026-03-31,HINDCOPPER,1.088093,493.45,453.5
2026-05-01,HINDCOPPER,1.038142,555.25,534.85
2026-06-26,HINDCOPPER,1.02208,502.25,491.4
2026-01-15,HINDOILEXP,0.975003,149.0,152.82
2026-03-03,HINDOILEXP,0.957845,130.88,136.64
2026-03-26,HINDOILEXP,1.036714,125.94,121.48
2026-03-31,HINDOILEXP,1.022818,121.03,118.33
2026-04-14,HINDOILEXP,0.978949,154.86,158.19
2026-05-28,HINDOILEXP,0.955329,161.89,169.46
2026-01-26,HINDPETRO,1.030975,427.7,414.85
2026-03-03,HINDPETRO,1.033569,438.75,424.5
2026-03-26,HINDPETRO,0.97907,336.8,344.0
2026-04-03,HINDPETRO,1.029294,335.55,326.0
2026-04-14,HINDPETRO,1.032055,360.6,349.4
2026-03-26,HINDUNILVR,0.976672,2085.0,2134.8
2026-05-01,HINDUNILVR,1.028211,2314.4,2250.9
2025-12-25,HINDWAREAP,1.029503,265.2,257.6
2026-01-15,HINDWAREAP,1.024202,239.1,233.45
2026-01-26,HINDWAREAP,1.021715,230.55,225.65
2026-02-02,HINDWAREAP,1.043156,232.05,222.45
2026-03-03,HINDWAREAP,1.036938,227.95,219.83
2026-03-26,HINDWAREAP,0.920138,172.94,187.95
2026-03-31,HINDWAREAP,1.042327,182.23,174.83
2026-04-03,HINDWAREAP,0.975043,193.0,197.94
2026-05-01,HINDWAREAP,1.021577,222.52,217.82
2025-12-25,HINDZINC,0.975914,609.8,624.85
2026-01-15,HINDZINC,0.962779,629.85,654.2
2026-01-26,HINDZINC,0.956419,668.25,698.7
2026-02-02,HINDZINC,0.90708,570.1,628.5
2026-03-03,HINDZINC,0.977576,603.8,617.65
2026-03-26,HINDZINC,0.960112,497.05,517.7
2026-05-01,HINDZINC,1.028694,613.05,595.95
2026-06-26,HINDZINC,1.046135,541.95,518.05
2026-01-26,HIRECT,1.034446,1249.3,1207.7
2026-03-03,HIRECT,1.047566,1418.3,1353.9
2026-03-26,HIRECT,0.952519,1512.6,1588.0
2026-03-31,HIRECT,1.086805,717.4,660.1
2026-05-28,HIRECT,0.867445,999.6,1152.35
2026-06-26,HIRECT,1.032203,1157.1,1121.0
2025-12-25,HISARMETAL,1.025103,164.98,160.94
2026-01-15,HISARMETAL,0.953815,153.65,161.09
2026-03-03,HISARMETAL,1.048817,168.87,161.01
2026-03-31,HISARMETAL,1.046159,131.0,125.22
2026-04-03,HISARMETAL,1.020529,141.68,138.83
2026-04-14,HISARMETAL,1.029589,149.97,145.66
2026-05-01,HISARMETAL,1.03195,157.94,153.05
2026-05-28,HISARMETAL,0.978079,148.13,151.45
2025-12-25,HITECH,1.030053,92.54,89.84
2026-01-26,HITECH,1.03653,78.03,75.28
2026-03-03,HITECH,1.055196,88.13,83.52
2026-03-31,HITECH,1.037784,73.61,70.93
2026-04-14,HITECH,1.020078,86.37,84.67
2026-06-26,HITECH,1.046633,94.04,89.85
2025-10-22,HITECHCORP,0.96624,184.32,190.76
2025-11-05,HITECHCORP,1.024575,195.95,191.25
2025-12-25,HITECHCORP,0.978565,172.11,175.88
2026-03-03,HITECHCORP,1.069075,141.15,132.03
2026-03-31,HITECHCORP,1.06946,122.25,114.31
2026-04-03,HITECHCORP,0.953846,127.1,133.25
2026-05-28,HITECHCORP,0.909116,200.16,220.17
2026-01-15,HITECHGEAR,1.028447,764.65,743.5
2026-01-26,HITECHGEAR,1.038658,681.1,655.75
2026-03-03,HITECHGEAR,1.035033,642.6,620.85
2026-03-31,HITECHGEAR,1.036659,568.4,548.3
2026-06-26,HITECHGEAR,0.952388,611.1,641.65
2025-10-22,HLEGLAS,0.976787,526.0,538.5
2025-11-05,HLEGLAS,1.034566,645.0,623.45
2026-01-26,HLEGLAS,1.025243,406.15,396.15
2026-03-31,HLEGLAS,1.050996,263.8,251.0
2026-02-02,HLVLTD,1.020433,8.49,8.32
2026-03-03,HLVLTD,1.024485,7.95,7.76
2026-03-31,HLVLTD,1.066434,6.1,5.72
2026-04-03,HLVLTD,0.83724,6.43,7.68
2026-05-28,HLVLTD,0.964029,8.04,8.34
2026-03-03,HMAAGRO,1.027767,25.91,25.21
2026-03-31,HMAAGRO,1.045855,22.58,21.59
2026-04-14,HMAAGRO,1.048102,23.75,22.66
2026-03-03,HMT,0.953387,60.95,63.93
2026-03-26,HMT,0.952468,57.51,60.38
2026-03-31,HMT,1.042505,59.6,57.17
2026-04-03,HMT,0.97324,60.01,61.66
2026-06-26,HMT,1.028659,70.35,68.39
2025-11-05,HMVL,1.022181,77.88,76.19
2025-12-25,HMVL,1.021959,71.67,70.13
2026-03-03,HMVL,1.050659,70.1,66.72
2026-03-31,HMVL,1.07116,59.91,55.93
2026-06-26,HMVL,1.021456,87.12,85.29
2026-01-26,HNDFDS,1.02746,462.1,449.75
2026-03-26,HNDFDS,0.967416,497.3,514.05
2025-10-22,HNGSNGBEES,1.023354,512.68,500.98
2026-02-02,HNGSNGBEES,0.979129,554.52,566.34
2026-03-26,HNGSNGBEES,0.957496,461.13,481.6
2026-03-31,HNGSNGBEES,1.036245,468.31,451.93
2025-11-05,HOACFOODS,0.924385,250.0,270.45
2026-01-26,HOACFOODS,1.051908,306.0,290.9
2026-03-03,HOACFOODS,1.020359,363.35,356.1
2026-04-03,HOACFOODS,0.979487,382.0,390.0
2026-05-01,HOACFOODS,0.952381,420.0,441.0
2026-05-28,HOACFOODS,0.974195,564.4,579.35
2025-10-22,HOLMARC,0.966342,109.1,112.9
2025-12-25,HOLMARC,0.963138,101.9,105.8
2026-01-15,HOLMARC,0.95279,99.9,104.85
2026-02-02,HOLMARC,1.049759,98.1,93.45
2026-03-03,HOLMARC,1.021505,95.0,93.0
2026-03-26,HOLMARC,1.052632,70.0,66.5
2026-03-31,HOLMARC,1.052456,63.2,60.05
2026-04-03,HOLMARC,0.952417,63.05,66.2
2026-04-14,HOLMARC,0.959403,80.35,83.75
2026-05-01,HOLMARC,0.971149,94.25,97.05
2026-06-26,HOLMARC,1.028571,108.0,105.0
2025-10-22,HOMEFIRST,0.977893,1225.3,1253.0
2025-11-05,HOMEFIRST,1.049168,1254.7,1195.9
2026-01-26,HOMEFIRST,0.942308,1048.6,1112.8
2026-02-02,HOMEFIRST,0.949436,1119.1,1178.7
2026-03-31,HOMEFIRST,1.02752,929.7,904.8
2026-05-28,HOMEFIRST,0.972269,1086.9,1117.9
2026-06-26,HOMEFIRST,0.976336,1163.5,1191.7
2025-10-22,HOMESFY,0.952479,231.5,243.05
2025-12-25,HOMESFY,1.051192,178.65,169.95
2026-03-31,HOMESFY,1.0383,123.35,118.8
2026-05-01,HOMESFY,1.052613,147.05,139.7
2026-03-03,HONASA,1.035013,303.0,292.75
2026-05-28,HONASA,0.942969,396.0,419.95
2026-01-26,HONAUT,1.032351,32390.0,31375.0
2026-03-03,HONAUT,1.021603,30975.0,30320.0
2026-03-26,HONAUT,0.979968,27640.0,28205.0
2026-03-31,HONAUT,1.026781,27030.0,26325.0
2026-04-14,HONAUT,0.975597,28585.0,29300.0
2026-01-26,HONDAPOWER,1.031447,2092.6,2028.8
2026-03-03,HONDAPOWER,1.020892,2125.6,2082.1
2026-03-31,HONDAPOWER,1.045528,1931.3,1847.2
2026-05-01,HONDAPOWER,1.022,2359.9,2309.1
2025-11-05,HPAL,1.033821,52.27,50.56
2026-01-26,HPAL,1.030125,38.64,37.51
2026-03-03,HPAL,1.045623,36.67,35.07
2026-03-26,HPAL,0.965495,29.94,31.01
2026-03-31,HPAL,1.096547,29.53,26.93
2026-04-03,HPAL,0.932295,29.33,31.46
2026-04-14,HPAL,1.028363,36.62,35.61
2026-01-15,HPIL,1.028151,136.96,133.21
2026-01-26,HPIL,0.964961,131.09,135.85
2026-03-03,HPIL,1.025183,125.79,122.7
2026-03-26,HPIL,0.89973,109.83,122.07
2026-03-31,HPIL,1.039846,119.0,114.44
2026-04-03,HPIL,1.035194,117.36,113.37
2026-01-26,HPL,1.021458,323.7,316.9
2026-03-03,HPL,1.049869,340.0,323.85
2026-03-26,HPL,0.9728,280.75,288.6
2026-03-31,HPL,1.064761,273.75,257.1
2026-06-26,HPL,1.036734,379.6,366.15
2025-12-25,HPTL,1.023036,286.45,280.0
2026-01-26,HPTL,1.052505,263.6,250.45
2026-03-26,HPTL,0.952381,252.0,264.6
2026-03-31,HPTL,0.960151,254.2,264.75
2026-05-28,HPTL,0.967474,279.6,289.0
2025-10-22,HRHNEXT,0.966216,35.75,37.0
2025-11-05,HRHNEXT,1.044628,31.6,30.25
2025-12-25,HRHNEXT,1.051948,28.35,26.95
2026-01-15,HRHNEXT,1.051887,33.45,31.8
2026-01-26,HRHNEXT,1.051829,34.5,32.8
2026-03-03,HRHNEXT,1.052192,25.2,23.95
2026-04-03,HRHNEXT,1.052525,26.05,24.75
2026-04-14,HRHNEXT,0.952381,26.0,27.3
2026-05-28,HRHNEXT,1.027778,27.75,27.0
2026-06-26,HRHNEXT,0.960748,25.7,26.75
2026-03-31,HSBCGOLD,0.970305,123.84,127.63
2026-05-01,HSBCGOLD,0.977991,127.53,130.4
2025-11-05,HSCL,1.028321,475.65,462.55
2026-01-26,HSCL,1.026746,458.75,446.8
2026-02-02,HSCL,0.96701,445.55,460.75
2026-03-03,HSCL,1.059897,484.85,457.45
2026-03-26,HSCL,0.966598,445.65,461.05
2026-06-26,HSCL,0.977732,663.0,678.1
2026-01-26,HTMEDIA,1.047233,23.28,22.23
2026-03-03,HTMEDIA,1.048534,21.82,20.81
2026-03-26,HTMEDIA,0.971429,19.72,20.3
2026-03-31,HTMEDIA,1.057883,19.19,18.14
2026-05-01,HTMEDIA,1.022624,22.6,22.1
2025-11-05,HUBTOWN,0.97224,306.45,315.2
2026-01-26,HUBTOWN,1.079741,218.41,202.28
2026-03-03,HUBTOWN,1.036063,214.61,207.14
2026-03-26,HUBTOWN,0.972624,185.81,191.04
2026-03-31,HUBTOWN,1.054351,181.38,172.03
2026-05-01,HUBTOWN,1.022187,207.32,202.82
2026-06-26,HUBTOWN,1.02145,214.29,209.79
2026-01-26,HUDCO,1.056899,207.11,195.96
2026-03-03,HUDCO,1.027567,186.75,181.74
2026-03-26,HUDCO,0.955221,169.16,177.09
2026-03-31,HUDCO,1.053139,168.06,159.58
2026-04-14,HUDCO,0.978667,183.96,187.97
2026-01-15,HUHTAMAKI,0.979413,186.49,190.41
2026-01-26,HUHTAMAKI,1.024079,185.43,181.07
2026-03-03,HUHTAMAKI,1.029389,176.53,171.49
2026-03-31,HUHTAMAKI,1.042028,156.2,149.9
2025-11-05,HVAX,1.039326,925.0,890.0
2025-12-25,HVAX,0.952381,770.0,808.5
2026-03-31,HVAX,0.971629,727.75,749.0
2026-04-03,HVAX,0.952401,774.35,813.05
2026-05-28,HVAX,1.044961,760.0,727.3
2025-10-22,HYBRIDFIN,0.909119,29.11,32.02
2025-11-05,HYBRIDFIN,1.05282,23.52,22.34
2025-12-25,HYBRIDFIN,0.96808,18.5,19.11
2026-01-15,HYBRIDFIN,0.96604,18.49,19.14
2026-01-26,HYBRIDFIN,0.96166,18.31,19.04
2026-02-02,HYBRIDFIN,0.943478,21.7,23.0
2026-03-31,HYBRIDFIN,1.051875,16.83,16.0
2026-04-03,HYBRIDFIN,0.929505,16.35,17.59
2026-04-14,HYBRIDFIN,0.979177,20.22,20.65
2026-05-01,HYBRIDFIN,0.967774,19.52,20.17
2026-06-26,HYBRIDFIN,1.045247,22.87,21.88
2026-03-31,HYUNDAI,1.021766,1816.7,1778.0
2026-04-14,HYUNDAI,1.028748,1796.4,1746.2
2025-10-22,IBLFL,0.963768,66.5,69.0
2025-12-25,IBLFL,1.024623,64.5,62.95
2026-01-15,IBLFL,1.031683,52.1,50.5
2026-01-26,IBLFL,1.02359,49.9,48.75
2026-02-02,IBLFL,0.969854,46.65,48.1
2026-04-03,IBLFL,0.952869,46.5,48.8
2026-05-01,IBLFL,0.952419,59.05,62.0
2026-06-26,IBLFL,0.952797,54.5,57.2
2025-12-25,IBULLSLTD,0.958795,15.59,16.26
2026-01-15,IBULLSLTD,0.963317,12.08,12.54
2026-03-03,IBULLSLTD,1.039801,10.45,10.05
2026-03-26,IBULLSLTD,0.952333,9.39,9.86
2026-03-31,IBULLSLTD,1.021882,9.34,9.14
2026-04-03,IBULLSLTD,0.952517,10.03,10.53
2026-04-14,IBULLSLTD,0.89011,12.15,13.65
2026-05-01,IBULLSLTD,0.909275,17.94,19.73
2026-06-26,IBULLSLTD,1.027184,26.45,25.75
2025-11-05,ICDSLTD,1.041481,48.96,47.01
2026-02-02,ICDSLTD,0.932468,38.8,41.61
2026-03-26,ICDSLTD,1.044068,43.12,41.3
2026-03-31,ICDSLTD,0.973473,40.0,41.09
2026-04-03,ICDSLTD,1.051682,43.14,41.02
2026-05-01,ICDSLTD,1.036113,48.2,46.52
2026-05-28,ICDSLTD,0.952434,42.85,44.99
2025-12-25,ICEMAKE,0.976868,798.15,817.05
2026-03-26,ICEMAKE,0.979109,712.4,727.6
2026-03-31,ICEMAKE,1.045762,695.85,665.4
2026-04-03,ICEMAKE,0.964747,684.15,709.15
2026-01-15,ICICIAMC,0.976535,2671.8,2736.0
2026-03-26,ICICIAMC,0.962775,2793.3,2901.3
2026-03-31,ICICIAMC,1.02595,2874.2,2801.5
2026-05-28,ICICIAMC,0.977714,3360.6,3437.2
2026-02-02,ICICIB22,0.966595,116.61,120.64
2026-03-31,ICICIBANK,1.023136,1233.8,1205.9
2026-04-14,ICICIBANK,0.978388,1321.9,1351.1
2026-03-26,ICICIGI,0.977292,1730.1,1770.3
2026-03-31,ICICIGI,1.021279,1747.0,1710.6
2026-01-26,ICICIPRULI,1.022624,653.15,638.7
2026-03-31,ICICIPRULI,1.040918,530.4,509.55
2026-05-01,ICICIPRULI,1.020434,524.35,513.85
2025-10-22,ICIL,0.969888,260.9,269.0
2025-11-05,ICIL,1.030141,288.8,280.35
2026-01-26,ICIL,1.035635,232.5,224.5
2026-02-02,ICIL,0.973404,229.48,235.75
2026-03-26,ICIL,0.956656,247.2,258.4
2026-03-31,ICIL,1.025446,255.9,249.55
2026-04-14,ICIL,1.021661,248.56,243.29
2026-05-01,ICIL,0.976204,270.76,277.36
2026-03-03,ICRA,0.969246,5531.0,5706.5
2026-03-26,ICRA,0.966393,5118.5,5296.5
2026-03-31,ICRA,1.028483,5145.5,5003.0
2025-11-05,IDBI,1.022668,101.51,99.26
2026-01-26,IDBI,1.026586,100.01,97.42
2026-03-31,IDBI,1.040813,64.01,61.5
2026-04-03,IDBI,0.972682,67.65,69.55
2026-01-15,IDEA,0.974729,10.8,11.08
2026-01-26,IDEA,1.025176,10.18,9.93
2026-02-02,IDEA,0.973142,10.87,11.17
2026-03-03,IDEA,1.029155,10.59,10.29
2026-03-31,IDEA,1.042204,8.89,8.53
2026-01-15,IDEAFORGE,1.021395,467.85,458.05
2026-01-26,IDEAFORGE,1.070272,429.5,401.3
2026-02-02,IDEAFORGE,0.953196,439.9,461.5
2026-03-03,IDEAFORGE,0.935871,413.0,441.3
2026-03-31,IDEAFORGE,1.036315,385.25,371.75
2026-02-02,IDEALTECHO,1.089474,207.0,190.0
2026-03-31,IDEALTECHO,0.955607,204.5,214.0
2025-12-25,IDENTICAL,0.97921,23.55,24.05
2026-01-15,IDENTICAL,0.967254,19.2,19.85
2026-03-31,IDENTICAL,0.974603,15.35,15.75
2026-04-03,IDENTICAL,0.949868,18.0,18.95
2026-04-14,IDENTICAL,1.051724,21.35,20.3
2026-05-01,IDENTICAL,1.044619,19.9,19.05
2026-05-28,IDENTICAL,1.051948,20.25,19.25
2026-06-26,IDENTICAL,1.049708,17.95,17.1
2026-03-03,IDFCFIRSTB,1.023683,73.48,71.78
2026-03-31,IDFCFIRSTB,1.051317,61.87,58.85
2026-04-14,IDFCFIRSTB,1.020814,66.21,64.86
2026-03-31,IDFNIFTYET,1.022891,251.13,245.51
2025-10-22,IEL,0.979899,19.5,19.9
2025-10-22,IEML,0.964092,115.45,119.75
2026-01-15,IEML,1.055556,83.6,79.2
2026-02-02,IEML,0.97903,74.7,76.3
2026-03-03,IEML,1.055021,76.7,72.7
2026-03-31,IEML,1.10396,66.9,60.6
2026-04-03,IEML,0.93923,69.55,74.05
2026-05-28,IEML,1.110451,46.75,42.1
2025-11-05,IEML-RE,1.507937,19.0,12.6
2025-12-25,IEX,1.020914,142.05,139.14
2026-01-26,IEX,1.02768,131.06,127.53
2026-03-03,IEX,1.033904,125.64,121.52
2026-03-31,IEX,1.035643,118.84,114.75
2025-10-22,IFBAGRO,0.926761,1040.15,1122.35
2025-12-25,IFBAGRO,1.041173,1370.6,1316.4
2026-01-15,IFBAGRO,1.052584,1503.3,1428.2
2026-01-26,IFBAGRO,1.052331,1453.9,1381.6
2026-02-02,IFBAGRO,0.950031,1239.6,1304.8
2026-03-03,IFBAGRO,1.052593,864.6,821.4
2026-03-31,IFBAGRO,1.052632,723.0,686.85
2026-04-03,IFBAGRO,0.95239,721.15,757.2
2026-05-28,IFBAGRO,0.978916,1028.4,1050.55
2026-03-31,IFBIND,1.057152,945.2,894.1
2026-04-14,IFBIND,1.021879,1081.25,1058.1
2026-05-28,IFBIND,0.963003,1147.9,1192.0
2026-01-15,IFCI,1.027986,57.67,56.1
2026-01-26,IFCI,1.043478,58.8,56.35
2026-02-02,IFCI,1.042476,57.43,55.09
2026-03-03,IFCI,1.064608,59.98,56.34
2026-03-31,IFCI,1.066416,51.06,47.88
2026-05-28,IFCI,0.941796,64.4,68.38
2026-06-26,IFCI,1.035584,79.74,77.0
2025-11-05,IFGLEXPOR,1.024336,250.44,244.49
2026-01-26,IFGLEXPOR,1.03791,177.41,170.93
2026-02-02,IFGLEXPOR,0.967865,178.0,183.91
2026-03-03,IFGLEXPOR,1.046823,171.03,163.38
2026-03-31,IFGLEXPOR,1.067642,131.32,123.0
2026-04-03,IFGLEXPOR,0.958892,131.56,137.2
2026-04-14,IFGLEXPOR,1.021368,175.9,172.22
2026-03-03,IGARASHI,1.031721,359.4,348.35
2026-03-26,IGARASHI,0.950649,296.65,312.05
2026-03-31,IGARASHI,1.091059,298.35,273.45
2026-01-26,IGCL,1.030863,67.47,65.45
2026-03-03,IGCL,1.044001,65.96,63.18
2026-03-31,IGCL,0.94013,54.96,58.46
2026-04-03,IGCL,0.955304,62.41,65.33
2026-06-26,IGCL,1.035191,61.48,59.39
2025-11-05,IGIL,1.02387,343.15,335.15
2026-05-01,IGIL,1.025293,354.7,345.95
2026-05-28,IGIL,1.030684,381.25,369.9
2026-06-26,IGIL,0.979288,352.25,359.7
2026-01-26,IGL,1.02665,179.52,174.86
2026-02-02,IGL,0.979931,174.32,177.89
2026-03-03,IGL,1.024402,170.86,166.79
2025-12-25,IGPL,0.976571,387.65,396.95
2026-01-15,IGPL,0.97124,368.1,379.0
2026-02-02,IGPL,0.95648,346.15,361.9
2026-03-03,IGPL,1.039862,361.3,347.45
2026-03-26,IGPL,1.037184,366.8,353.65
2026-04-03,IGPL,1.037623,364.05,350.85
2026-04-14,IGPL,1.026137,424.0,413.2
2026-05-28,IGPL,0.974146,433.3,444.8
2025-12-25,IIFL,0.951175,572.75,602.15
2026-01-26,IIFL,1.033771,538.75,521.15
2026-02-02,IIFL,0.899849,475.75,528.7
2026-03-31,IIFL,1.041352,448.25,430.45
2026-05-01,IIFL,0.974071,447.05,458.95
2026-06-26,IIFL,1.030312,525.15,509.7
2026-01-26,IIFLCAPS,1.038438,345.8,333.0
2026-02-02,IIFLCAPS,0.919679,304.0,330.55
2026-03-03,IIFLCAPS,0.913119,288.5,315.95
2026-03-26,IIFLCAPS,0.978371,260.1,265.85
2026-03-31,IIFLCAPS,1.057137,258.1,244.15
2025-11-05,IITL,1.023407,189.32,184.99
2026-02-02,IITL,0.971808,138.92,142.95
2026-03-31,IITL,1.059879,133.46,125.92
2026-05-28,IITL,1.025633,156.05,152.15
2026-06-26,IITL,1.060131,136.46,128.72
2025-10-22,IKIO,0.974161,209.62,215.18
2026-01-26,IKIO,1.036147,154.79,149.39
2026-02-02,IKIO,1.024356,153.09,149.45
2026-03-03,IKIO,1.023502,141.97,138.71
2026-03-26,IKIO,0.927385,107.79,116.23
2026-04-03,IKIO,0.938925,114.07,121.49
2026-05-01,IKIO,1.035708,163.59,157.95
2026-06-26,IKIO,1.025251,160.38,156.43
2026-03-03,IKS,1.02176,1375.8,1346.5
2026-05-01,IKS,0.94144,1557.8,1654.7
2025-10-22,IL&FSENGG,0.966058,26.47,27.4
2025-11-05,IL&FSENGG,1.029379,28.03,27.23
2025-12-25,IL&FSENGG,0.967335,26.06,26.94
2026-01-15,IL&FSENGG,1.022485,26.83,26.24
2026-01-26,IL&FSENGG,1.049082,24.58,23.43
2026-02-02,IL&FSENGG,1.027281,22.97,22.36
2026-03-26,IL&FSENGG,0.953188,23.62,24.78
2026-03-31,IL&FSENGG,1.051813,24.36,23.16
2026-04-14,IL&FSENGG,0.97396,26.93,27.65
2026-05-28,IL&FSENGG,0.95262,30.36,31.87
2025-11-05,IL&FSTRANS,1.041237,3.03,2.91
2025-12-25,IL&FSTRANS,1.02847,2.89,2.81
2026-02-02,IL&FSTRANS,0.970696,2.65,2.73
2026-03-03,IL&FSTRANS,1.042553,2.45,2.35
2026-03-31,IL&FSTRANS,1.048913,1.93,1.84
2026-04-14,IL&FSTRANS,0.95279,2.22,2.33
2026-05-01,IL&FSTRANS,1.029915,2.41,2.34
2026-05-28,IL&FSTRANS,1.026432,2.33,2.27
2025-11-05,IMAGICAA,1.02677,51.78,50.43
2025-12-25,IMAGICAA,1.036557,48.77,47.05
2026-01-15,IMAGICAA,0.976027,51.3,52.56
2026-01-26,IMAGICAA,1.023506,52.25,51.05
2026-03-03,IMAGICAA,1.034516,42.86,41.43
2026-03-26,IMAGICAA,0.975478,37.79,38.74
2026-04-03,IMAGICAA,0.976962,40.71,41.67
2025-10-22,IMFA,0.957467,1087.3,1135.6
2026-01-15,IMFA,0.962239,1220.6,1268.5
2026-03-26,IMFA,0.963362,1199.0,1244.6
2026-03-31,IMFA,1.0242,1231.6,1202.5
2026-04-03,IMFA,0.979563,1231.8,1257.5
2026-05-01,IMFA,1.100692,1653.9,1502.6
2026-06-26,IMFA,1.042276,1383.1,1327.0
2026-01-26,IMPAL,0.975673,1046.8,1072.9
2026-03-31,IMPAL,1.021131,971.3,951.2
2025-10-22,IMPEXFERRO,1.037634,1.93,1.86
2026-01-15,IMPEXFERRO,0.960227,1.69,1.76
2026-02-02,IMPEXFERRO,1.029412,1.75,1.7
2026-03-31,IMPEXFERRO,1.051471,1.43,1.36
2026-04-14,IMPEXFERRO,0.955696,1.51,1.58
2026-05-28,IMPEXFERRO,0.963731,1.86,1.93
2026-03-31,INA,1.084814,89.15,82.18
2026-04-03,INA,0.975419,89.68,91.94
2026-04-14,INA,0.905936,119.04,131.4
2026-05-01,INA,1.036282,152.52,147.18
2026-05-28,INA,1.103349,134.09,121.53
2025-11-05,INCREDIBLE,1.029758,44.64,43.35
2026-01-15,INCREDIBLE,1.028084,37.34,36.32
2026-02-02,INCREDIBLE,0.95283,36.36,38.16
2026-03-03,INCREDIBLE,1.067114,34.98,32.78
2026-03-31,INCREDIBLE,1.049685,30.0,28.58
2026-04-03,INCREDIBLE,0.966063,29.89,30.94
2026-05-28,INCREDIBLE,1.020707,36.97,36.22
2025-10-22,INDBANK,1.022677,41.94,41.01
2025-11-05,INDBANK,1.032663,41.1,39.8
2026-01-15,INDBANK,0.916601,35.06,38.25
2026-01-26,INDBANK,1.023974,37.16,36.29
2026-02-02,INDBANK,0.978108,34.85,35.63
2026-03-03,INDBANK,1.037135,35.47,34.2
2026-03-26,INDBANK,0.968203,30.45,31.45
2026-03-31,INDBANK,1.056488,30.86,29.21
2026-03-03,INDGN,1.034066,496.3,479.95
2026-03-26,INDGN,0.96491,444.1,460.25
2026-03-31,INDGN,1.040267,452.1,434.6
2026-03-03,INDHOTEL,1.024654,667.05,651.0
2026-03-26,INDHOTEL,0.978536,604.05,617.3
2026-03-31,INDHOTEL,1.034942,590.9,570.95
2026-01-26,INDIACEM,1.064195,459.2,431.5
2026-02-02,INDIACEM,0.95674,437.9,457.7
2026-03-03,INDIACEM,1.020613,406.0,397.8
2026-03-31,INDIACEM,1.035486,356.0,343.8
2026-01-26,INDIAGLYCO,1.044179,848.5,812.6
2026-03-03,INDIAGLYCO,1.072643,962.0,896.85
2026-03-26,INDIAGLYCO,0.954234,848.6,889.3
2026-03-31,INDIAGLYCO,1.042288,884.85,848.95
2026-03-26,INDIAMART,0.974302,1963.9,2015.7
2026-01-15,INDIANB,0.966151,817.75,846.4
2026-01-26,INDIANB,1.023162,896.75,876.45
2026-02-02,INDIANB,0.924811,843.15,911.7
2026-03-26,INDIANB,0.958638,871.45,909.05
2026-03-31,INDIANB,1.030803,871.75,845.7
2026-04-03,INDIANB,1.021394,888.0,869.4
2026-05-01,INDIANB,1.027822,875.55,851.85
2026-01-26,INDIANCARD,1.022239,226.15,221.23
2026-03-03,INDIANCARD,1.025707,207.08,201.89
2026-03-31,INDIANCARD,1.039336,162.76,156.6
2026-05-28,INDIANCARD,1.021055,227.92,223.22
2026-06-26,INDIANCARD,1.027307,220.83,214.96
2026-03-03,INDIANHUME,1.032283,332.55,322.15
2026-03-26,INDIANHUME,1.022672,318.0,310.95
2026-03-31,INDIANHUME,1.060579,298.5,281.45
2026-04-03,INDIANHUME,0.977566,307.2,314.25
2026-04-14,INDIANHUME,1.025222,323.15,315.2
2026-05-28,INDIANHUME,1.020534,323.05,316.55
2026-06-26,INDIANHUME,0.967223,321.65,332.55
2025-12-25,INDIASHLTR,1.025454,837.95,817.15
2026-03-26,INDIASHLTR,0.943619,711.3,753.8
2026-03-31,INDIASHLTR,0.976479,736.9,754.65
2026-03-26,INDIFRA,1.036437,12.8,12.35
2026-03-31,INDIFRA,1.051064,12.35,11.75
2026-04-03,INDIFRA,1.051282,12.3,11.7
2026-01-26,INDIGO,1.043469,4909.0,4704.5
2026-03-03,INDIGO,1.06787,4827.2,4520.4
2026-03-26,INDIGO,0.966494,4150.8,4294.7
2026-03-31,INDIGO,1.039559,4099.5,3943.5
2026-04-14,INDIGO,1.028686,4554.2,4427.2
2026-06-26,INDIGO,0.95545,5207.2,5450.0
2026-01-26,INDIGOPNTS,1.043914,1093.5,1047.5
2026-03-03,INDIGOPNTS,1.020201,936.8,918.25
2026-03-26,INDIGOPNTS,0.953124,729.95,765.85
2026-03-31,INDIGOPNTS,1.028137,730.8,710.8
2026-04-03,INDIGOPNTS,0.976485,749.55,767.6
2026-06-26,INDIGOPNTS,1.021416,1027.8,1006.25
2026-01-15,INDIQUBE,1.026893,203.52,198.19
2026-03-26,INDIQUBE,0.96015,136.13,141.78
2026-04-03,INDIQUBE,0.959414,137.58,143.4
2026-05-01,INDIQUBE,0.976311,171.45,175.61
2025-11-05,INDNIPPON,1.027301,989.65,963.35
2026-01-26,INDNIPPON,1.040381,736.85,708.25
2026-02-02,INDNIPPON,1.026187,723.0,704.55
2026-03-26,INDNIPPON,0.97446,730.65,749.8
2026-03-31,INDNIPPON,1.060811,720.45,679.15
2025-10-22,INDOAMIN,0.9785,132.44,135.35
2026-01-26,INDOAMIN,1.041308,117.22,112.57
2026-03-03,INDOAMIN,1.030364,108.25,105.06
2026-03-26,INDOAMIN,0.954471,87.84,92.03
2026-03-31,INDOAMIN,1.080494,91.01,84.23
2026-04-03,INDOAMIN,0.972317,94.13,96.81
2026-05-28,INDOAMIN,0.966739,134.57,139.2
2026-01-15,INDOBORAX,1.02608,263.6,256.9
2026-01-15,INDOCO,1.024934,216.22,210.96
2026-01-26,INDOCO,1.025433,215.71,210.36
2026-03-31,INDOCO,1.057683,173.46,164.0
2026-04-14,INDOCO,0.956569,202.41,211.6
2026-05-28,INDOCO,0.946716,193.13,204.0
2026-06-26,INDOCO,1.02418,237.2,231.6
2025-10-22,INDOFARM,0.956397,249.61,260.99
2026-01-15,INDOFARM,1.047662,187.5,178.97
2026-01-26,INDOFARM,1.021351,160.25,156.9
2026-02-02,INDOFARM,0.934272,167.87,179.68
2026-03-31,INDOFARM,1.041292,115.75,111.16
2025-11-05,INDORAMA,1.046459,73.88,70.6
2026-02-02,INDORAMA,0.905647,39.45,43.56
2026-03-03,INDORAMA,1.022806,35.43,34.64
2026-03-26,INDORAMA,0.963781,31.4,32.58
2026-03-31,INDORAMA,1.03124,31.03,30.09
2026-04-14,INDORAMA,0.95903,35.58,37.1
2026-05-28,INDORAMA,1.059314,44.47,41.98
2025-11-05,INDOSTAR,0.95393,256.55,268.94
2026-02-02,INDOSTAR,0.947122,196.13,207.08
2026-03-03,INDOSTAR,1.036375,224.23,216.36
2026-03-26,INDOSTAR,0.933113,183.87,197.05
2026-03-31,INDOSTAR,0.961845,182.51,189.75
2026-04-14,INDOSTAR,1.052242,229.01,217.64
2026-05-01,INDOSTAR,1.034245,209.6,202.66
2026-05-28,INDOSTAR,0.917742,211.31,230.25
2025-11-05,INDOTECH,1.021697,1704.6,1668.4
2026-01-15,INDOTECH,1.043116,1463.7,1403.2
2026-01-26,INDOTECH,1.061407,1305.0,1229.5
2026-02-02,INDOTECH,0.937598,1251.6,1334.9
2026-03-03,INDOTECH,1.05882,1580.5,1492.7
2026-03-31,INDOTECH,1.066612,1178.5,1104.9
2026-04-14,INDOTECH,0.928082,1327.9,1430.8
2026-05-01,INDOTECH,0.952411,2573.7,2702.3
2025-10-22,INDOTHAI,1.036604,443.2,427.55
2026-01-26,INDOTHAI,1.043294,259.05,248.3
2026-03-26,INDOTHAI,0.960802,270.85,281.9
2026-04-14,INDOTHAI,1.02847,290.8,282.75
2026-05-01,INDOTHAI,1.031614,296.95,287.85
2025-10-22,INDOUS,0.917244,120.48,131.35
2026-01-15,INDOUS,1.038062,118.91,114.55
2026-01-26,INDOUS,0.953021,111.98,117.5
2026-02-02,INDOUS,0.9548,119.56,125.22
2026-03-03,INDOUS,1.027361,144.56,140.71
2026-03-31,INDOUS,1.028307,100.99,98.21
2026-04-03,INDOUS,0.969882,101.76,104.92
2025-10-22,INDOWIND,0.967742,15.3,15.81
2026-01-15,INDOWIND,0.873885,14.69,16.81
2026-02-02,INDOWIND,0.956998,11.35,11.86
2026-03-03,INDOWIND,1.047673,9.23,8.81
2026-03-31,INDOWIND,1.086402,7.67,7.06
2026-04-03,INDOWIND,0.927742,7.19,7.75
2026-05-01,INDPRUD,1.021286,6949.95,6805.1
2025-11-05,INDRAMEDCO,0.951841,575.15,604.25
2026-01-26,INDRAMEDCO,1.047368,378.1,361.0
2026-02-02,INDRAMEDCO,1.021479,370.95,363.15
2026-03-03,INDRAMEDCO,1.025115,402.05,392.2
2026-03-26,INDRAMEDCO,0.971492,393.6,405.15
2026-03-31,INDRAMEDCO,1.034645,385.25,372.35
2026-04-14,INDRAMEDCO,1.033431,438.95,424.75
2026-05-28,INDRAMEDCO,0.948698,371.7,391.8
2026-01-26,INDSWFTLAB,0.974642,106.85,109.63
2026-03-03,INDSWFTLAB,1.059025,145.33,137.23
2026-03-26,INDSWFTLAB,1.040254,142.39,136.88
2026-03-31,INDSWFTLAB,1.051586,138.21,131.43
2026-06-26,INDSWFTLAB,0.964808,193.83,200.9
2025-11-05,INDTERRAIN,0.946929,38.54,40.7
2026-02-02,INDTERRAIN,0.97987,33.1,33.78
2026-03-31,INDTERRAIN,1.096502,27.27,24.87
2026-04-03,INDTERRAIN,0.969823,27.96,28.83
2026-04-14,INDTERRAIN,1.023075,32.81,32.07
2026-01-15,INDUSINDBK,0.964055,910.55,944.5
2026-03-26,INDUSINDBK,0.974157,797.25,818.4
2026-03-31,INDUSINDBK,1.053293,792.55,752.45
2025-11-05,INDUSTOWER,0.975035,382.75,392.55
2025-12-25,INDUSTOWER,0.977471,414.35,423.9
2026-01-15,INDUSTOWER,0.976049,427.9,438.4
2026-02-02,INDUSTOWER,0.954198,423.95,444.3
2025-12-25,INFIBEAM,1.023072,16.85,16.47
2026-01-26,INFIBEAM,0.968434,15.34,15.84
2026-02-02,INFIBEAM,1.020885,16.62,16.28
2026-03-31,INFINIUM,1.033973,199.35,192.8
2026-04-14,INFINIUM,1.024048,215.05,210.0
2026-05-28,INFINIUM,0.978404,208.4,213.0
2025-12-25,INFLUX,0.961127,220.05,228.95
2026-01-15,INFLUX,1.060367,208.15,196.3
2026-01-26,INFLUX,0.969436,203.0,209.4
2026-02-02,INFLUX,0.949813,203.45,214.2
2026-03-26,INFLUX,0.974518,219.9,225.65
2026-03-31,INFLUX,1.062129,214.55,202.0
2026-04-14,INFLUX,1.020305,231.15,226.55
2026-05-01,INFLUX,0.969505,260.7,268.9
2026-06-26,INFLUX,0.912213,260.3,285.35
2025-11-05,INFOBEAN,1.029431,629.6,611.6
2025-12-25,INFOBEAN,1.051969,797.55,758.15
2026-01-15,INFOBEAN,1.043148,851.0,815.8
2026-01-26,INFOBEAN,1.086663,894.65,823.3
2026-02-02,INFOBEAN,1.053739,851.0,807.6
2026-03-03,INFOBEAN,1.158578,206.25,178.02
2026-03-31,INFOBEAN,1.07047,132.46,123.74
2026-04-03,INFOBEAN,0.958319,136.11,142.03
2026-04-14,INFOBEAN,1.041111,185.12,177.81
2026-06-26,INFOBEAN,0.976053,154.07,157.85
2025-11-05,INFOLLION,0.960354,380.3,396.0
2026-04-03,INFOLLION,0.938967,300.0,319.5
2026-04-14,INFOLLION,1.023947,329.25,321.55
2026-05-28,INFOLLION,0.977115,190.0,194.45
2026-01-15,INFOMEDIA,0.96,6.0,6.25
2026-02-02,INFOMEDIA,1.038394,5.95,5.73
2026-03-26,INFOMEDIA,0.979879,4.87,4.97
2026-04-03,INFOMEDIA,0.955939,4.99,5.22
2026-05-28,INFOMEDIA,0.954248,5.84,6.12
2026-06-26,INFOMEDIA,1.022688,5.86,5.73
2026-03-26,INFRA,0.978464,10.45,10.68
2026-03-31,INFRA,1.026471,10.47,10.2
2026-05-28,INFRA,0.979806,12.13,12.38
2026-03-03,INFRABEES,1.021978,984.41,963.24
2026-03-31,INFRABEES,1.029275,910.97,885.06
2026-02-02,INFRAIETF,0.976831,91.91,94.09
2026-03-03,INFRAIETF,1.02272,98.13,95.95
2026-03-03,INGERRAND,1.021598,4006.4,3921.7
2026-05-01,INGERRAND,0.975711,4310.4,4417.7
2026-05-28,INGERRAND,0.97957,4348.9,4439.6
2026-06-26,INGERRAND,1.020446,4581.6,4489.8
2026-01-15,INM,0.941704,210.0,223.0
2026-01-26,INM,1.028986,213.0,207.0
2026-02-02,INM,0.876244,171.7,195.95
2026-03-26,INM,1.038889,187.0,180.0
2026-05-01,INM,1.06976,167.15,156.25
2026-05-28,INM,1.050082,192.9,183.7
2025-10-22,INNOMET,0.966558,148.85,154.0
2025-11-05,INNOMET,1.021293,131.9,129.15
2026-01-26,INNOMET,1.063884,84.1,79.05
2026-02-02,INNOMET,0.967308,75.45,78.0
2026-03-03,INNOMET,1.043571,73.05,70.0
2026-03-26,INNOMET,0.959545,75.9,79.1
2026-03-31,INNOMET,1.055866,75.6,71.6
2026-04-03,INNOMET,0.977723,79.0,80.8
2026-05-01,INNOMET,0.978034,89.05,91.05
2026-05-28,INNOMET,1.04012,86.85,83.5
2026-01-26,INNOVACAP,0.964826,654.2,678.05
2026-03-26,INNOVACAP,0.971119,691.0,711.55
2026-03-31,INNOVACAP,0.973183,671.35,689.85
2026-05-01,INNOVACAP,0.968553,728.4,752.05
2026-03-03,INNOVANA,1.026621,403.0,392.55
2026-03-31,INNOVANA,1.081199,348.2,322.05
2026-05-01,INNOVANA,0.9271,375.8,405.35
2026-05-28,INNOVANA,1.053038,347.45,329.95
2026-03-26,INNOVISION,0.931245,350.8,376.7
2026-03-31,INNOVISION,1.103902,356.45,322.9
2026-05-01,INNOVISION,1.025843,331.45,323.1
2026-01-26,INOXGREEN,1.093917,173.55,158.65
2026-02-02,INOXGREEN,0.975993,165.87,169.95
2026-03-03,INOXGREEN,1.042342,169.12,162.25
2026-03-26,INOXGREEN,0.95227,138.86,145.82
2026-03-31,INOXGREEN,1.024198,139.25,135.96
2026-04-14,INOXGREEN,0.97532,156.1,160.05
2026-05-28,INOXGREEN,1.030995,179.29,173.9
2026-06-26,INOXGREEN,0.979084,199.88,204.15
2026-03-03,INOXINDIA,1.029477,1163.0,1129.7
2026-03-26,INOXINDIA,0.970778,1202.6,1238.8
2026-03-31,INOXINDIA,1.020085,1198.6,1175.0
2026-04-14,INOXINDIA,0.924554,1305.1,1411.6
2026-05-01,INOXINDIA,1.031366,1502.7,1457.0
2026-05-28,INOXINDIA,0.975867,1488.1,1524.9
2026-06-26,INOXINDIA,1.061616,1988.3,1872.9
2026-01-26,INOXWIND,1.032155,106.89,103.56
2026-02-02,INOXWIND,0.966278,104.3,107.94
2026-03-03,INOXWIND,1.032963,92.13,89.19
2026-03-26,INOXWIND,0.95105,77.91,81.92
2026-03-31,INOXWIND,1.050073,79.27,75.49
2026-01-26,INSECTICID,1.023455,628.35,613.95
2026-02-02,INSECTICID,1.025879,608.5,593.15
2026-03-31,INSECTICID,1.052801,556.3,528.4
2026-04-03,INSECTICID,0.957368,582.75,608.7
2026-04-14,INSECTICID,0.954223,645.15,676.1
2025-11-05,INSPIRE,0.972727,16.05,16.5
2026-01-26,INSPIRE,1.080952,11.35,10.5
2026-03-26,INSPIRE,1.055556,9.5,9.0
2026-03-31,INSPIRE,1.094203,7.55,6.9
2026-04-03,INSPIRE,0.917197,7.2,7.85
2026-04-14,INSPIRE,0.956284,8.75,9.15
2026-05-01,INSPIRE,0.952381,11.0,11.55
2026-03-31,INSPIRISYS,1.030235,73.6,71.44
2026-05-01,INSPIRISYS,0.966988,80.26,83.0
2025-10-22,INTEGRITY,0.963123,100.55,104.4
2026-03-03,INTEGRITY,1.034634,118.0,114.05
2026-05-28,INTEGRITY,0.952381,167.0,175.35
2026-01-26,INTELLECT,1.036474,923.55,891.05
2026-02-02,INTELLECT,0.968589,885.0,913.7
2026-03-03,INTELLECT,1.020629,697.6,683.5
2026-03-26,INTELLECT,0.978618,643.05,657.1
2026-03-31,INTELLECT,1.05246,629.95,598.55
2026-04-03,INTELLECT,0.96656,635.9,657.9
2026-04-14,INTELLECT,1.042098,679.5,652.05
2025-11-05,INTENTECH,1.024723,121.03,118.11
2026-01-26,INTENTECH,0.956008,101.92,106.61
2026-03-03,INTENTECH,1.037946,101.48,97.77
2026-03-31,INTENTECH,1.075585,75.42,70.12
2026-04-03,INTENTECH,0.860415,84.14,97.79
2026-02-02,INTERARCH,1.047365,2063.1,1969.8
2026-03-03,INTERARCH,1.029654,1878.5,1824.4
2026-03-26,INTERARCH,0.957166,1711.7,1788.3
2026-03-31,INTERARCH,1.036336,1725.5,1665.0
2026-04-14,INTERARCH,1.033884,1965.0,1900.6
2026-01-26,INTERNET,1.043205,13.28,12.73
2026-03-03,INTERNET,1.021589,11.83,11.58
2026-03-26,INTERNET,0.979807,11.16,11.39
2026-03-31,INTERNET,1.024977,11.08,10.81
2025-11-05,INTLCONV,1.028502,96.71,94.03
2026-02-02,INTLCONV,0.953361,75.02,78.69
2026-03-03,INTLCONV,1.033268,79.2,76.65
2026-03-26,INTLCONV,0.972296,65.98,67.86
2026-03-31,INTLCONV,1.052238,63.25,60.11
2026-04-03,INTLCONV,0.97425,64.32,66.02
2026-01-26,INVENTURE,0.963303,1.05,1.09
2026-03-03,INVENTURE,1.08,1.08,1.0
2026-03-26,INVENTURE,1.043956,0.95,0.91
2026-03-31,INVENTURE,1.072289,0.89,0.83
2026-04-03,INVENTURE,0.927835,0.9,0.97
2026-05-28,INVENTURE,1.020619,0.99,0.97
2026-01-15,INVICTA,0.976875,69.7,71.35
2026-01-26,INVICTA,1.072593,72.4,67.5
2026-03-26,INVICTA,1.039387,71.25,68.55
2026-03-31,INVICTA,1.031746,65.0,63.0
2026-04-14,INVICTA,1.026371,73.95,72.05
2026-05-01,INVICTA,1.029044,102.75,99.85
2026-05-28,INVICTA,1.049412,66.9,63.75
2026-06-26,INVICTA,0.965108,65.0,67.35
2026-05-01,INVPRECQ,1.053772,632.0,599.75
2026-05-28,INVPRECQ,1.02466,633.65,618.4
2026-06-26,INVPRECQ,0.938913,778.5,829.15
2025-11-05,IOB,1.022756,40.45,39.55
2026-01-15,IOB,0.979507,35.37,36.11
2026-02-02,IOB,0.964075,34.35,35.63
2026-03-03,IOB,1.035511,36.45,35.2
2026-03-31,IOB,1.026131,32.2,31.38
2026-02-02,IOC,0.978253,159.69,163.24
2026-03-03,IOC,1.046675,187.47,179.11
2026-01-26,IOLCP,1.042131,71.98,69.07
2026-03-03,IOLCP,1.023539,73.05,71.37
2026-03-31,IOLCP,1.071183,77.95,72.77
2026-05-28,IOLCP,1.035464,136.06,131.4
2026-06-26,IOLCP,0.979799,130.96,133.66
2026-03-03,IONEXCHANG,1.027225,364.1,354.45
2026-03-26,IONEXCHANG,0.957773,331.15,345.75
2026-03-31,IONEXCHANG,1.040268,333.25,320.35
2026-04-03,IONEXCHANG,0.970647,337.3,347.5
2026-05-28,IONEXCHANG,1.072612,407.7,380.1
2026-02-02,IPCALAB,0.954583,1404.0,1470.8
2026-03-26,IPCALAB,0.975032,1530.8,1570.0
2026-01-15,IPHL,0.977612,58.95,60.3
2026-03-03,IPHL,1.047664,54.95,52.45
2026-03-26,IPHL,0.948226,49.45,52.15
2026-04-14,IPHL,1.027077,55.0,53.55
2026-05-01,IPHL,1.028249,54.6,53.1
2025-11-05,IPL,1.026875,190.28,185.3
2026-01-26,IPL,1.04007,153.92,147.99
2026-03-31,IPL,1.033184,129.52,125.36
2026-04-03,IPL,0.978435,135.21,138.19
2026-03-31,IPSL,0.963303,210.0,218.0
2026-05-28,IPSL,1.052632,200.0,190.0
2026-01-15,IRB,0.978942,40.91,41.79
2026-02-02,IRB,0.977136,40.6,41.55
2026-03-03,IRB,1.044316,41.71,39.94
2026-03-31,IRB,1.84869,40.93,22.14
2026-01-26,IRCON,1.032444,157.84,152.88
2026-02-02,IRCON,0.937439,153.74,164.0
2026-03-03,IRCON,1.054328,143.61,136.21
2026-03-26,IRCON,0.958004,118.62,123.82
2026-03-31,IRCON,1.051244,121.24,115.33
2026-02-02,IRCTC,0.973196,606.35,623.05
2026-03-31,IRCTC,1.032558,510.6,494.5
2026-05-28,IRCTC,1.026758,537.2,523.2
2026-02-02,IREDA,0.970927,128.24,132.08
2026-03-03,IREDA,1.054516,122.25,115.93
2026-03-26,IREDA,0.95948,114.37,119.2
2026-03-31,IREDA,1.048908,114.31,108.98
2026-01-26,IRFC,1.025142,117.02,114.15
2026-02-02,IRFC,0.945379,113.54,120.1
2026-03-03,IRFC,1.04238,103.55,99.34
2026-03-26,IRFC,0.975115,92.87,95.24
2026-03-31,IRFC,1.059842,92.45,87.23
2025-11-05,IRIS,0.958097,321.25,335.3
2026-01-15,IRIS,1.031161,289.55,280.8
2026-02-02,IRIS,0.957578,295.7,308.8
2026-03-26,IRIS,0.962983,226.85,235.57
2026-03-31,IRIS,1.060784,223.73,210.91
2026-04-03,IRIS,0.949639,217.04,228.55
2025-12-25,IRISDOREME,1.048212,38.7,36.92
2026-01-26,IRISDOREME,1.022194,31.78,31.09
2026-02-02,IRISDOREME,1.026667,33.11,32.25
2026-03-03,IRISDOREME,1.024127,32.26,31.5
2026-03-31,IRISDOREME,0.919749,27.85,30.28
2026-04-14,IRISDOREME,0.965278,31.97,33.12
2026-05-01,IRISDOREME,0.978375,35.29,36.07
2026-06-26,IRISDOREME,1.032535,40.94,39.65
2026-01-15,IRMENERGY,1.055674,273.05,258.65
2026-01-26,IRMENERGY,1.03406,244.4,236.35
2026-03-03,IRMENERGY,1.050524,238.49,227.02
2026-03-26,IRMENERGY,1.026564,183.18,178.44
2026-03-31,IRMENERGY,0.975996,176.06,180.39
2026-06-26,IRMENERGY,1.027684,272.85,265.5
2026-01-26,ISFT,1.024718,89.96,87.79
2026-03-03,ISFT,1.030233,71.22,69.13
2026-04-03,ISFT,0.954946,59.56,62.37
2026-04-14,ISFT,0.922635,70.72,76.65
2026-05-01,ISFT,0.972923,73.3,75.34
2026-06-26,ISFT,1.026511,80.15,78.08
2025-12-25,ISGEC,0.936201,848.9,906.75
2026-03-03,ISGEC,1.022023,888.7,869.55
2026-03-26,ISGEC,0.973369,882.7,906.85
2026-03-31,ISGEC,1.034387,891.9,862.25
2025-11-05,ISHAN,1.058824,0.9,0.85
2026-02-02,ISHAN,1.076923,0.7,0.65
2026-03-03,ISHAN,1.083333,0.65,0.6
2026-03-31,ISHAN,0.916667,0.55,0.6
2026-04-03,ISHAN,0.923077,0.6,0.65
2026-05-01,ISHAN,0.928571,0.65,0.7
2025-11-05,ISHANCH,0.955124,72.79,76.21
2026-01-26,ISHANCH,1.024117,58.6,57.22
2026-02-02,ISHANCH,1.023623,61.53,60.11
2026-03-03,ISHANCH,1.021132,59.92,58.68
2026-04-03,ISHANCH,0.944971,50.83,53.79
2026-04-14,ISHANCH,0.951372,56.15,59.02
2026-03-31,IT,1.026432,32.62,31.78
2026-04-03,IT,0.975305,32.78,33.61
2026-04-03,ITADD,0.976005,31.32,32.09
2025-10-22,ITALIANE,1.058268,33.6,31.75
2026-01-15,ITALIANE,1.022018,27.85,27.25
2026-02-02,ITALIANE,0.904494,24.15,26.7
2026-03-03,ITALIANE,0.92236,44.55,48.3
2026-03-31,ITALIANE,1.050139,37.7,35.9
2026-04-14,ITALIANE,1.025641,36.0,35.1
2026-06-26,ITALIANE,0.969444,34.9,36.0
2026-04-03,ITBETA,0.971652,310.2,319.25
2026-02-02,ITC,0.960577,309.45,322.15
2026-03-31,ITC,1.024331,294.7,287.7
2026-05-28,ITC,1.033225,301.65,291.95
2025-10-22,ITCHOTELS,0.978373,219.41,224.26
2026-03-03,ITCHOTELS,1.020519,176.06,172.52
2026-03-26,ITCHOTELS,0.976802,145.27,148.72
2026-03-31,ITCHOTELS,1.028288,141.77,137.87
2026-06-26,ITCHOTELS,1.028098,178.56,173.68
2026-01-26,ITDC,1.046902,524.55,501.05
2026-02-02,ITDC,1.058135,556.05,525.5
2026-03-03,ITDC,1.059452,525.7,496.2
2026-03-26,ITDC,0.97727,404.15,413.55
2026-03-31,ITDC,1.045209,387.25,370.5
2026-04-03,ITDC,0.974858,395.5,405.7
2026-04-14,ITDC,0.96483,610.4,632.65
2026-04-03,ITETF,0.977785,31.25,31.96
2026-01-26,ITI,1.039514,290.7,279.65
2026-02-02,ITI,0.978716,282.8,288.95
2026-03-03,ITI,1.03762,270.3,260.5
2026-03-31,ITI,1.054173,252.0,239.05
2026-04-03,ITIETF,0.978241,32.82,33.55
2025-12-25,ITTL,1.020397,97.55,95.6
2026-01-15,ITTL,1.020224,95.85,93.95
2026-04-14,ITTL,1.020349,105.3,103.2
2026-01-26,IVALUE,1.040594,234.55,225.4
2026-02-02,IVALUE,1.021531,246.24,241.05
2026-03-26,IVALUE,0.974515,219.87,225.62
2026-03-31,IVALUE,1.027584,222.4,216.43
2026-05-28,IVALUE,1.028308,250.65,243.75
2025-11-05,IVC,0.975547,7.58,7.77
2025-12-25,IVC,0.969158,8.17,8.43
2026-03-03,IVC,1.020891,7.33,7.18
2026-03-26,IVC,0.946299,6.52,6.89
2026-04-03,IVC,0.950142,6.67,7.02
2026-05-01,IVC,1.02125,8.17,8.0
2025-10-22,IVP,0.97981,157.72,160.97
2026-01-26,IVP,1.032747,134.35,130.09
2026-03-03,IVP,1.048977,136.86,130.47
2026-03-26,IVP,1.028074,132.2,128.59
2026-03-31,IVP,1.090641,122.01,111.87
2026-04-14,IVP,1.023552,139.94,136.72
2026-01-26,IVZINGOLD,0.975494,13066.65,13394.9
2026-02-02,IVZINGOLD,0.891749,12478.6,13993.4
2026-03-03,IVZINGOLD,0.951307,13792.9,14498.9
2026-03-26,IVZINGOLD,0.969664,12200.85,12582.55
2026-03-31,IVZINGOLD,0.971807,12345.4,12703.55
2026-04-03,IVZINGOLD,1.031944,13046.2,12642.35
2026-05-01,IVZINGOLD,98.141651,12782.95,130.25
2026-03-31,IVZINNIFTY,1.022492,2612.16,2554.7
2025-10-22,IWARE,0.973302,144.0,147.95
2025-11-05,IWARE,1.052399,190.8,181.3
2025-12-25,IWARE,0.976331,198.0,202.8
2026-02-02,IWARE,1.040286,204.0,196.1
2026-03-03,IWARE,1.030612,267.65,259.7
2026-03-26,IWARE,1.042105,252.45,242.25
2026-03-31,IWARE,1.052595,230.15,218.65
2026-04-03,IWARE,0.958667,215.7,225.0
2026-04-14,IWARE,0.97561,230.0,235.75
2026-05-01,IWARE,0.964159,340.3,352.95
2026-01-15,IXIGO,0.97452,225.65,231.55
2026-01-26,IXIGO,1.153019,235.85,204.55
2026-02-02,IXIGO,0.966522,200.07,207.0
2026-03-03,IXIGO,1.023798,170.36,166.4
2026-03-26,IXIGO,0.955706,173.26,181.29
2026-03-31,IXIGO,1.038642,181.7,174.94
2026-04-03,IXIGO,1.052878,175.42,166.61
2026-05-28,IXIGO,1.024568,168.48,164.44
2026-06-26,IXIGO,0.97424,184.94,189.83
2025-11-05,IZMO,0.952415,860.65,903.65
2026-01-26,IZMO,1.038565,654.4,630.1
2026-02-02,IZMO,0.957283,573.7,599.3
2026-03-03,IZMO,1.052142,741.55,704.8
2026-03-31,IZMO,1.052606,648.3,615.9
2026-04-03,IZMO,0.952427,646.65,678.95
2026-05-28,IZMO,0.965182,690.25,715.15
2025-11-05,J&KBANK,1.022239,107.56,105.22
2026-01-15,J&KBANK,0.978375,100.44,102.66
2026-01-26,J&KBANK,1.028722,107.09,104.1
2026-02-02,J&KBANK,0.972973,101.88,104.71
2026-03-26,J&KBANK,0.957906,113.1,118.07
2026-03-31,J&KBANK,1.039269,114.33,110.01
2026-05-01,J&KBANK,1.043559,134.64,129.02
2026-05-28,J&KBANK,0.974145,140.16,143.88
2025-11-05,JAGSNPHARM,1.045566,226.48,216.61
2026-01-15,JAGSNPHARM,1.020746,182.05,178.35
2026-03-03,JAGSNPHARM,1.025038,168.67,164.55
2026-06-26,JAGSNPHARM,1.02868,229.91,223.5
2026-01-26,JAIBALAJI,1.062357,69.51,65.43
2026-03-03,JAIBALAJI,1.04949,68.92,65.67
2026-03-31,JAIBALAJI,1.03768,56.18,54.14
2026-05-01,JAIBALAJI,1.040874,81.49,78.29
2026-06-26,JAIBALAJI,1.02801,70.1,68.19
2025-12-25,JAICORPLTD,1.022067,131.54,128.7
2026-01-26,JAICORPLTD,1.033669,111.75,108.11
2026-02-02,JAICORPLTD,0.975435,109.99,112.76
2026-03-03,JAICORPLTD,1.052842,110.58,105.03
2026-03-31,JAICORPLTD,1.06726,94.73,88.76
2026-05-01,JAICORPLTD,1.022331,118.57,115.98
2026-01-26,JAINAM,0.954555,218.45,228.85
2026-02-03,JAINAM,0.956273,225.25,235.55
2026-03-03,JAINAM,1.051013,205.0,195.05
2026-05-01,JAINAM,0.954918,233.0,244.0
2026-01-26,JAINIK,1.082627,127.75,118.0
2026-03-03,JAINIK,1.052632,125.0,118.75
2026-03-26,JAINIK,0.960699,110.0,114.5
2026-03-31,JAINIK,1.047665,108.8,103.85
2026-04-14,JAINIK,0.954054,123.55,129.5
2026-05-28,JAINIK,0.952381,140.0,147.0
2025-12-25,JAINREC,1.026517,421.95,411.05
2026-02-02,JAINREC,0.970062,398.55,410.85
2026-06-26,JAINREC,1.046202,365.7,349.55
2025-11-05,JAIPURKURT,1.043923,38.74,37.11
2026-01-15,JAIPURKURT,1.033038,38.46,37.23
2026-02-02,JAIPURKURT,0.946592,37.22,39.32
2026-03-03,JAIPURKURT,1.03782,34.85,33.58
2026-03-31,JAIPURKURT,0.974251,25.35,26.02
2026-04-14,JAIPURKURT,1.069002,30.52,28.55
2025-12-25,JALAN,1.04,3.9,3.75
2026-01-15,JALAN,0.9625,3.85,4.0
2026-01-26,JALAN,1.042254,3.7,3.55
2026-03-26,JALAN,1.027027,1.9,1.85
2026-03-31,JALAN,1.028571,1.8,1.75
2026-04-03,JALAN,0.971429,1.7,1.75
2026-05-28,JALAN,0.97561,2.0,2.05
2026-06-26,JALAN,1.046512,2.25,2.15
2025-12-25,JAMNAAUTO,1.022212,128.86,126.06
2026-01-15,JAMNAAUTO,1.053994,133.52,126.68
2026-01-26,JAMNAAUTO,1.025165,119.36,116.43
2026-03-03,JAMNAAUTO,1.02796,147.43,143.42
2026-03-26,JAMNAAUTO,0.969787,117.8,121.47
2026-03-31,JAMNAAUTO,1.041994,116.62,111.92
2026-04-03,JAMNAAUTO,1.033695,119.95,116.04
2026-01-15,JARO,0.894954,422.15,471.7
2026-01-26,JARO,1.049093,528.9,504.15
2026-03-31,JARO,1.105834,428.4,387.4
2026-04-03,JARO,0.964559,421.85,437.35
2026-05-01,JARO,1.02446,429.3,419.05
2026-06-26,JARO,1.028836,528.05,513.25
2025-12-25,JASH,1.035967,439.25,424.0
2026-01-26,JASH,1.039483,369.9,355.85
2026-03-26,JASH,0.962901,347.8,361.2
2026-04-03,JASH,0.978822,360.5,368.3
2026-04-14,JASH,1.043946,402.65,385.7
2026-05-28,JASH,0.938452,397.2,423.25
2026-06-26,JASH,0.979829,539.2,550.3
2026-02-02,JAYAGROGN,0.95523,174.32,182.49
2026-03-31,JAYAGROGN,1.118715,167.55,149.77
2026-04-03,JAYAGROGN,0.97213,161.5,166.13
2026-06-26,JAYAGROGN,0.966279,203.74,210.85
2025-12-25,JAYBARMARU,1.025501,93.7,91.37
2026-01-15,JAYBARMARU,1.020134,95.76,93.87
2026-01-26,JAYBARMARU,1.042289,86.51,83.0
2026-02-02,JAYBARMARU,1.025834,85.77,83.61
2026-03-26,JAYBARMARU,0.973186,81.3,83.54
2026-03-31,JAYBARMARU,1.066094,80.65,75.65
2026-06-26,JAYBARMARU,0.957926,159.83,166.85
2025-11-05,JAYBEE,1.114327,155.95,139.95
2026-01-26,JAYBEE,1.035167,91.25,88.15
2026-03-03,JAYBEE,1.036685,76.3,73.6
2026-03-31,JAYBEE,1.095588,81.95,74.8
2026-04-14,JAYBEE,1.025652,115.95,113.05
2026-05-01,JAYBEE,1.026835,101.4,98.75
2026-05-28,JAYBEE,1.04655,95.55,91.3
2025-11-05,JAYESH,1.052255,117.8,111.95
2026-03-03,JAYESH,1.021479,145.05,142.0
2026-03-31,JAYESH,1.167472,145.0,124.2
2026-04-14,JAYESH,0.943182,166.0,176.0
2026-01-26,JAYKAY,1.045611,161.16,154.13
2026-02-02,JAYKAY,0.938279,159.62,170.12
2026-03-31,JAYKAY,1.077086,127.43,118.31
2026-04-03,JAYKAY,0.975463,136.36,139.79
2026-05-28,JAYKAY,0.93802,200.68,213.94
2026-06-26,JAYKAY,1.036799,180.6,174.19
2025-11-05,JAYNECOIND,1.031687,78.14,75.74
2025-12-25,JAYNECOIND,0.962215,77.67,80.72
2026-01-26,JAYNECOIND,1.034516,74.03,71.56
2026-02-02,JAYNECOIND,0.958913,70.25,73.26
2026-03-26,JAYNECOIND,0.977479,72.05,73.71
2026-03-31,JAYNECOIND,1.035779,74.11,71.55
2026-04-03,JAYNECOIND,0.949614,75.01,78.99
2026-04-14,JAYNECOIND,0.93778,81.69,87.11
2026-03-03,JAYSREETEA,1.063036,81.79,76.94
2026-03-31,JAYSREETEA,1.049708,75.6,72.02
2026-04-03,JAYSREETEA,0.967585,75.52,78.05
2026-05-01,JAYSREETEA,0.972609,88.06,90.54
2026-01-26,JBCHEPHARM,1.030119,1901.6,1846.0
2026-04-03,JBCHEPHARM,1.024323,2008.8,1961.1
2025-12-25,JBMA,0.903117,577.95,639.95
2026-01-26,JBMA,1.043384,551.95,529.0
2026-03-03,JBMA,1.04561,551.35,527.3
2026-03-31,JBMA,1.060941,546.65,515.25
2026-04-14,JBMA,0.978947,611.45,624.6
2025-10-22,JETFREIGHT,0.977344,12.51,12.8
2025-11-05,JETFREIGHT,0.979887,12.18,12.43
2025-12-25,JETFREIGHT,1.041806,18.69,17.94
2026-01-26,JETFREIGHT,0.952948,16.81,17.64
2026-03-31,JETFREIGHT,0.951934,16.24,17.06
2026-04-03,JETFREIGHT,0.959528,17.07,17.79
2026-04-14,JETFREIGHT,0.978453,17.71,18.1
2026-05-28,JETFREIGHT,0.904255,20.4,22.56
2025-10-22,JEYYAM,0.955299,66.25,69.35
2026-01-15,JEYYAM,1.027695,51.95,50.55
2026-01-26,JEYYAM,1.047619,49.5,47.25
2026-02-02,JEYYAM,1.039673,44.55,42.85
2026-03-03,JEYYAM,1.080808,37.45,34.65
2026-03-26,JEYYAM,0.968343,26.0,26.85
2026-03-31,JEYYAM,1.10596,25.05,22.65
2026-04-03,JEYYAM,0.834101,27.15,32.55
2026-04-14,JEYYAM,1.03913,35.85,34.5
2025-12-25,JFLLIFE,1.05,14.7,14.0
2026-01-26,JFLLIFE,1.024876,10.3,10.05
2026-03-03,JFLLIFE,1.052632,11.0,10.45
2026-03-26,JFLLIFE,1.021505,9.5,9.3
2026-03-31,JFLLIFE,1.035088,8.85,8.55
2026-04-03,JFLLIFE,1.046784,8.95,8.55
2026-05-28,JFLLIFE,1.04023,9.05,8.7
2026-01-15,JGCHEM,0.972413,333.1,342.55
2026-01-26,JGCHEM,1.049668,324.4,309.05
2026-03-03,JGCHEM,0.974017,361.75,371.4
2026-03-31,JGCHEM,1.030416,318.45,309.05
2025-10-22,JHS,0.969902,12.89,13.29
2025-11-05,JHS,1.063427,12.91,12.14
2026-01-15,JHS,1.030422,10.5,10.19
2026-01-26,JHS,1.03318,11.21,10.85
2026-02-02,JHS,0.958969,10.05,10.48
2026-03-03,JHS,1.027027,9.5,9.25
2026-03-31,JHS,1.058015,6.93,6.55
2026-04-03,JHS,0.908291,7.23,7.96
2026-04-14,JHS,1.030405,9.15,8.88
2026-05-28,JHS,0.976344,9.08,9.3
2025-11-05,JINDALPHOT,1.031284,1414.2,1371.3
2026-01-15,JINDALPHOT,1.031791,1431.3,1387.2
2026-01-26,JINDALPHOT,0.949472,1430.0,1506.1
2026-03-03,JINDALPHOT,1.057916,1275.0,1205.2
2026-03-31,JINDALPHOT,1.051238,1032.0,981.7
2025-12-25,JINDALPOLY,1.020201,497.45,487.6
2026-01-26,JINDALPOLY,1.040623,400.9,385.25
2026-03-26,JINDALPOLY,1.052571,863.95,820.8
2026-03-31,JINDALPOLY,1.052575,779.8,740.85
2026-04-03,JINDALPOLY,0.952418,735.6,772.35
2026-04-14,JINDALPOLY,1.044493,770.0,737.2
2026-05-01,JINDALPOLY,0.978502,710.05,725.65
2026-05-28,JINDALPOLY,0.977153,688.6,704.7
2026-06-26,JINDALPOLY,1.02316,658.25,643.35
2025-10-22,JINDALSAW,0.976759,186.6,191.04
2025-11-05,JINDALSAW,1.023057,174.38,170.45
2026-01-26,JINDALSAW,1.057731,187.98,177.72
2026-03-03,JINDALSAW,1.03907,185.37,178.4
2026-03-26,JINDALSAW,0.965153,181.97,188.54
2026-05-01,JINDALSAW,1.03165,229.8,222.75
2026-05-28,JINDALSAW,0.930101,228.87,246.07
2026-01-15,JINDALSTEL,0.971269,1010.8,1040.7
2026-02-02,JINDALSTEL,0.973498,1102.0,1132.0
2026-06-26,JINDALSTEL,1.028504,1089.7,1059.5
2026-01-26,JINDRILL,1.03154,521.65,505.7
2026-03-03,JINDRILL,0.85282,445.3,522.15
2026-03-26,JINDRILL,0.955373,469.9,491.85
2026-03-31,JINDRILL,1.0732,495.55,461.75
2025-12-25,JINDWORLD,1.020534,29.82,29.22
2026-01-26,JINDWORLD,1.034367,24.68,23.86
2026-03-03,JINDWORLD,1.033501,24.68,23.88
2026-03-26,JINDWORLD,0.955344,20.11,21.05
2026-03-31,JINDWORLD,1.065193,19.28,18.1
2026-05-28,JINDWORLD,0.976044,30.15,30.89
2026-01-26,JIOFIN,1.038355,262.6,252.9
2026-02-02,JIOFIN,0.952063,242.3,254.5
2026-03-03,JIOFIN,1.025703,255.4,249.0
2026-03-31,JIOFIN,1.037706,232.55,224.1
2026-04-14,JIOFIN,1.023225,243.2,237.68
2025-12-25,JISLDVREQS,0.97913,27.68,28.27
2026-01-26,JISLDVREQS,1.031426,25.6,24.82
2026-03-03,JISLDVREQS,1.043302,23.13,22.17
2026-03-31,JISLDVREQS,1.052742,20.16,19.15
2026-04-14,JISLDVREQS,1.025873,23.79,23.19
2026-05-01,JISLDVREQS,1.0231,24.36,23.81
2026-05-28,JISLDVREQS,0.934553,22.99,24.6
2025-11-05,JISLJALEQS,1.02488,51.08,49.84
2026-01-26,JISLJALEQS,1.061135,36.45,34.35
2026-03-31,JISLJALEQS,1.063807,29.51,27.74
2026-06-26,JISLJALEQS,1.022298,35.76,34.98
2026-01-15,JITFINFRA,1.025738,271.0,264.2
2026-01-26,JITFINFRA,1.034468,237.1,229.2
2026-03-03,JITFINFRA,1.052544,377.6,358.75
2026-03-26,JITFINFRA,0.952886,292.25,306.7
2026-03-31,JITFINFRA,1.052556,291.4,276.85
2026-04-03,JITFINFRA,0.952795,290.65,305.05
2026-05-28,JITFINFRA,0.952389,280.05,294.05
2025-10-22,JIWANRAM,1.057971,7.3,6.9
2026-01-15,JIWANRAM,1.047619,5.5,5.25
2026-02-02,JIWANRAM,1.028302,5.45,5.3
2026-03-03,JIWANRAM,1.020202,5.05,4.95
2026-03-31,JIWANRAM,1.02,5.1,5.0
2026-04-14,JIWANRAM,1.047619,5.5,5.25
2026-05-01,JIWANRAM,0.944954,5.15,5.45
2026-06-26,JIWANRAM,1.025641,6.0,5.85
2025-11-05,JKCEMENT,1.02147,5899.5,5775.5
2026-03-26,JKCEMENT,0.973489,5122.5,5262.0
2026-04-14,JKCEMENT,1.049065,5719.5,5452.0
2026-05-01,JKCEMENT,1.032438,5458.5,5287.0
2025-11-05,JKIL,1.028742,655.0,636.7
2025-12-25,JKIL,1.026422,598.25,582.85
2026-01-26,JKIL,1.028423,573.5,557.65
2026-03-03,JKIL,1.034645,528.6,510.9
2026-03-31,JKIL,1.043956,446.5,427.7
2026-01-15,JKIPL,1.02585,85.72,83.56
2026-01-26,JKIPL,1.052944,77.96,74.04
2026-02-02,JKIPL,0.971811,69.64,71.66
2026-03-03,JKIPL,1.117444,64.89,58.07
2026-03-31,JKIPL,1.026742,48.76,47.49
2026-04-03,JKIPL,0.893453,50.9,56.97
2026-04-14,JKIPL,0.835389,54.86,65.67
2025-11-05,JKLAKSHMI,1.024475,872.75,851.9
2026-03-03,JKLAKSHMI,1.039904,714.05,686.65
2026-03-26,JKLAKSHMI,0.970856,597.95,615.9
2026-03-31,JKLAKSHMI,1.051339,586.7,558.05
2025-11-05,JKPAPER,1.031448,398.5,386.35
2026-03-03,JKPAPER,1.048674,361.95,345.15
2026-03-26,JKPAPER,0.95764,322.15,336.4
2026-03-31,JKPAPER,1.063479,325.85,306.4
2026-04-14,JKPAPER,0.961906,352.25,366.2
2025-11-05,JKTYRE,0.976726,442.75,453.3
2026-01-26,JKTYRE,1.023915,520.2,508.05
2026-02-02,JKTYRE,0.960747,499.3,519.7
2026-03-03,JKTYRE,1.048875,501.1,477.75
2026-03-26,JKTYRE,0.97837,398.05,406.85
2026-03-31,JKTYRE,1.045944,398.4,380.9
2026-04-14,JKTYRE,1.030469,432.9,420.1
2026-05-28,JKTYRE,0.953666,394.15,413.3
2026-02-02,JLHL,0.967732,1307.6,1351.2
2026-01-26,JMA,0.94843,70.99,74.85
2026-03-31,JMA,1.049282,79.63,75.89
2026-01-15,JMFINANCIL,0.973877,135.33,138.96
2026-01-26,JMFINANCIL,1.023546,131.28,128.26
2026-02-02,JMFINANCIL,0.943234,121.63,128.95
2026-03-26,JMFINANCIL,0.967079,120.44,124.54
2026-03-31,JMFINANCIL,1.053957,119.74,113.61
2026-02-02,JNKINDIA,0.950988,217.12,228.31
2026-03-31,JNKINDIA,1.043377,219.13,210.02
2026-04-03,JNKINDIA,0.927977,229.86,247.7
2026-04-14,JNKINDIA,0.955335,275.7,288.59
2026-05-01,JNKINDIA,1.020407,368.02,360.66
2026-06-26,JNKINDIA,1.029022,489.3,475.5
2025-12-25,JOCIL,1.020894,146.09,143.1
2026-01-15,JOCIL,0.963995,136.28,141.37
2026-03-03,JOCIL,1.041176,133.51,128.23
2026-03-31,JOCIL,1.067556,100.03,93.7
2026-04-14,JOCIL,0.973845,113.19,116.23
2026-05-28,JOCIL,0.965723,145.94,151.12
2026-02-02,JPASSOCIAT,1.047458,3.09,2.95
2026-03-03,JPASSOCIAT,1.051282,2.87,2.73
2026-01-26,JPOLYINVST,0.903641,898.4,994.2
2026-01-26,JPPOWER,1.037966,15.31,14.75
2026-02-02,JPPOWER,0.979592,14.88,15.19
2026-03-03,JPPOWER,1.053905,15.25,14.47
2026-03-26,JPPOWER,0.976424,14.91,15.27
2026-03-31,JPPOWER,1.049145,14.73,14.04
2026-05-01,JPPOWER,1.024341,20.2,19.72
2026-05-28,JPPOWER,0.836467,19.13,22.87
2026-01-26,JSFB,1.036968,387.1,373.3
2026-03-26,JSFB,0.941207,360.2,382.7
2026-03-31,JSFB,1.032903,372.0,360.15
2026-06-26,JSFB,1.027759,460.95,448.5
2026-02-02,JSL,0.957875,787.9,822.55
2026-04-14,JSL,1.020452,780.85,765.2
2026-03-26,JSLL,1.020437,606.65,594.5
2026-03-31,JSLL,1.025848,553.65,539.7
2026-04-03,JSLL,0.970574,588.75,606.6
2026-06-26,JSLL,0.963304,580.15,602.25
2026-03-26,JSWCEMENT,0.971542,115.05,118.42
2026-03-31,JSWCEMENT,1.03857,114.44,110.19
2026-01-26,JSWENERGY,1.030776,492.35,477.65
2026-02-02,JSWENERGY,0.958678,440.8,459.8
2026-03-26,JSWENERGY,0.979162,484.0,494.3
2026-03-31,JSWENERGY,1.02799,484.8,471.6
2026-04-14,JSWENERGY,0.959282,488.85,509.6
2026-05-28,JSWENERGY,0.956731,576.0,602.05
2026-01-15,JSWHL,0.978579,18045.0,18440.0
2026-01-26,JSWHL,1.033674,17190.0,16630.0
2026-02-02,JSWHL,0.977315,17362.0,17765.0
2026-03-26,JSWHL,1.024735,12760.0,12452.0
2026-03-31,JSWHL,1.047425,11838.0,11302.0
2026-05-01,JSWHL,1.020415,12646.0,12393.0
2026-01-26,JSWINFRA,1.035303,265.4,256.35
2026-03-26,JSWINFRA,0.97773,252.45,258.2
2026-03-31,JSWINFRA,1.037998,249.95,240.8
2026-04-03,JSWINFRA,1.027772,247.95,241.25
2026-06-26,JSWINFRA,1.025765,338.4,329.9
2026-01-26,JTEKTINDIA,1.037187,135.55,130.69
2026-03-03,JTEKTINDIA,1.077134,149.28,138.59
2026-03-31,JTEKTINDIA,1.027818,120.82,117.55
2026-05-28,JTEKTINDIA,0.951924,125.93,132.29
2025-11-05,JTLIND,1.031771,66.25,64.21
2026-01-15,JTLIND,0.951202,66.47,69.88
2026-03-03,JTLIND,1.139914,63.63,55.82
2026-03-31,JTLIND,1.125,45.9,40.8
2026-04-03,JTLIND,0.973937,48.58,49.88
2025-11-05,JUBLCPL,1.025256,2460.0,2399.4
2025-12-25,JUBLCPL,0.976248,2322.2,2378.7
2026-01-15,JUBLCPL,1.03219,2190.1,2121.8
2026-03-03,JUBLCPL,1.028339,1843.4,1792.6
2026-03-31,JUBLCPL,1.038908,1540.7,1483.0
2026-04-03,JUBLCPL,0.966872,1663.6,1720.6
2026-04-14,JUBLCPL,1.070086,1787.9,1670.8
2026-03-03,JUBLFOOD,1.028182,519.9,505.65
2026-03-26,JUBLFOOD,0.970261,448.6,462.35
2026-03-31,JUBLFOOD,1.046648,454.35,434.1
2026-01-26,JUBLINGREA,1.03077,658.25,638.6
2026-03-03,JUBLINGREA,1.029003,585.4,568.9
2026-03-31,JUBLINGREA,1.025474,557.55,543.7
2026-05-28,JUBLINGREA,1.024396,697.05,680.45
2025-10-22,JUBLPHARMA,0.958556,1096.3,1143.7
2026-01-15,JUBLPHARMA,0.975898,1040.6,1066.3
2026-03-31,JUBLPHARMA,1.03405,844.25,816.45
2026-04-03,JUBLPHARMA,0.972894,816.55,839.3
2026-03-26,JUNIORBEES,0.979672,672.29,686.24
2026-03-31,JUNIORBEES,1.029391,671.06,651.9
2025-10-22,JUNIPER,0.966302,269.55,278.95
2025-11-05,JUNIPER,1.025441,276.1,269.25
2026-01-26,JUNIPER,1.045772,231.9,221.75
2026-02-02,JUNIPER,0.966461,219.58,227.2
2026-03-03,JUNIPER,1.032734,218.32,211.4
2026-03-31,JUNIPER,1.056176,200.61,189.94
2026-05-01,JUNIPER,1.030659,209.1,202.88
2026-01-26,JUSTDIAL,1.067401,688.1,644.65
2026-02-02,JUSTDIAL,0.976516,652.85,668.55
2026-06-26,JUSTDIAL,1.024549,550.9,537.7
2026-01-15,JWL,0.888419,294.2,331.15
2026-01-26,JWL,1.038848,315.55,303.75
2026-02-02,JWL,0.936766,302.95,323.4
2026-03-03,JWL,1.037871,267.2,257.45
2026-03-31,JWL,1.055019,251.2,238.1
2026-04-14,JWL,1.02398,268.16,261.88
2026-05-28,JWL,0.970687,289.75,298.5
2026-03-03,JYOTHYLAB,1.031164,253.46,245.8
2026-03-31,JYOTHYLAB,1.03346,203.85,197.25
2026-04-14,JYOTHYLAB,1.028912,225.27,218.94
2025-11-05,JYOTICNC,0.932461,876.7,940.2
2025-12-25,JYOTICNC,0.974965,965.8,990.6
2026-01-26,JYOTICNC,1.039079,832.25,800.95
2026-03-03,JYOTICNC,1.021604,820.45,803.1
2026-03-26,JYOTICNC,0.959119,744.9,776.65
2026-03-31,JYOTICNC,1.041629,751.9,721.85
2026-04-14,JYOTICNC,1.172044,819.2,698.95
2026-06-26,JYOTICNC,1.021538,777.85,761.45
2025-11-05,JYOTIGLOBL,1.033043,59.4,57.5
2026-01-15,JYOTIGLOBL,1.029064,47.8,46.45
2026-01-26,JYOTIGLOBL,0.963494,36.95,38.35
2026-02-02,JYOTIGLOBL,1.066351,45.0,42.2
2026-03-31,JYOTIGLOBL,1.16844,32.95,28.2
2025-11-05,JYOTISTRUC,1.046964,12.93,12.35
2026-02-02,JYOTISTRUC,0.967842,9.33,9.64
2026-03-03,JYOTISTRUC,1.067177,12.55,11.76
2026-03-31,JYOTISTRUC,1.07933,9.66,8.95
2026-05-01,JYOTISTRUC,1.044663,13.8,13.21
2026-05-28,JYOTISTRUC,0.949772,12.48,13.14
2026-06-26,JYOTISTRUC,1.021404,11.93,11.68
2025-11-05,K2INFRA,1.032172,57.75,55.95
2026-01-15,K2INFRA,0.949516,68.65,72.3
2026-02-02,K2INFRA,1.028452,61.45,59.75
2026-03-03,K2INFRA,1.067021,50.15,47.0
2026-03-31,K2INFRA,1.094203,45.3,41.4
2026-05-01,K2INFRA,1.045455,51.75,49.5
2026-05-28,K2INFRA,1.110169,58.95,53.1
2026-06-26,K2INFRA,1.051632,69.25,65.85
2026-01-26,KABRAEXTRU,1.071089,225.4,210.44
2026-03-03,KABRAEXTRU,1.04,256.1,246.25
2026-03-31,KABRAEXTRU,1.037432,189.85,183.0
2026-04-03,KABRAEXTRU,0.96221,199.37,207.2
2026-06-26,KABRAEXTRU,0.978655,239.79,245.02
2025-12-25,KAJARIACER,1.042389,1015.6,974.3
2026-01-26,KAJARIACER,1.063534,993.5,934.15
2026-03-03,KAJARIACER,1.02298,957.1,935.6
2026-03-26,KAJARIACER,0.953467,902.6,946.65
2026-03-31,KAJARIACER,1.033312,950.75,920.1
2026-05-01,KAJARIACER,1.034101,1228.15,1187.65
2026-01-26,KAKATCEM,1.021932,112.76,110.34
2026-03-03,KAKATCEM,1.039466,112.99,108.7
2026-03-31,KAKATCEM,1.044899,88.9,85.08
2026-04-14,KAKATCEM,0.978478,103.66,105.94
2026-05-01,KAKATCEM,1.02194,136.94,134.0
2026-03-03,KALAMANDIR,1.038242,112.94,108.78
2026-03-31,KALAMANDIR,1.052503,95.02,90.28
2026-04-03,KALAMANDIR,1.056285,101.34,95.94
2025-11-05,KALANA,1.036649,29.7,28.65
2026-01-15,KALANA,0.943396,20.0,21.2
2026-01-26,KALANA,0.973236,20.0,20.55
2026-02-02,KALANA,1.044386,20.0,19.15
2026-03-03,KALANA,0.834043,19.6,23.5
2026-03-31,KALANA,1.051597,21.4,20.35
2026-05-28,KALANA,1.047619,22.0,21.0
2026-06-26,KALANA,0.97619,20.5,21.0
2025-11-05,KALPATARU,1.020167,384.45,376.85
2026-01-26,KALPATARU,1.030608,343.45,333.25
2026-03-03,KALPATARU,1.034076,324.7,314.0
2026-03-31,KALPATARU,1.048088,271.35,258.9
2026-04-03,KALPATARU,0.956008,274.9,287.55
2026-06-26,KALPATARU,1.032352,317.5,307.55
2025-10-22,KALYANIFRG,0.977739,751.05,768.15
2025-11-05,KALYANIFRG,1.0266,702.4,684.2
2026-01-15,KALYANIFRG,1.024113,611.6,597.2
2026-02-02,KALYANIFRG,1.041183,628.25,603.4
2026-03-03,KALYANIFRG,1.020704,618.7,606.15
2026-03-26,KALYANIFRG,0.947256,552.25,583.0
2026-03-31,KALYANIFRG,1.038521,567.5,546.45
2026-01-15,KALYANKJIL,1.031328,495.45,480.4
2026-02-02,KALYANKJIL,1.020047,368.9,361.65
2026-03-03,KALYANKJIL,1.020784,410.1,401.75
2026-03-26,KALYANKJIL,0.948577,371.7,391.85
2026-03-31,KALYANKJIL,1.033121,388.35,375.9
2026-03-03,KAMATHOTEL,1.022719,187.27,183.11
2026-03-26,KAMATHOTEL,0.963561,160.51,166.58
2026-03-31,KAMATHOTEL,1.069202,152.96,143.06
2026-04-03,KAMATHOTEL,0.978676,156.96,160.38
2026-01-26,KAMDHENU,1.040797,21.94,21.08
2026-03-31,KAMDHENU,1.076345,18.61,17.29
2026-06-26,KAMDHENU,1.024442,28.92,28.23
2025-12-25,KAMOPAINTS,1.029874,6.55,6.36
2026-01-26,KAMOPAINTS,0.97138,5.77,5.94
2026-03-26,KAMOPAINTS,0.964286,4.05,4.2
2026-03-31,KAMOPAINTS,1.090659,3.97,3.64
2026-04-03,KAMOPAINTS,0.960094,4.09,4.26
2026-04-14,KAMOPAINTS,1.044776,5.6,5.36
2026-05-28,KAMOPAINTS,1.052239,5.64,5.36
2026-03-03,KANANIIND,1.034247,1.51,1.46
2026-03-31,KANANIIND,1.09434,1.16,1.06
2026-04-14,KANANIIND,1.041916,1.74,1.67
2026-06-26,KANANIIND,1.032895,1.57,1.52
2026-06-26,KANCHI,1.042282,388.25,372.5
2025-10-22,KANDARP,0.978526,100.25,102.45
2025-11-05,KANDARP,0.952381,99.0,103.95
2025-12-25,KANDARP,0.953048,136.0,142.7
2026-03-03,KANDARP,1.069384,158.75,148.45
2026-03-26,KANDARP,0.965418,134.0,138.8
2026-03-31,KANDARP,1.038462,135.0,130.0
2026-05-01,KANDARP,0.976898,148.0,151.5
2026-06-26,KANDARP,1.03083,103.65,100.55
2026-03-03,KANORICHEM,1.029288,68.53,66.58
2026-03-31,KANORICHEM,1.059494,59.48,56.14
2026-04-03,KANORICHEM,0.951781,61.19,64.29
2026-05-28,KANORICHEM,0.952381,96.0,100.8
2026-06-26,KANORICHEM,0.95404,126.0,132.07
2025-12-25,KANPRPLA,0.93979,174.19,185.35
2026-01-15,KANPRPLA,0.977761,166.63,170.42
2026-01-26,KANPRPLA,1.022992,181.09,177.02
2026-02-02,KANPRPLA,0.976427,168.17,172.23
2026-03-03,KANPRPLA,1.028782,176.93,171.98
2026-03-26,KANPRPLA,0.972892,175.14,180.02
2026-03-31,KANPRPLA,1.052188,166.13,157.89
2026-04-03,KANPRPLA,0.964049,171.62,178.02
2026-05-01,KANPRPLA,0.974781,204.86,210.16
2026-05-28,KANPRPLA,1.049306,207.92,198.15
2025-12-25,KANSAINER,0.925853,224.26,242.22
2026-02-02,KANSAINER,0.979104,225.38,230.19
2026-03-03,KANSAINER,1.036677,203.51,196.31
2026-03-26,KANSAINER,0.929036,161.29,173.61
2025-10-22,KAPSTON,0.957615,247.85,258.82
2026-01-26,KAPSTON,0.954285,391.4,410.15
2026-02-02,KAPSTON,0.978329,388.25,396.85
2026-03-03,KAPSTON,1.028618,411.55,400.1
2025-10-22,KARMAENG,0.964262,57.74,59.88
2025-12-25,KARMAENG,0.977973,50.17,51.3
2026-01-15,KARMAENG,1.034798,47.58,45.98
2026-01-26,KARMAENG,1.026844,40.93,39.86
2026-02-02,KARMAENG,1.022511,38.61,37.76
2026-03-03,KARMAENG,1.044613,44.02,42.14
2026-03-26,KARMAENG,1.044444,39.48,37.8
2026-03-31,KARMAENG,1.050828,36.18,34.43
2026-04-03,KARMAENG,0.965803,36.15,37.43
2026-02-02,KARNIKA,0.96707,116.0,119.95
2026-03-03,KARNIKA,0.96661,114.35,118.3
2026-03-26,KARNIKA,1.045872,114.0,109.0
2026-03-31,KARNIKA,1.024148,108.15,105.6
2026-04-03,KARNIKA,0.952729,110.85,116.35
2026-04-14,KARNIKA,1.039848,137.0,131.75
2026-05-01,KARNIKA,1.048084,139.5,133.1
2026-05-28,KARNIKA,1.074429,145.8,135.7
2026-02-02,KARURVYSYA,0.949071,286.05,301.4
2026-03-03,KARURVYSYA,1.03457,326.2,315.3
2026-03-26,KARURVYSYA,0.95611,272.3,284.8
2026-03-31,KARURVYSYA,1.021942,295.75,289.4
2026-04-03,KARURVYSYA,1.07042,291.85,272.65
2025-11-05,KATARIA,0.975635,96.1,98.5
2026-01-15,KATARIA,1.03957,106.4,102.35
2026-03-31,KATARIA,1.076128,98.95,91.95
2026-04-03,KATARIA,1.041667,100.0,96.0
2026-04-14,KATARIA,0.959402,112.25,117.0
2025-10-22,KAUSHALYA,0.968432,1009.3,1042.2
2026-01-15,KAUSHALYA,0.979336,872.05,890.45
2026-03-03,KAUSHALYA,1.040664,897.0,861.95
2026-03-26,KAUSHALYA,0.973681,788.0,809.3
2026-03-31,KAUSHALYA,1.064619,804.0,755.2
2026-04-03,KAUSHALYA,0.978368,791.5,809.0
2026-05-28,KAUSHALYA,1.025563,898.65,876.25
2026-06-26,KAUSHALYA,1.020835,855.0,837.55
2025-11-05,KAVDEFENCE,1.052673,92.93,88.28
2025-12-25,KAVDEFENCE,0.952482,75.97,79.76
2026-01-26,KAVDEFENCE,0.952404,59.83,62.82
2026-02-02,KAVDEFENCE,0.970486,67.08,69.12
2026-03-31,KAVDEFENCE,1.05252,54.51,51.79
2026-04-03,KAVDEFENCE,0.959076,54.37,56.69
2026-04-14,KAVDEFENCE,1.035427,64.3,62.1
2026-05-01,KAVDEFENCE,1.020651,65.24,63.92
2026-05-28,KAVDEFENCE,1.023455,66.76,65.23
2025-11-05,KAYA,1.052324,459.55,436.7
2026-01-15,KAYA,1.025078,392.4,382.8
2026-01-26,KAYA,1.034936,382.15,369.25
2026-03-03,KAYA,1.032536,323.7,313.5
2026-03-31,KAYA,1.048688,249.85,238.25
2026-04-03,KAYA,0.947862,249.43,263.15
2026-01-26,KAYNES,1.043797,3527.2,3379.2
2026-02-02,KAYNES,1.024371,3560.1,3475.4
2026-03-03,KAYNES,1.032088,3856.5,3736.6
2026-03-26,KAYNES,0.945238,3514.3,3717.9
2026-03-31,KAYNES,1.053359,3612.6,3429.6
2026-05-28,KAYNES,1.021489,3299.0,3229.6
2025-12-25,KAYTEX,1.028792,73.25,71.2
2026-01-15,KAYTEX,0.978428,63.5,64.9
2026-01-26,KAYTEX,1.020374,60.1,58.9
2026-02-02,KAYTEX,0.967466,56.5,58.4
2026-03-31,KAYTEX,1.108159,58.4,52.7
2026-06-26,KAYTEX,1.033912,62.5,60.45
2025-10-22,KCEIL,0.965725,247.95,256.75
2025-11-05,KCEIL,1.052673,199.85,189.85
2025-12-25,KCEIL,1.020072,155.0,151.95
2026-03-31,KCEIL,1.078933,101.15,93.75
2026-04-03,KCEIL,1.046868,109.45,104.55
2026-04-14,KCEIL,1.038333,124.6,120.0
2026-05-01,KCEIL,1.03278,130.75,126.6
2026-06-26,KCEIL,1.048588,79.85,76.15
2026-01-15,KCK,1.050526,24.95,23.75
2026-01-26,KCK,1.02381,21.5,21.0
2026-02-02,KCK,1.020619,19.8,19.4
2026-03-03,KCK,1.06499,25.4,23.85
2026-03-31,KCK,1.224576,14.45,11.8
2026-04-03,KCK,0.941818,12.95,13.75
2026-04-14,KCK,1.020478,14.95,14.65
2026-05-01,KCK,0.930693,14.1,15.15
2026-05-28,KCK,0.967509,13.4,13.85
2026-02-02,KCP,0.962272,169.61,176.26
2026-03-26,KCP,0.97763,131.98,135.0
2026-06-26,KCP,1.031952,176.02,170.57
2025-12-25,KCPSUGIND,1.021481,26.63,26.07
2026-01-26,KCPSUGIND,1.020294,23.63,23.16
2026-03-03,KCPSUGIND,1.026152,23.15,22.56
2026-04-14,KCPSUGIND,0.967046,24.65,25.49
2026-05-01,KCPSUGIND,0.978334,26.19,26.77
2025-10-22,KDDL,0.976208,2519.3,2580.7
2026-01-15,KDDL,1.033832,2322.4,2246.4
2026-01-26,KDDL,1.029269,2180.3,2118.3
2026-02-02,KDDL,1.02452,2369.1,2312.4
2026-03-26,KDDL,0.973202,2139.0,2197.9
2026-03-31,KDDL,1.024778,2076.2,2026.0
2026-04-03,KDDL,0.974492,2162.3,2218.9
2026-05-01,KDDL,1.022188,2423.2,2370.6
2025-10-22,KDL,0.909138,175.6,193.15
2025-11-05,KDL,0.952436,166.2,174.5
2025-12-25,KDL,1.038399,190.65,183.6
2026-01-15,KDL,0.965235,170.75,176.9
2026-01-26,KDL,0.976242,158.2,162.05
2026-03-03,KDL,1.051161,133.55,127.05
2026-03-31,KDL,1.049951,106.15,101.1
2026-04-03,KDL,0.952445,106.15,111.45
2026-04-14,KDL,0.95255,134.5,141.2
2026-05-28,KDL,1.031891,135.9,131.7
2026-06-26,KDL,1.022002,118.45,115.9
2026-01-26,KEC,1.035357,657.4,634.95
2026-02-02,KEC,0.960129,640.55,667.15
2026-03-03,KEC,1.036113,585.3,564.9
2026-03-31,KEC,1.04381,533.7,511.3
2026-01-26,KECL,1.036218,80.11,77.31
2026-02-02,KECL,0.973251,81.5,83.74
2026-03-03,KECL,1.049513,89.45,85.23
2026-03-31,KECL,1.030551,84.33,81.83
2026-04-14,KECL,0.903433,104.22,115.36
2026-05-28,KECL,1.052618,126.43,120.11
2025-11-05,KEEPLEARN,1.035211,2.94,2.84
2026-01-15,KEEPLEARN,1.044643,2.34,2.24
2026-03-03,KEEPLEARN,1.020833,1.96,1.92
2026-03-31,KEEPLEARN,1.064935,1.64,1.54
2026-04-03,KEEPLEARN,1.051429,1.84,1.75
2026-05-01,KEEPLEARN,0.932692,1.94,2.08
2026-06-26,KEEPLEARN,0.97449,1.91,1.96
2026-03-03,KEI,0.975874,5080.4,5206.0
2026-03-31,KEI,1.021298,4124.0,4038.0
2026-04-03,KEI,1.021417,4134.8,4048.1
2026-05-28,KEI,0.974165,5305.5,5446.2
2026-06-26,KEI,1.028664,5419.0,5268.0
2025-10-22,KEL,1.026811,90.0,87.65
2025-11-05,KEL,0.833402,100.8,120.95
2026-03-03,KEL,1.023373,81.0,79.15
2026-03-26,KEL,0.946452,73.35,77.5
2026-03-31,KEL,1.176935,74.5,63.3
2026-04-03,KEL,0.960922,75.0,78.05
2026-06-26,KEL,1.049798,78.0,74.3
2025-10-22,KELLTONTEC,0.964394,22.21,23.03
2025-12-25,KELLTONTEC,1.025817,19.47,18.98
2026-01-26,KELLTONTEC,1.038462,15.66,15.08
2026-02-02,KELLTONTEC,1.03804,16.1,15.51
2026-03-03,KELLTONTEC,1.063818,19.17,18.02
2026-03-26,KELLTONTEC,1.057295,15.87,15.01
2026-03-31,KELLTONTEC,1.074773,14.23,13.24
2026-04-14,KELLTONTEC,1.022603,14.93,14.6
2026-05-01,KELLTONTEC,1.022021,15.78,15.44
2026-05-28,KELLTONTEC,0.97315,16.31,16.76
2025-10-22,KEN,1.023555,47.8,46.7
2026-02-02,KEN,1.025674,39.95,38.95
2026-03-03,KEN,1.04557,41.3,39.5
2026-03-26,KEN,1.046196,38.5,36.8
2026-03-31,KEN,1.08134,33.9,31.35
2026-04-14,KEN,0.979947,36.65,37.4
2026-05-28,KEN,1.04414,34.3,32.85
2026-06-26,KEN,0.97867,39.0,39.85
2026-05-28,KENNAMET,1.03575,3071.0,2965.0
2025-11-05,KERNEX,1.021554,1298.6,1271.2
2026-01-15,KERNEX,0.883902,1110.8,1256.7
2026-01-26,KERNEX,1.064403,1213.1,1139.7
2026-02-02,KERNEX,0.958181,1205.2,1257.8
2026-03-03,KERNEX,1.027254,1078.0,1049.4
2026-03-31,KERNEX,1.05951,908.0,857.0
2025-12-25,KESORAMIND,0.952697,11.48,12.05
2026-01-15,KESORAMIND,0.953769,9.49,9.95
2026-01-26,KESORAMIND,1.034757,10.42,10.07
2026-02-02,KESORAMIND,0.952482,9.02,9.47
2026-03-03,KESORAMIND,1.042045,9.17,8.8
2026-03-26,KESORAMIND,0.943956,8.59,9.1
2026-03-31,KESORAMIND,1.05824,8.54,8.07
2026-04-03,KESORAMIND,0.970828,8.32,8.57
2026-04-14,KESORAMIND,1.051619,10.39,9.88
2025-10-22,KEYFINSERV,0.953692,264.02,276.84
2025-11-05,KEYFINSERV,0.833333,300.0,360.0
2026-01-15,KEYFINSERV,1.032143,290.6,281.55
2026-01-26,KEYFINSERV,1.041123,291.15,279.65
2026-03-03,KEYFINSERV,1.032459,281.5,272.65
2026-06-26,KEYFINSERV,1.031359,251.6,243.95
2025-11-05,KFINTECH,1.031232,1102.8,1069.4
2026-02-02,KFINTECH,0.97002,983.6,1014.0
2026-03-03,KFINTECH,1.022115,956.7,936.0
2026-03-26,KFINTECH,0.969822,906.25,934.45
2026-03-31,KFINTECH,1.042268,913.6,876.55
2026-05-01,KFINTECH,1.091102,977.3,895.7
2025-11-05,KHADIM,1.035216,252.81,244.21
2025-12-25,KHADIM,1.053265,165.31,156.95
2026-01-26,KHADIM,0.977181,159.73,163.46
2026-02-02,KHADIM,0.954247,167.06,175.07
2026-03-31,KHADIM,1.070492,84.13,78.59
2026-04-03,KHADIM,1.022984,85.01,83.1
2026-04-14,KHADIM,0.941529,94.36,100.22
2025-11-05,KHAICHEM,0.972098,99.99,102.86
2026-01-26,KHAICHEM,1.054612,60.25,57.13
2026-03-26,KHAICHEM,0.965907,47.88,49.57
2026-03-31,KHAICHEM,1.067068,46.14,43.24
2026-04-03,KHAICHEM,0.94593,48.81,51.6
2026-04-14,KHAICHEM,0.949612,53.9,56.76
2026-05-28,KHAICHEM,0.979882,55.04,56.17
2025-10-22,KHAITANLTD,1.038556,131.45,126.57
2026-01-26,KHAITANLTD,1.020644,94.43,92.52
2026-02-02,KHAITANLTD,1.039572,99.04,95.27
2026-03-31,KHAITANLTD,1.055657,98.25,93.07
2026-05-01,KHAITANLTD,1.048451,130.27,124.25
2026-05-28,KHAITANLTD,0.979782,133.75,136.51
2025-10-22,KHANDSE,0.940193,21.38,22.74
2026-01-15,KHANDSE,0.974727,19.67,20.18
2026-01-26,KHANDSE,1.055996,19.99,18.93
2026-03-26,KHANDSE,1.040634,15.11,14.52
2026-03-31,KHANDSE,1.2192,15.24,12.5
2026-05-01,KHANDSE,0.979058,16.83,17.19
2025-10-22,KHFM,0.966398,71.9,74.4
2026-01-15,KHFM,0.950908,70.7,74.35
2026-02-02,KHFM,0.939073,70.9,75.5
2026-03-03,KHFM,1.105833,66.35,60.0
2026-03-26,KHFM,1.038462,59.4,57.2
2026-03-31,KHFM,1.0403,55.5,53.35
2026-04-14,KHFM,1.081481,58.4,54.0
2026-05-01,KHFM,1.067358,51.5,48.25
2025-10-22,KICL,0.970483,5648.6,5820.4
2026-03-03,KICL,1.037497,5032.9,4851.0
2026-03-26,KICL,0.973161,4260.5,4378.0
2026-03-31,KICL,1.05205,4234.5,4025.0
2026-05-01,KICL,1.025422,4876.6,4755.7
2025-11-05,KILITCH,0.971979,378.1,389.0
2026-02-02,KILITCH,1.032489,324.15,313.95
2026-03-31,KILITCH,1.116513,138.95,124.45
2026-04-14,KILITCH,1.027027,128.06,124.69
2026-06-26,KILITCH,1.029734,190.82,185.31
2026-01-26,KIMS,1.026714,597.65,582.1
2026-03-03,KIMS,1.037457,745.05,718.15
2026-03-26,KIMS,0.971743,631.05,649.4
2026-03-31,KIMS,1.023974,636.4,621.5
2026-05-28,KIMS,0.978711,767.75,784.45
2025-12-25,KINGFA,1.023953,4240.6,4141.4
2026-01-26,KINGFA,1.04783,4101.1,3913.9
2026-02-02,KINGFA,0.954878,4166.8,4363.7
2026-03-03,KINGFA,1.029019,4404.1,4279.9
2026-03-31,KINGFA,0.953329,4032.2,4229.6
2026-05-01,KINGFA,0.973531,4652.6,4779.1
2025-12-25,KIOCL,0.950886,362.05,380.75
2026-01-15,KIOCL,0.954264,362.0,379.35
2026-01-26,KIOCL,1.032804,351.05,339.9
2026-02-02,KIOCL,0.973673,351.35,360.85
2026-03-03,KIOCL,1.041204,337.35,324.0
2026-03-31,KIOCL,1.031713,326.95,316.9
2026-05-01,KIOCL,1.020192,414.3,406.1
2026-05-28,KIOCL,0.954338,397.1,416.1
2026-01-26,KIRIINDUS,1.057183,483.45,457.3
2026-03-03,KIRIINDUS,1.042318,453.2,434.8
2026-03-31,KIRIINDUS,1.036358,350.6,338.3
2026-04-03,KIRIINDUS,0.972941,364.95,375.1
2026-02-02,KIRLOSBROS,0.951542,1490.4,1566.3
2026-03-03,KIRLOSBROS,1.031745,1582.8,1534.1
2026-03-31,KIRLOSBROS,1.065268,1426.5,1339.1
2026-04-14,KIRLOSBROS,0.903881,1588.3,1757.2
2026-05-28,KIRLOSBROS,0.974703,1610.6,1652.4
2025-12-25,KIRLOSENG,1.027461,1298.3,1263.6
2026-02-02,KIRLOSENG,0.97138,1140.4,1174.0
2026-03-26,KIRLOSENG,0.953677,1327.9,1392.4
2026-05-28,KIRLOSENG,0.956721,1750.8,1830.0
2026-06-26,KIRLOSENG,1.03192,2563.6,2484.3
2026-01-15,KIRLOSIND,1.023511,3069.1,2998.6
2026-01-26,KIRLOSIND,0.965535,3020.0,3127.8
2026-02-02,KIRLOSIND,0.944364,2982.3,3158.0
2026-03-31,KIRLOSIND,1.052136,2601.3,2472.4
2026-04-03,KIRLOSIND,0.968079,2674.9,2763.1
2026-05-28,KIRLOSIND,0.977856,3126.4,3197.2
2026-06-26,KIRLOSIND,1.03989,4085.0,3928.3
2025-10-22,KIRLPNU,0.979934,1157.4,1181.1
2026-01-26,KIRLPNU,1.042884,1113.8,1068.0
2026-03-26,KIRLPNU,0.976154,1072.5,1098.7
2026-04-14,KIRLPNU,0.972381,1204.1,1238.3
2025-12-25,KITEX,1.021514,187.08,183.14
2026-01-26,KITEX,0.923082,151.09,163.68
2026-03-03,KITEX,1.069885,181.72,169.85
2026-03-31,KITEX,1.072197,152.52,142.25
2026-04-14,KITEX,1.02543,169.76,165.55
2026-06-26,KITEX,1.033614,167.89,162.43
2026-01-15,KKCL,0.946926,467.45,493.65
2026-01-26,KKCL,1.020236,466.35,457.1
2026-02-02,KKCL,0.973378,447.9,460.15
2026-03-03,KKCL,1.037549,507.05,488.7
2026-03-26,KKCL,0.964433,433.85,449.85
2026-03-31,KKCL,1.031921,429.95,416.65
2025-10-22,KKJEWELS,1.034574,97.25,94.0
2026-03-31,KKJEWELS,1.045455,92.0,88.0
2026-04-03,KKJEWELS,1.048206,93.5,89.2
2026-05-28,KKJEWELS,1.02307,108.65,106.2
2026-01-26,KKVAPOW,0.952381,629.0,660.45
2026-06-26,KKVAPOW,1.052598,582.35,553.25
2026-05-28,KLBRENG-B,1.037438,489.1,471.45
2026-06-26,KLBRENG-B,1.026971,498.8,485.7
2025-11-05,KLL,0.976945,50.85,52.05
2025-12-25,KLL,1.027455,48.65,47.35
2026-01-26,KLL,1.057111,47.2,44.65
2026-03-03,KLL,1.051282,41.0,39.0
2026-03-26,KLL,1.032,38.7,37.5
2026-03-31,KLL,1.091195,34.7,31.8
2026-04-03,KLL,1.086831,37.55,34.55
2026-04-14,KLL,1.028152,42.0,40.85
2025-11-05,KMEW,0.968901,2701.2,2787.9
2025-12-25,KMEW,0.95308,1732.7,1818.0
2026-01-15,KMEW,0.956486,1837.6,1921.2
2026-01-26,KMEW,1.079818,1707.3,1581.1
2026-02-02,KMEW,0.936152,1671.5,1785.5
2026-03-03,KMEW,0.969949,1597.7,1647.2
2026-03-26,KMEW,0.968268,1544.0,1594.6
2026-03-31,KMEW,1.043241,1529.6,1466.2
2026-04-14,KMEW,1.021117,1774.6,1737.9
2026-05-28,KMEW,1.047508,2147.6,2050.2
2026-06-26,KMEW,1.034554,2317.4,2240.0
2026-02-02,KMSUGAR,0.979373,23.74,24.24
2026-03-26,KMSUGAR,0.972749,24.63,25.32
2026-05-01,KMSUGAR,0.948153,29.26,30.86
2025-12-25,KNAGRI,0.959112,190.0,198.1
2026-01-15,KNAGRI,1.021726,189.99,185.95
2026-02-02,KNAGRI,1.111167,178.32,160.48
2026-03-03,KNAGRI,0.952424,179.77,188.75
2026-03-26,KNAGRI,0.955982,170.27,178.11
2026-04-03,KNAGRI,0.965565,180.58,187.02
2026-04-14,KNAGRI,1.023189,225.91,220.79
2025-12-25,KNRCON,0.933984,159.73,171.02
2026-01-26,KNRCON,1.054853,141.73,134.36
2026-02-02,KNRCON,0.955377,141.52,148.13
2026-03-03,KNRCON,1.034448,132.73,128.31
2026-03-26,KNRCON,0.973234,112.72,115.82
2026-03-31,KNRCON,0.969745,109.62,113.04
2026-04-03,KNRCON,1.022547,123.81,121.08
2026-05-01,KNRCON,1.039559,130.08,125.13
2026-06-26,KNRCON,1.028539,138.03,134.2
2025-11-05,KODYTECH,0.953975,679.85,712.65
2026-01-26,KODYTECH,1.035733,776.8,750.0
2026-03-03,KODYTECH,1.020371,849.0,832.05
2026-03-31,KODYTECH,1.045695,722.0,690.45
2026-06-26,KODYTECH,1.064237,1077.7,1012.65
2026-03-03,KOHINOOR,1.022431,25.07,24.52
2026-03-31,KOHINOOR,1.072874,21.2,19.76
2026-05-01,KOHINOOR,1.040635,26.89,25.84
2025-10-22,KOKUYOCMLN,0.978721,100.73,102.92
2026-01-26,KOKUYOCMLN,1.030406,84.72,82.22
2026-02-02,KOKUYOCMLN,1.03646,86.42,83.38
2026-03-03,KOKUYOCMLN,1.034045,82.31,79.6
2026-03-31,KOKUYOCMLN,1.020199,72.73,71.29
2026-04-03,KOKUYOCMLN,0.978183,73.98,75.63
2026-06-26,KOKUYOCMLN,1.025203,90.71,88.48
2025-11-05,KOLTEPATIL,1.02332,443.2,433.1
2026-01-26,KOLTEPATIL,1.050239,374.2,356.3
2026-03-03,KOLTEPATIL,1.031255,354.7,343.95
2026-03-31,KOLTEPATIL,1.075701,318.3,295.9
2026-04-03,KOLTEPATIL,0.97224,297.7,306.2
2026-05-28,KOLTEPATIL,1.029303,388.15,377.1
2025-10-22,KONSTELEC,0.960745,72.2,75.15
2025-11-05,KONSTELEC,0.972441,61.75,63.5
2025-12-25,KONSTELEC,1.027586,44.7,43.5
2026-02-03,KONSTELEC,0.926585,41.65,44.95
2026-03-03,KONSTELEC,1.052414,38.15,36.25
2026-03-26,KONSTELEC,0.953947,29.0,30.4
2026-03-31,KONSTELEC,1.038394,29.75,28.65
2026-04-03,KONSTELEC,1.036207,30.05,29.0
2026-04-14,KONSTELEC,0.953488,36.9,38.7
2026-05-01,KONSTELEC,1.052195,44.35,42.15
2026-05-28,KONSTELEC,0.952486,43.1,45.25
2026-06-26,KONSTELEC,1.049031,46.0,43.85
2025-10-22,KONTOR,0.889637,66.1,74.3
2025-11-05,KONTOR,1.057578,79.9,75.55
2026-01-26,KONTOR,1.032702,60.0,58.1
2026-02-02,KONTOR,1.066448,65.0,60.95
2026-03-31,KONTOR,1.092308,60.35,55.25
2026-04-03,KONTOR,1.038961,60.0,57.75
2026-04-14,KONTOR,0.924653,69.95,75.65
2026-05-01,KONTOR,1.048942,79.3,75.6
2026-06-26,KONTOR,1.026496,60.05,58.5
2026-01-26,KOPRAN,1.040644,136.47,131.14
2026-03-03,KOPRAN,1.040818,131.83,126.66
2026-03-26,KOPRAN,0.949112,115.45,121.64
2026-03-31,KOPRAN,1.049889,113.43,108.04
2026-05-01,KOPRAN,0.954443,157.13,164.63
2026-06-26,KOPRAN,1.032959,195.88,189.63
2026-02-03,KORE,1.049878,129.45,123.3
2026-03-03,KORE,1.023894,115.7,113.0
2026-03-26,KORE,1.034295,95.0,91.85
2026-03-31,KORE,1.035882,88.05,85.0
2026-04-03,KORE,0.952381,86.0,90.3
2026-04-14,KORE,0.95265,109.65,115.1
2026-05-01,KORE,0.953094,120.9,126.85
2026-06-26,KORE,1.032869,144.55,139.95
2026-01-15,KOTAKBANK,5.065558,2132.6,421.0
2026-03-31,KOTAKBANK,1.036078,366.15,353.4
2026-03-03,KOTARISUG,1.041841,24.9,23.9
2026-03-26,KOTARISUG,0.978188,23.32,23.84
2026-04-14,KOTARISUG,0.942155,24.92,26.45
2025-11-05,KOTHARIPET,1.044452,152.02,145.55
2026-03-03,KOTHARIPET,1.047585,115.58,110.33
2026-03-31,KOTHARIPET,1.049096,99.79,95.12
2026-04-03,KOTHARIPET,0.949156,104.54,110.14
2026-05-01,KOTHARIPET,1.023387,136.53,133.41
2025-12-25,KOTHARIPRO,1.023954,76.09,74.31
2026-01-26,KOTHARIPRO,1.025471,68.04,66.35
2026-03-03,KOTHARIPRO,1.043579,67.53,64.71
2026-03-31,KOTHARIPRO,1.040858,60.63,58.25
2026-04-14,KOTHARIPRO,1.021494,67.96,66.53
2026-06-26,KOTIC,1.030737,168.34,163.32
2025-12-25,KOTYARK,1.024756,252.5,246.4
2026-01-26,KOTYARK,1.035476,201.4,194.5
2026-02-02,KOTYARK,1.024783,206.75,201.75
2026-04-14,KOTYARK,1.038488,377.75,363.75
2026-05-28,KOTYARK,1.025699,433.05,422.2
2026-06-26,KOTYARK,0.952695,43.3,45.45
2025-11-05,KPEL,0.977045,449.05,459.6
2025-12-25,KPEL,1.020321,356.5,349.4
2026-03-03,KPEL,1.053363,284.25,269.85
2026-03-31,KPEL,1.041625,260.25,249.85
2026-04-03,KPEL,0.978248,274.78,280.89
2026-04-14,KPEL,0.969806,301.6,310.99
2026-01-15,KPIGREEN,1.034877,448.05,432.95
2026-01-26,KPIGREEN,1.058529,434.05,410.05
2026-03-03,KPIGREEN,1.067302,386.15,361.8
2026-03-26,KPIGREEN,0.977992,375.5,383.95
2026-03-31,KPIGREEN,1.049687,368.65,351.2
2025-11-05,KPIL,0.968657,1273.3,1314.5
2025-12-25,KPIL,0.977172,1172.9,1200.3
2026-03-03,KPIL,1.053611,1240.1,1177.0
2026-03-26,KPIL,0.947568,1051.8,1110.0
2026-02-02,KPITTECH,0.951243,991.1,1041.9
2026-03-03,KPITTECH,1.02234,771.1,754.25
2026-03-31,KPITTECH,1.039858,660.05,634.75
2026-04-03,KPITTECH,0.96771,674.3,696.8
2026-05-01,KPITTECH,0.974969,740.05,759.05
2026-05-28,KPL,0.967454,2164.0,2236.8
2026-02-02,KPRMILL,1.02093,887.75,869.55
2026-03-03,KPRMILL,1.034511,897.8,867.85
2026-03-26,KPRMILL,0.979016,837.45,855.4
2026-06-26,KPRMILL,1.02279,1218.45,1191.3
2026-01-26,KRBL,1.037208,337.3,325.2
2026-03-03,KRBL,1.027685,339.65,330.5
2026-03-26,KRBL,0.97773,296.35,303.1
2026-03-31,KRBL,1.043232,294.4,282.2
2026-04-14,KRBL,1.020452,331.8,325.15
2026-06-26,KRBL,1.022317,393.95,385.35
2025-10-22,KREBSBIO,0.976011,68.76,70.45
2026-01-15,KREBSBIO,0.975742,63.15,64.72
2026-02-02,KREBSBIO,0.963618,56.68,58.82
2026-03-03,KREBSBIO,1.058256,57.04,53.9
2026-03-31,KREBSBIO,1.103396,43.86,39.75
2026-04-03,KREBSBIO,0.933025,44.44,47.63
2026-05-28,KREBSBIO,0.952451,64.9,68.14
2025-10-22,KRIDHANINF,0.971279,3.72,3.83
2026-02-02,KRIDHANINF,0.944976,3.95,4.18
2026-03-03,KRIDHANINF,1.249084,3.41,2.73
2026-03-31,KRIDHANINF,1.058201,2.0,1.89
2026-04-03,KRIDHANINF,0.956098,1.96,2.05
2026-04-14,KRIDHANINF,1.036145,2.58,2.49
2026-05-01,KRIDHANINF,1.04943,2.76,2.63
2026-06-26,KRIDHANINF,0.976351,2.89,2.96
2026-01-15,KRISHANA,1.020137,499.0,489.15
2026-02-02,KRISHANA,0.964845,467.95,485.0
2026-03-03,KRISHANA,1.025839,484.35,472.15
2026-03-31,KRISHANA,1.022735,481.35,470.65
2026-04-03,KRISHANA,0.924147,498.3,539.2
2025-10-22,KRISHCA,0.964119,206.9,214.6
2025-12-25,KRISHCA,0.961596,192.8,200.5
2026-01-15,KRISHCA,0.978277,193.65,197.95
2026-01-26,KRISHCA,1.071368,190.65,177.95
2026-02-02,KRISHCA,1.030609,183.5,178.05
2026-03-03,KRISHCA,1.056899,179.25,169.6
2026-03-26,KRISHCA,1.051356,164.8,156.75
2026-03-31,KRISHCA,1.057597,149.65,141.5
2026-04-14,KRISHCA,0.930513,166.05,178.45
2026-05-01,KRISHCA,1.028347,183.2,178.15
2025-10-22,KRISHIVAL,0.971858,488.65,502.8
2025-12-25,KRISHIVAL,1.109019,394.7,355.9
2026-01-15,KRISHIVAL,1.03726,345.2,332.8
2026-01-26,KRISHIVAL,1.045335,336.65,322.05
2026-02-02,KRISHIVAL,1.065452,336.15,315.5
2026-01-15,KRISHNADEF,1.031065,916.05,888.45
2026-02-02,KRISHNADEF,0.93776,1002.7,1069.25
2026-03-03,KRISHNADEF,0.96297,1084.4,1126.1
2026-03-31,KRISHNADEF,1.032158,831.3,805.4
2026-06-26,KRISHNADEF,1.047059,1335.0,1275.0
2025-11-05,KRITI,0.96941,111.55,115.07
2025-12-25,KRITI,1.023618,88.85,86.8
2026-01-26,KRITI,1.024416,77.62,75.77
2026-03-03,KRITI,1.02709,79.62,77.52
2026-03-26,KRITI,0.83341,54.68,65.61
2026-03-31,KRITI,1.142725,74.06,64.81
2026-04-03,KRITI,0.979814,68.44,69.85
2026-04-14,KRITI,0.974918,80.07,82.13
2026-05-28,KRITI,0.952486,68.96,72.4
2026-03-03,KRITIKA,1.070175,6.1,5.7
2026-03-26,KRITIKA,1.020258,5.54,5.43
2026-03-31,KRITIKA,1.092105,4.98,4.56
2025-11-05,KRITINUT,0.97655,86.62,88.7
2026-01-15,KRITINUT,0.968547,72.98,75.35
2026-02-02,KRITINUT,0.953504,71.57,75.06
2026-03-03,KRITINUT,1.053365,70.27,66.71
2026-03-26,KRITINUT,0.978278,61.25,62.61
2026-03-31,KRITINUT,1.098385,59.17,53.87
2026-04-03,KRITINUT,0.93924,57.35,61.06
2026-06-26,KRITINUT,1.02484,84.99,82.93
2026-02-02,KRMAYURVED,0.950225,168.95,177.8
2026-03-03,KRMAYURVED,1.025635,202.05,197.0
2026-03-31,KRMAYURVED,1.05795,185.3,175.15
2026-05-01,KRMAYURVED,1.027696,243.05,236.5
2026-05-28,KRMAYURVED,0.97045,247.95,255.5
2026-01-26,KRN,1.025163,613.15,598.1
2026-02-02,KRN,1.026475,655.25,638.35
2026-03-03,KRN,1.086549,998.05,918.55
2026-03-26,KRN,0.978931,896.75,916.05
2026-03-31,KRN,1.040617,886.45,851.85
2026-04-03,KRN,1.026906,891.2,867.85
2026-04-14,KRN,0.923147,969.35,1050.05
2026-05-28,KRN,0.967506,1086.8,1123.3
2026-03-03,KRONOX,1.030353,119.83,116.3
2026-03-26,KRONOX,0.969049,103.32,106.62
2026-03-31,KRONOX,1.050402,101.91,97.02
2026-04-03,KRONOX,0.960646,114.24,118.92
2026-04-14,KRONOX,1.028437,133.45,129.76
2026-05-01,KRONOX,0.96167,135.23,140.62
2026-05-28,KRONOX,0.969117,138.7,143.12
2026-06-26,KRONOX,0.96075,147.11,153.12
2025-12-25,KROSS,1.020787,203.3,199.16
2026-01-26,KROSS,1.043593,201.81,193.38
2026-03-31,KROSS,1.03159,163.28,158.28
2025-10-22,KRSNAA,0.977734,790.4,808.4
2025-11-05,KRSNAA,1.022386,790.1,772.8
2026-01-15,KRSNAA,1.022788,724.85,708.7
2026-02-02,KRSNAA,0.976478,695.35,712.1
2026-03-31,KRSNAA,1.051509,547.1,520.3
2026-03-03,KRYSTAL,1.041694,625.85,600.8
2026-03-31,KRYSTAL,1.064774,540.0,507.15
2026-04-03,KRYSTAL,1.022399,540.9,529.05
2026-02-02,KSB,0.9695,686.6,708.2
2026-03-03,KSB,1.039895,770.25,740.7
2026-01-26,KSCL,1.020394,835.55,818.85
2026-02-02,KSCL,0.946617,888.4,938.5
2026-03-03,KSCL,1.03187,772.2,748.35
2026-05-01,KSCL,0.958979,925.75,965.35
2025-12-25,KSHINTL,1.053412,355.0,337.0
2026-01-15,KSHINTL,0.964826,331.9,344.0
2026-01-26,KSHINTL,1.038263,362.25,348.9
2026-02-02,KSHINTL,0.963739,333.55,346.1
2026-04-14,KSHINTL,1.021517,534.1,522.85
2026-05-28,KSHINTL,0.896347,739.8,825.35
2026-01-15,KSHITIJPOL,1.030043,2.4,2.33
2026-03-03,KSHITIJPOL,1.030418,2.71,2.63
2026-03-31,KSHITIJPOL,1.04955,2.33,2.22
2026-05-01,KSHITIJPOL,0.954268,3.13,3.28
2026-05-28,KSHITIJPOL,0.95354,4.31,4.52
2026-06-26,KSHITIJPOL,1.050575,4.57,4.35
2025-11-05,KSL,1.038547,883.7,850.9
2026-01-26,KSL,1.028788,684.35,665.2
2026-02-02,KSL,0.964472,685.45,710.7
2026-03-03,KSL,1.024584,748.1,730.15
2026-03-31,KSL,1.060753,612.85,577.75
2026-04-03,KSL,0.976352,611.05,625.85
2026-04-14,KSL,0.979423,656.85,670.65
2026-05-01,KSL,0.954866,811.35,849.7
2026-02-02,KSOLVES,1.022411,264.6,258.8
2026-03-03,KSOLVES,1.048869,303.7,289.55
2026-03-31,KSOLVES,1.055129,261.25,247.6
2026-04-03,KSOLVES,0.935298,267.28,285.77
2026-05-01,KSOLVES,1.092978,337.14,308.46
2026-05-28,KSOLVES,1.024038,287.55,280.8
2025-12-25,KSR,1.049798,15.6,14.86
2026-01-15,KSR,1.047492,23.6,22.53
2026-01-26,KSR,0.952542,25.29,26.55
2026-02-02,KSR,0.956223,26.43,27.64
2026-03-03,KSR,0.958387,29.94,31.24
2026-03-26,KSR,1.020408,35.5,34.79
2026-03-31,KSR,1.020347,34.1,33.42
2026-04-03,KSR,1.020243,32.76,32.11
2026-04-14,KSR,0.955471,35.19,36.83
2026-05-28,KSR,1.037191,34.86,33.61
2026-06-26,KSR,1.030706,32.56,31.59
2026-03-26,KTKBANK,0.963087,218.12,226.48
2026-03-31,KTKBANK,1.03005,229.66,222.96
2026-01-26,KUANTUM,0.970645,85.97,88.57
2026-03-03,KUANTUM,1.033214,89.59,86.71
2026-03-31,KUANTUM,1.039302,68.49,65.9
2026-05-01,KUANTUM,1.024053,80.04,78.16
2026-03-03,KWIL,0.932524,26.12,28.01
2026-03-26,KWIL,0.974835,23.63,24.24
2026-03-31,KWIL,1.050289,23.6,22.47
2026-04-14,KWIL,1.026012,24.85,24.22
2026-06-26,KWIL,1.027906,35.73,34.76
2025-11-05,LAGNAM,1.02159,80.44,78.74
2026-03-03,LAGNAM,1.050504,74.05,70.49
2026-03-26,LAGNAM,0.936647,59.73,63.77
2026-03-31,LAGNAM,1.060117,63.66,60.05
2026-05-28,LAGNAM,0.978225,77.72,79.45
2026-06-26,LAGNAM,1.02783,82.36,80.13
2026-05-01,LAHOTIOV,0.975435,47.65,48.85
2026-06-26,LAHOTIOV,1.030269,45.61,44.27
2025-10-22,LAKPRE,0.954306,5.43,5.69
2025-11-05,LAKPRE,0.952813,5.25,5.51
2025-12-25,LAKPRE,0.952652,5.03,5.28
2026-01-26,LAKPRE,1.05,5.25,5.0
2026-02-02,LAKPRE,1.025097,5.31,5.18
2026-03-03,LAKPRE,0.955769,4.97,5.2
2026-03-26,LAKPRE,1.047109,4.89,4.67
2026-03-31,LAKPRE,0.953307,4.9,5.14
2026-04-03,LAKPRE,1.052192,5.04,4.79
2026-04-14,LAKPRE,1.043137,5.32,5.1
2026-05-01,LAKPRE,1.052419,5.22,4.96
2026-05-28,LAKPRE,1.051282,5.74,5.46
2026-06-26,LAKPRE,0.959574,4.51,4.7
2025-11-05,LAKSHYA,1.089916,149.7,137.35
2025-12-25,LAKSHYA,1.060334,123.9,116.85
2026-03-03,LAKSHYA,1.040225,111.2,106.9
2026-03-26,LAKSHYA,1.032841,94.35,91.35
2026-03-31,LAKSHYA,1.140882,86.65,75.95
2026-04-14,LAKSHYA,1.022431,98.0,95.85
2025-10-22,LAL,0.976834,10.12,10.36
2025-12-25,LAL,1.024309,9.27,9.05
2026-01-26,LAL,0.929825,7.42,7.98
2026-02-02,LAL,1.029793,7.95,7.72
2026-03-03,LAL,1.03155,7.52,7.29
2026-03-26,LAL,0.968526,6.77,6.99
2026-03-31,LAL,1.073052,6.61,6.16
2026-04-03,LAL,0.969444,6.98,7.2
2026-05-28,LAL,1.036232,7.15,6.9
2026-06-26,LAL,0.968375,8.88,9.17
2025-11-05,LALPATHLAB,1.032089,3254.9,3153.7
2026-01-26,LALPATHLAB,1.030151,1417.9,1376.4
2026-03-26,LALPATHLAB,0.973489,1310.9,1346.6
2026-05-01,LALPATHLAB,1.022382,1397.8,1367.2
2026-02-02,LAMBODHARA,0.966672,110.8,114.62
2026-03-03,LAMBODHARA,1.048009,106.09,101.23
2026-03-31,LAMBODHARA,1.053037,87.56,83.15
2026-04-03,LAMBODHARA,0.96458,90.14,93.45
2025-10-22,LAMOSAIC,0.956571,41.85,43.75
2026-01-15,LAMOSAIC,1.061129,33.85,31.9
2026-01-26,LAMOSAIC,1.036522,29.8,28.75
2026-03-03,LAMOSAIC,0.966355,25.85,26.75
2026-03-31,LAMOSAIC,1.070048,22.15,20.7
2026-04-14,LAMOSAIC,1.02,25.5,25.0
2026-05-01,LAMOSAIC,1.040698,26.85,25.8
2025-11-05,LANCORHOL,1.027324,32.71,31.84
2026-01-15,LANCORHOL,0.96664,23.76,24.58
2026-01-26,LANCORHOL,0.952687,25.17,26.42
2026-03-03,LANCORHOL,1.052288,24.15,22.95
2026-03-26,LANCORHOL,0.976887,20.71,21.2
2026-03-31,LANCORHOL,1.052219,20.15,19.15
2026-04-03,LANCORHOL,0.970732,19.9,20.5
2025-10-22,LANDMARK,0.969512,626.45,646.15
2026-01-26,LANDMARK,1.033481,361.15,349.45
2026-02-02,LANDMARK,1.064277,415.6,390.5
2026-03-26,LANDMARK,0.97184,367.55,378.2
2026-03-31,LANDMARK,1.052145,381.35,362.45
2026-05-28,LANDMARK,1.047527,381.3,364.0
2026-06-26,LANDMARK,1.027608,444.8,432.85
2026-04-14,LANDSMILL,1.04717,1.11,1.06
2026-05-28,LANDSMILL,0.978261,0.9,0.92
2026-03-03,LAOPALA,1.041646,206.35,198.1
2026-03-31,LAOPALA,1.059634,173.78,164.0
2026-04-03,LAOPALA,0.977759,173.21,177.15
2026-05-28,LAOPALA,0.967692,176.42,182.31
2025-10-22,LASA,0.95373,10.1,10.59
2026-01-15,LASA,1.052239,9.87,9.38
2026-01-26,LASA,1.040884,9.42,9.05
2026-03-03,LASA,1.025707,7.98,7.78
2026-03-26,LASA,1.051402,6.75,6.42
2026-03-31,LASA,1.051146,5.96,5.67
2026-04-03,LASA,0.953526,5.95,6.24
2026-01-15,LATENTVIEW,1.022452,439.45,429.8
2026-01-26,LATENTVIEW,1.035336,405.8,391.95
2026-02-02,LATENTVIEW,1.02702,418.1,407.1
2026-03-03,LATENTVIEW,1.031982,337.2,326.75
2026-03-26,LATENTVIEW,0.968831,262.65,271.1
2026-03-31,LATENTVIEW,1.036831,260.4,251.15
2026-04-03,LATENTVIEW,0.836911,261.2,312.1
2026-04-14,LATENTVIEW,1.022314,295.5,289.05
2025-10-22,LATTEYS,0.902018,27.71,30.72
2026-01-15,LATTEYS,0.952703,23.97,25.16
2026-01-26,LATTEYS,0.953397,21.89,22.96
2026-03-03,LATTEYS,1.056657,22.38,21.18
2026-03-31,LATTEYS,1.09557,17.31,15.8
2026-04-03,LATTEYS,0.909424,17.37,19.1
2026-05-28,LATTEYS,1.047,24.95,23.83
2026-01-15,LAURUSLABS,0.970472,1058.3,1090.5
2026-02-02,LAURUSLABS,0.963938,930.2,965.0
2026-03-26,LAURUSLABS,0.969809,992.6,1023.5
2026-01-26,LAXMICOT,1.043541,14.38,13.78
2026-02-02,LAXMICOT,0.979151,13.15,13.43
2026-03-03,LAXMICOT,1.05209,15.35,14.59
2026-03-31,LAXMICOT,1.052189,12.5,11.88
2026-04-14,LAXMICOT,0.974009,14.99,15.39
2026-05-01,LAXMICOT,1.046048,15.22,14.55
2026-05-28,LAXMICOT,1.040919,14.5,13.93
2025-11-05,LAXMIDENTL,1.027164,325.2,316.6
2026-01-15,LAXMIDENTL,1.025646,243.95,237.85
2026-01-26,LAXMIDENTL,1.053924,218.9,207.7
2026-03-03,LAXMIDENTL,1.038393,192.57,185.45
2026-03-26,LAXMIDENTL,0.947035,164.32,173.51
2026-03-31,LAXMIDENTL,1.021232,161.61,158.25
2026-05-01,LAXMIDENTL,1.031008,205.15,198.98
2026-05-28,LAXMIDENTL,0.965409,234.72,243.13
2026-01-26,LAXMIINDIA,1.047976,97.86,93.38
2026-03-03,LAXMIINDIA,1.042473,94.25,90.41
2026-03-26,LAXMIINDIA,0.974009,80.57,82.72
2026-03-31,LAXMIINDIA,1.092673,78.29,71.65
2026-04-14,LAXMIINDIA,0.953892,104.89,109.96
2026-05-01,LAXMIINDIA,1.026553,115.21,112.23
2025-10-22,LCCINFOTEC,0.970183,4.23,4.36
2025-11-05,LCCINFOTEC,1.03163,4.24,4.11
2025-12-25,LCCINFOTEC,1.032634,4.43,4.29
2026-01-15,LCCINFOTEC,1.052632,5.4,5.13
2026-02-02,LCCINFOTEC,1.048872,5.58,5.32
2026-03-03,LCCINFOTEC,1.049107,4.7,4.48
2026-03-26,LCCINFOTEC,1.042793,4.63,4.44
2026-03-31,LCCINFOTEC,0.952965,4.66,4.89
2026-04-03,LCCINFOTEC,0.955307,5.13,5.37
2026-04-14,LCCINFOTEC,1.031496,5.24,5.08
2026-05-01,LCCINFOTEC,1.05176,5.08,4.83
2026-06-26,LCCINFOTEC,1.050847,4.96,4.72
2025-11-05,LEMERITE,1.029456,480.55,466.8
2026-03-26,LEMERITE,0.977923,442.95,452.95
2026-05-28,LEMERITE,1.110861,222.45,200.25
2026-06-26,LEMERITE,1.032537,25.07,24.28
2026-01-26,LEMONTREE,1.041845,129.22,124.03
2026-03-31,LEMONTREE,1.044812,104.92,100.42
2025-12-25,LENSKART,1.030531,465.8,452.0
2026-01-15,LENSKART,0.976513,446.95,457.7
2026-01-26,LENSKART,1.039391,440.65,423.95
2026-02-02,LENSKART,0.957582,437.95,457.35
2026-03-03,LENSKART,1.021964,537.4,525.85
2026-03-31,LENSKART,1.020128,509.35,499.3
2026-04-03,LENSKART,1.034849,501.85,484.95
2025-10-22,LEXUS,0.833534,27.69,33.22
2026-01-15,LEXUS,0.979284,26.0,26.55
2026-02-02,LEXUS,0.960429,23.3,24.26
2026-03-03,LEXUS,1.025978,38.31,37.34
2026-03-26,LEXUS,0.952416,26.02,27.32
2026-03-31,LEXUS,1.05229,25.96,24.67
2026-04-03,LEXUS,1.052537,23.44,22.27
2026-04-14,LEXUS,1.052527,21.24,20.18
2026-06-26,LEXUS,1.056537,14.95,14.15
2026-01-26,LFIC,1.028027,145.25,141.29
2026-02-02,LFIC,0.971097,117.26,120.75
2026-03-03,LFIC,1.056309,137.88,130.53
2026-03-26,LFIC,0.970716,124.97,128.74
2026-03-31,LFIC,1.0552,118.71,112.5
2026-04-14,LFIC,1.039796,134.56,129.41
2026-05-28,LFIC,0.927453,140.37,151.35
2025-11-05,LGBBROSLTD,0.889758,1615.0,1815.1
2026-01-15,LGBBROSLTD,1.036669,1928.1,1859.9
2026-03-03,LGBBROSLTD,1.029382,1947.9,1892.3
2026-03-31,LGBBROSLTD,1.040925,1706.7,1639.6
2026-04-14,LGBBROSLTD,1.023179,1774.5,1734.3
2026-05-01,LGBBROSLTD,1.023414,1800.8,1759.6
2026-02-02,LGEINDIA,0.959251,1403.0,1462.6
2026-03-31,LGEINDIA,1.065996,1536.1,1441.0
2026-04-03,LGEINDIA,1.051562,1386.8,1318.8
2026-05-01,LGEINDIA,1.021343,1627.0,1593.0
2025-10-22,LGHL,0.955749,306.7,320.9
2025-12-25,LGHL,1.040093,289.25,278.1
2026-01-26,LGHL,1.048224,280.4,267.5
2026-03-03,LGHL,0.974033,286.95,294.6
2026-03-31,LGHL,1.040991,237.45,228.1
2026-05-01,LGHL,1.021929,263.76,258.1
2026-03-31,LIBAS,0.928023,9.67,10.42
2026-04-03,LIBAS,1.024631,10.4,10.15
2026-01-26,LIBERTSHOE,1.020074,233.75,229.15
2026-03-03,LIBERTSHOE,1.043166,241.42,231.43
2026-03-31,LIBERTSHOE,1.058984,225.68,213.11
2026-04-03,LIBERTSHOE,0.964552,226.66,234.99
2026-05-01,LIBERTSHOE,1.032199,261.26,253.11
2026-05-28,LIBERTSHOE,1.030117,251.4,244.05
2026-06-26,LIBERTSHOE,0.951593,256.54,269.59
2026-01-15,LICHSGFIN,0.97347,521.05,535.25
2026-01-26,LICHSGFIN,1.021029,517.1,506.45
2026-02-02,LICHSGFIN,0.964469,507.6,526.3
2026-03-26,LICHSGFIN,0.965142,479.0,496.3
2026-03-31,LICHSGFIN,1.021807,506.05,495.25
2026-04-14,LICHSGFIN,1.021716,531.65,520.35
2026-05-28,LICHSGFIN,0.977896,544.15,556.45
2026-01-26,LICI,1.020998,819.3,802.45
2026-02-02,LICI,0.969072,799.0,824.5
2026-03-26,LICI,0.971322,758.7,781.1
2026-03-31,LICI,1.055123,765.65,725.65
2026-05-28,LICI,1.03,854.9,830.0
2026-06-26,LICI,1.031298,436.6,423.35
2026-01-15,LICMFGOLD,0.965919,12715.75,13164.4
2026-01-26,LICMFGOLD,0.977641,13672.45,13985.15
2026-02-02,LICMFGOLD,0.895518,13375.1,14935.6
2026-03-03,LICMFGOLD,0.946575,14330.25,15139.05
2026-03-26,LICMFGOLD,0.970577,125.35,129.15
2026-03-31,LICMFGOLD,0.978161,127.65,130.5
2026-04-03,LICMFGOLD,1.022997,133.45,130.45
2026-02-02,LICNETFN50,0.978542,276.35,282.41
2026-03-31,LICNETFN50,1.02349,254.89,249.04
2026-02-02,LICNETFSEN,0.975407,900.74,923.45
2026-03-31,LICNETFSEN,1.023653,827.91,808.78
2026-02-02,LICNFNHGP,0.979373,277.29,283.13
2026-03-31,LICNFNHGP,1.023139,255.58,249.8
2026-02-02,LICNMID100,0.976393,57.49,58.88
2026-03-31,LICNMID100,1.028291,54.52,53.02
2025-12-25,LIKHITHA,0.939474,188.59,200.74
2026-01-26,LIKHITHA,1.027141,163.11,158.8
2026-02-02,LIKHITHA,1.03308,167.08,161.73
2026-03-03,LIKHITHA,1.03067,149.88,145.42
2026-03-26,LIKHITHA,0.871542,136.1,156.16
2026-03-31,LIKHITHA,1.1034,172.98,156.77
2026-04-14,LIKHITHA,0.973454,221.86,227.91
2026-05-01,LIKHITHA,1.037788,221.63,213.56
2026-05-28,LIKHITHA,1.052632,206.0,195.7
2025-10-22,LINC,0.972052,126.95,130.6
2026-01-26,LINC,1.026203,107.31,104.57
2026-02-02,LINC,0.97536,108.46,111.2
2026-03-03,LINC,1.038093,107.37,103.43
2026-03-31,LINC,1.088021,94.19,86.57
2026-04-03,LINC,0.95307,94.23,98.87
2026-05-28,LINC,1.028024,100.88,98.13
2026-06-26,LINC,1.026589,118.53,115.46
2026-03-31,LINCOLN,1.03372,584.0,564.95
2026-05-01,LINCOLN,1.042583,673.3,645.8
2026-06-26,LINCOLN,0.95606,603.8,631.55
2026-01-26,LINDEINDIA,1.020124,5981.5,5863.5
2026-03-31,LINDEINDIA,1.040035,7118.0,6844.0
2026-04-03,LINDEINDIA,0.959638,7002.0,7296.5
2025-12-25,LLOYDS,0.963855,68.0,70.55
2026-01-15,LLOYDS,1.090909,69.6,63.8
2026-03-26,LLOYDS,0.915385,41.65,45.5
2026-03-31,LLOYDS,1.095718,43.5,39.7
2026-04-14,LLOYDS,0.90915,69.55,76.5
2026-05-01,LLOYDS,1.020397,95.05,93.15
2026-06-26,LLOYDS,1.051688,76.3,72.55
2025-12-25,LLOYDSENGG,1.03514,58.62,56.63
2026-01-26,LLOYDSENGG,1.071197,46.19,43.12
2026-02-02,LLOYDSENGG,0.971076,43.31,44.6
2026-03-03,LLOYDSENGG,1.039809,47.8,45.97
2026-03-26,LLOYDSENGG,0.932187,39.04,41.88
2026-03-31,LLOYDSENGG,1.03472,39.04,37.73
2026-04-14,LLOYDSENGG,1.02276,49.88,48.77
2025-10-22,LLOYDSENT,0.979241,68.87,70.33
2025-12-25,LLOYDSENT,1.0266,69.47,67.67
2026-01-26,LLOYDSENT,1.048439,55.41,52.85
2026-02-02,LLOYDSENT,0.963371,56.02,58.15
2026-03-03,LLOYDSENT,1.029222,51.07,49.62
2026-03-26,LLOYDSENT,0.962688,42.83,44.49
2026-03-31,LLOYDSENT,1.029483,42.6,41.38
2026-04-14,LLOYDSENT,1.022238,59.3,58.01
2026-05-28,LLOYDSENT,0.970301,72.53,74.75
2026-06-26,LLOYDSENT,1.045647,76.51,73.17
2025-10-22,LLOYDSME,0.977862,1320.7,1350.6
2026-01-26,LLOYDSME,1.03281,1152.1,1115.5
2026-02-02,LLOYDSME,0.97264,1073.6,1103.8
2026-03-26,LLOYDSME,0.962606,1258.8,1307.7
2026-04-03,LLOYDSME,0.970684,1347.6,1388.3
2026-02-02,LMW,0.975737,14558.0,14920.0
2026-03-31,LMW,1.030008,12357.0,11997.0
2026-05-28,LMW,0.955054,15278.0,15997.0
2026-01-26,LODHA,1.050205,945.5,900.3
2026-02-02,LODHA,0.944622,917.7,971.5
2026-03-03,LODHA,1.022821,988.25,966.2
2026-03-31,LODHA,1.034269,700.2,677.0
2026-05-28,LODHA,0.978401,903.7,923.65
2026-01-15,LOKESHMACH,0.976762,180.32,184.61
2026-01-26,LOKESHMACH,1.063054,164.38,154.63
2026-02-02,LOKESHMACH,0.975476,170.64,174.93
2026-03-26,LOKESHMACH,0.943373,190.25,201.67
2026-04-03,LOKESHMACH,0.976754,209.25,214.23
2026-04-14,LOKESHMACH,0.905738,233.78,258.11
2026-05-01,LOKESHMACH,1.025329,255.43,249.12
2026-06-26,LOKESHMACH,1.051569,286.5,272.45
2025-11-05,LORDSCHLO,0.9591,214.33,223.47
2026-01-26,LORDSCHLO,1.025256,144.11,140.56
2026-03-31,LORDSCHLO,1.028328,112.17,109.08
2026-04-03,LORDSCHLO,0.955059,117.52,123.05
2026-04-14,LORDSCHLO,0.968644,154.46,159.46
2026-05-28,LORDSCHLO,0.971021,137.38,141.48
2025-10-22,LOTUSDEV,0.97088,185.04,190.59
2026-01-26,LOTUSDEV,0.939016,143.2,152.5
2026-03-03,LOTUSDEV,1.06547,141.26,132.58
2026-03-26,LOTUSDEV,0.966211,109.52,113.35
2026-03-31,LOTUSDEV,1.065636,109.59,102.84
2026-05-01,LOTUSDEV,1.022778,146.38,143.12
2026-05-28,LOTUSDEV,1.022385,139.3,136.25
2026-06-26,LOTUSDEV,0.967151,145.74,150.69
2025-11-05,LOTUSEYE,1.047935,131.17,125.17
2026-01-26,LOTUSEYE,0.952525,116.37,122.17
2026-02-02,LOTUSEYE,0.950026,128.51,135.27
2026-03-03,LOTUSEYE,1.0235,110.19,107.66
2026-03-26,LOTUSEYE,0.973319,102.51,105.32
2026-03-31,LOTUSEYE,1.045816,102.72,98.22
2026-05-01,LOTUSEYE,1.022293,121.52,118.87
2026-06-26,LOTUSEYE,1.024316,128.06,125.02
2026-03-03,LOVABLE,1.031034,74.42,72.18
2026-03-31,LOVABLE,1.045952,58.27,55.71
2026-06-26,LOVABLE,1.028418,74.91,72.84
2026-03-26,LOWVOL,0.978381,190.53,194.74
2026-03-31,LOWVOL,1.022463,191.63,187.42
2026-03-31,LOWVOL1,1.037526,19.63,18.92
2026-04-03,LOWVOL1,0.96802,19.07,19.7
2025-10-22,LOYALTEX,0.957677,261.35,272.9
2025-11-05,LOYALTEX,1.044412,242.22,231.92
2026-01-15,LOYALTEX,1.037327,207.87,200.39
2026-02-02,LOYALTEX,0.974574,193.95,199.01
2026-03-03,LOYALTEX,1.03763,221.7,213.66
2026-04-03,LOYALTEX,0.967983,178.98,184.9
2026-04-14,LOYALTEX,1.020108,204.96,200.92
2026-05-01,LOYALTEX,1.024631,208.0,203.0
2026-06-26,LOYALTEX,0.952417,203.16,213.31
2025-10-22,LPDC,0.978287,8.11,8.29
2025-12-25,LPDC,0.977654,7.0,7.16
2026-02-02,LPDC,0.976672,6.28,6.43
2026-03-03,LPDC,1.059233,6.08,5.74
2026-03-31,LPDC,1.028933,5.69,5.53
2026-04-14,LPDC,1.065217,7.84,7.36
2026-05-01,LPDC,1.025199,7.73,7.54
2025-11-05,LRRPL,0.952862,84.9,89.1
2026-03-26,LRRPL,0.972936,71.9,73.9
2026-03-31,LRRPL,0.964973,70.25,72.8
2026-04-03,LRRPL,1.025352,72.8,71.0
2026-05-01,LRRPL,0.964286,74.25,77.0
2026-05-28,LRRPL,1.022222,92.0,90.0
2026-02-02,LT,0.969916,3814.0,3932.3
2026-03-03,LT,1.052032,4278.3,4066.7
2026-03-26,LT,0.963692,3516.8,3649.3
2026-05-01,LT,1.020453,4096.1,4014.0
2026-01-15,LTF,0.975828,288.65,295.8
2026-02-02,LTF,0.974681,279.1,286.35
2026-03-03,LTF,1.02955,283.95,275.8
2026-03-26,LTF,0.975124,254.8,261.3
2026-03-31,LTF,1.047669,251.65,240.2
2026-05-01,LTF,1.020341,285.42,279.73
2025-11-05,LTFOODS,1.028494,415.1,403.6
2026-02-02,LTFOODS,0.968348,361.0,372.8
2026-03-03,LTFOODS,1.058127,402.3,380.2
2026-03-31,LTFOODS,1.024498,372.2,363.3
2026-03-31,LTM,1.046564,4200.7,4013.8
2026-04-03,LTM,0.954251,4107.0,4303.9
2026-03-03,LTTS,1.020098,3512.4,3443.2
2026-03-31,LTTS,1.02457,3198.4,3121.7
2026-04-14,LTTS,1.026936,3446.5,3356.1
2025-10-22,LUMAXIND,0.975401,5135.0,5264.5
2026-01-26,LUMAXIND,1.072331,4966.5,4631.5
2026-02-02,LUMAXIND,0.96314,4687.6,4867.0
2026-03-26,LUMAXIND,0.97611,5025.5,5148.5
2026-03-31,LUMAXIND,1.04856,4880.0,4654.0
2026-04-14,LUMAXIND,1.031892,5571.6,5399.4
2026-05-28,LUMAXIND,0.978674,5851.0,5978.5
2026-06-26,LUMAXIND,0.967023,5117.0,5291.5
2025-11-05,LUMAXTECH,0.964226,1156.3,1199.2
2026-01-15,LUMAXTECH,0.978519,1498.7,1531.6
2026-02-02,LUMAXTECH,0.954974,1287.4,1348.1
2026-03-03,LUMAXTECH,1.056193,1757.4,1663.9
2026-03-26,LUMAXTECH,0.968275,1571.8,1623.3
2026-03-31,LUMAXTECH,1.056891,1608.8,1522.2
2026-05-28,LUMAXTECH,0.970745,1619.3,1668.1
2026-06-26,LUMAXTECH,0.971399,1504.6,1548.9
2026-01-15,LUXIND,1.029977,975.8,947.4
2026-02-02,LUXIND,0.975207,908.6,931.7
2026-03-26,LUXIND,1.025498,945.15,921.65
2026-03-31,LUXIND,1.061872,877.0,825.9
2026-05-01,LUXIND,1.058253,1479.65,1398.2
2026-05-28,LUXIND,0.966273,1389.5,1438.0
2026-01-26,LXCHEM,1.03564,143.55,138.61
2026-03-03,LXCHEM,1.035691,125.94,121.6
2026-03-31,LXCHEM,1.038387,112.26,108.11
2026-04-14,LXCHEM,0.972863,126.19,129.71
2026-06-26,LXCHEM,1.025386,159.95,155.99
2026-01-26,LYKALABS,1.026395,75.05,73.12
2026-03-03,LYKALABS,1.027352,62.35,60.69
2026-03-26,LYKALABS,0.951468,48.62,51.1
2026-03-31,LYKALABS,1.034038,46.48,44.95
2026-04-03,LYKALABS,0.921484,51.17,55.53
2026-05-28,LYKALABS,1.038896,59.83,57.59
2025-10-22,LYPSAGEMS,0.942492,5.9,6.26
2026-02-02,LYPSAGEMS,1.021231,4.81,4.71
2026-03-26,LYPSAGEMS,0.976139,4.5,4.61
2026-03-31,LYPSAGEMS,1.063981,4.49,4.22
2026-04-03,LYPSAGEMS,0.974843,4.65,4.77
2026-04-14,LYPSAGEMS,1.021073,5.33,5.22
2026-03-26,M&M,0.969055,3031.3,3128.1
2026-03-31,M&M,1.029309,3041.3,2954.7
2026-06-26,M&M,0.963013,3064.5,3182.2
2026-01-15,M&MFIN,1.022116,362.8,354.95
2026-02-02,M&MFIN,0.954733,358.55,375.55
2026-03-03,M&MFIN,1.022678,374.3,366.0
2026-03-26,M&MFIN,0.969601,306.2,315.8
2026-03-31,M&MFIN,1.0554,301.95,286.1
2026-05-01,M&MFIN,1.030576,320.2,310.7
2026-06-26,M&MFIN,0.946127,310.85,328.55
2026-01-15,MAANALU,0.974436,149.42,153.34
2026-01-26,MAANALU,1.036836,146.93,141.71
2026-02-02,MAANALU,0.95802,149.25,155.79
2026-03-31,MAANALU,1.02647,124.09,120.89
2026-06-26,MAANALU,1.023808,128.58,125.59
2025-10-22,MACOBSTECH,0.978814,207.9,212.4
2026-03-03,MACOBSTECH,1.036556,215.5,207.9
2026-03-26,MACOBSTECH,0.973176,206.8,212.5
2026-03-31,MACOBSTECH,1.024096,212.5,207.5
2026-04-14,MACOBSTECH,0.93985,200.0,212.8
2026-05-01,MACOBSTECH,0.967591,216.45,223.7
2025-11-05,MACPOWER,1.021572,824.0,806.6
2026-01-15,MACPOWER,1.020653,953.8,934.5
2026-01-26,MACPOWER,1.028602,859.5,835.6
2026-02-02,MACPOWER,1.04048,876.5,842.4
2026-03-31,MACPOWER,1.041995,826.25,792.95
2026-05-28,MACPOWER,1.069243,1128.8,1055.7
2026-01-26,MADHAV,0.9703,35.61,36.7
2026-03-03,MADHAV,1.135095,38.65,34.05
2026-03-31,MADHAV,0.959922,29.7,30.94
2026-04-14,MADHAV,1.02058,35.21,34.5
2025-11-05,MADHAVBAUG,1.023766,280.0,273.5
2026-02-03,MADHAVBAUG,1.046358,237.0,226.5
2026-03-26,MADHAVBAUG,1.054054,195.0,185.0
2026-03-31,MADHAVBAUG,1.05042,175.0,166.6
2026-04-03,MADHAVBAUG,0.859686,164.2,191.0
2026-04-14,MADHAVBAUG,1.034015,202.15,195.5
2026-06-26,MADHAVBAUG,0.971429,170.0,175.0
2025-10-22,MADHUCON,0.975774,7.25,7.43
2025-11-05,MADHUCON,0.979339,7.11,7.26
2026-03-03,MADHUCON,1.04646,4.73,4.52
2026-03-26,MADHUCON,0.953086,3.86,4.05
2026-03-31,MADHUCON,1.029412,3.85,3.74
2026-04-03,MADHUCON,0.953771,3.92,4.11
2026-04-14,MADHUCON,1.061983,5.14,4.84
2026-05-01,MADHUCON,0.964083,5.1,5.29
2026-06-26,MADHUCON,1.036066,6.32,6.1
2025-11-05,MADHUSUDAN,0.96715,126.6,130.9
2026-01-15,MADHUSUDAN,1.121698,129.5,115.45
2026-03-26,MADHUSUDAN,1.037037,140.0,135.0
2026-04-03,MADHUSUDAN,0.974281,143.95,147.75
2026-05-01,MADHUSUDAN,1.021488,154.5,151.25
2026-05-28,MADHUSUDAN,0.978758,152.05,155.35
2026-06-26,MADHUSUDAN,0.909283,193.95,213.3
2026-01-26,MADRASFERT,1.025082,75.2,73.36
2026-02-02,MADRASFERT,0.979557,74.27,75.82
2026-03-03,MADRASFERT,1.049463,67.47,64.29
2026-03-26,MADRASFERT,0.979066,58.93,60.19
2026-03-31,MADRASFERT,1.068413,56.69,53.06
2026-06-26,MADRASFERT,1.025593,70.53,68.77
2026-03-26,MAFANG,0.978322,156.15,159.61
2026-04-03,MAFANG,0.969003,149.74,154.53
2026-06-26,MAFANG,1.023208,190.9,186.57
2026-06-26,MAFATIND,1.045214,150.03,143.54
2025-10-22,MAGADSUGAR,0.968576,547.1,564.85
2026-01-26,MAGADSUGAR,1.037583,443.1,427.05
2026-03-03,MAGADSUGAR,1.023833,459.65,448.95
2026-03-26,MAGADSUGAR,0.969468,436.6,450.35
2026-03-31,MAGADSUGAR,0.956697,461.75,482.65
2026-05-01,MAGADSUGAR,0.969691,513.5,529.55
2025-10-22,MAGNUM,0.968127,24.3,25.1
2026-01-26,MAGNUM,1.042638,21.03,20.17
2026-03-03,MAGNUM,1.041647,21.76,20.89
2026-03-26,MAGNUM,0.924903,16.75,18.11
2026-03-31,MAGNUM,1.025135,17.13,16.71
2026-04-03,MAGNUM,0.934615,19.44,20.8
2026-04-14,MAGNUM,1.02729,22.21,21.62
2026-05-28,MAGNUM,0.977634,19.67,20.12
2025-11-05,MAGSON,0.952423,107.1,112.45
2026-01-26,MAGSON,0.972868,125.5,129.0
2026-02-02,MAGSON,1.022388,137.0,134.0
2026-03-03,MAGSON,1.02963,139.0,135.0
2026-06-26,MAGSON,0.971429,170.0,175.0
2025-11-05,MAHABANK,1.025667,59.94,58.44
2026-02-02,MAHABANK,0.925846,60.43,65.27
2026-03-03,MAHABANK,1.038622,74.76,71.98
2026-03-26,MAHABANK,0.975118,63.88,65.51
2026-03-31,MAHABANK,1.051035,64.46,61.33
2026-04-03,MAHAPE-RE,1.361736,42.99,31.57
2025-10-22,MAHAPEXLTD,0.96853,94.79,97.87
2026-01-26,MAHAPEXLTD,1.02027,96.64,94.72
2026-03-03,MAHAPEXLTD,1.048668,90.93,86.71
2026-03-31,MAHAPEXLTD,1.043112,52.02,49.87
2026-04-03,MAHAPEXLTD,1.158251,52.99,45.75
2026-04-14,MAHAPEXLTD,1.02502,51.21,49.96
2026-05-28,MAHAPEXLTD,1.041667,50.75,48.72
2025-12-25,MAHASTEEL,0.979001,909.1,928.6
2026-01-15,MAHASTEEL,1.020367,851.7,834.7
2026-03-31,MAHASTEEL,1.025322,973.8,949.75
2026-04-14,MAHASTEEL,1.020477,946.85,927.85
2026-05-01,MAHASTEEL,1.026158,870.9,848.7
2026-05-28,MAHASTEEL,0.971956,906.3,932.45
2025-10-22,MAHEPC,0.978563,139.23,142.28
2025-11-05,MAHEPC,1.021741,142.87,139.83
2026-01-26,MAHEPC,1.021373,119.47,116.97
2026-03-03,MAHEPC,1.069876,118.66,110.91
2026-03-31,MAHEPC,1.082623,100.37,92.71
2026-04-03,MAHEPC,0.977661,100.66,102.96
2026-04-14,MAHEPC,0.88795,112.45,126.64
2026-06-26,MAHEPC,0.976304,118.25,121.12
2025-12-25,MAHESHWARI,0.972499,48.8,50.18
2026-04-14,MAHESHWARI,1.021517,47.0,46.01
2026-06-26,MAHESHWARI,0.978672,72.5,74.08
2025-10-22,MAHICKRA,0.949153,154.0,162.25
2025-12-25,MAHICKRA,0.964401,149.0,154.5
2026-01-15,MAHICKRA,0.971609,154.0,158.5
2026-01-26,MAHICKRA,0.976024,160.8,164.75
2026-03-26,MAHICKRA,0.958738,197.5,206.0
2025-10-22,MAHKTECH,1.039664,27.26,26.22
2025-11-05,MAHKTECH,1.023599,27.76,27.12
2026-01-15,MAHKTECH,0.970242,26.41,27.22
2026-02-02,MAHKTECH,0.976778,26.5,27.13
2026-03-03,MAHKTECH,1.026448,24.45,23.82
2026-03-26,MAHKTECH,0.97619,22.14,22.68
2026-03-31,MAHKTECH,1.037171,22.88,22.06
2026-04-03,MAHKTECH,1.027015,23.19,22.58
2026-04-14,MAHKTECH,1.020497,23.4,22.93
2026-06-26,MAHKTECH,1.03268,22.12,21.42
2026-01-15,MAHLIFE,0.97701,367.6,376.25
2026-03-03,MAHLIFE,1.027439,357.6,348.05
2026-03-26,MAHLIFE,0.972132,327.9,337.3
2026-03-31,MAHLIFE,1.055225,310.5,294.25
2026-04-14,MAHLIFE,1.020728,344.7,337.7
2026-02-02,MAHLOG,0.964513,347.9,360.7
2026-03-03,MAHLOG,1.035022,413.75,399.75
2026-03-26,MAHLOG,0.970012,359.05,370.15
2026-03-31,MAHLOG,1.048377,348.9,332.8
2026-06-26,MAHLOG,1.025272,377.3,368.0
2026-01-15,MAHSCOOTER,0.965175,13802.0,14300.0
2026-02-02,MAHSCOOTER,0.979016,13157.0,13439.0
2026-03-26,MAHSCOOTER,0.978801,12005.0,12265.0
2026-03-31,MAHSCOOTER,1.05302,11698.0,11109.0
2026-04-14,MAHSCOOTER,1.021618,13421.0,13137.0
2025-10-22,MAHSEAMLES,0.977138,570.6,583.95
2026-02-02,MAHSEAMLES,0.975293,507.25,520.1
2026-03-26,MAHSEAMLES,0.94972,550.6,579.75
2026-06-26,MAHSEAMLES,1.032463,648.8,628.4
2025-10-22,MAITHANALL,0.979176,1072.1,1094.9
2026-01-15,MAITHANALL,0.945165,1063.5,1125.2
2026-01-26,MAITHANALL,1.035152,1013.0,978.6
2026-03-31,MAITHANALL,1.054615,878.6,833.1
2026-05-28,MAITHANALL,0.922754,934.75,1013.0
2026-06-26,MAITHANALL,1.020932,1034.0,1012.8
2025-10-22,MAITREYA,0.97619,246.0,252.0
2026-01-26,MAITREYA,1.021463,209.4,205.0
2026-02-02,MAITREYA,1.075104,206.85,192.4
2026-03-03,MAITREYA,1.053472,198.0,187.95
2026-04-14,MAITREYA,1.05541,180.95,171.45
2026-05-28,MAITREYA,1.023362,168.65,164.8
2026-02-02,MAKEINDIA,0.97565,149.05,152.77
2025-11-05,MAKS,1.051829,34.5,32.8
2025-12-25,MAKS,0.953376,29.65,31.1
2026-03-31,MAKS,1.05104,27.8,26.45
2025-10-22,MAL,0.95614,49.05,51.3
2025-11-05,MAL,0.971946,53.7,55.25
2025-12-25,MAL,0.964008,49.55,51.4
2026-01-26,MAL,1.052632,50.0,47.5
2026-02-02,MAL,1.022926,46.85,45.8
2026-03-03,MAL,1.050617,42.55,40.5
2026-03-31,MAL,0.965839,31.1,32.2
2026-04-03,MAL,1.022936,33.45,32.7
2026-04-14,MAL,1.051282,41.0,39.0
2026-05-01,MAL,0.970207,37.45,38.6
2025-10-22,MALLCOM,0.972237,1446.3,1487.6
2026-01-15,MALLCOM,1.02746,1115.0,1085.2
2026-03-03,MALLCOM,1.024788,1157.6,1129.6
2026-03-31,MALLCOM,1.037191,973.3,938.4
2026-04-14,MALLCOM,1.021972,1113.95,1090.0
2026-05-28,MALLCOM,0.956693,996.3,1041.4
2026-06-26,MALLCOM,1.043504,1050.6,1006.8
2026-01-26,MALUPAPER,1.029925,33.04,32.08
2026-03-26,MALUPAPER,0.923765,29.93,32.4
2026-03-31,MALUPAPER,1.094326,29.7,27.14
2026-04-03,MALUPAPER,0.973701,29.99,30.8
2026-04-14,MALUPAPER,1.030117,33.52,32.54
2026-05-01,MALUPAPER,1.026753,33.39,32.52
2025-11-05,MAMATA,0.963266,435.3,451.9
2026-01-26,MAMATA,1.027023,393.35,383.0
2026-02-02,MAMATA,0.956402,380.6,397.95
2026-03-03,MAMATA,1.03536,437.75,422.8
2026-03-31,MAMATA,1.071345,320.6,299.25
2026-04-03,MAMATA,0.949182,325.0,342.4
2026-04-14,MAMATA,0.957051,373.25,390.0
2026-05-01,MAMATA,0.971514,405.85,417.75
2025-10-22,MANAKALUCO,0.968816,27.65,28.54
2025-11-05,MANAKALUCO,1.034545,28.75,27.79
2026-01-15,MANAKALUCO,0.835279,45.08,53.97
2026-01-26,MANAKALUCO,1.052592,55.64,52.86
2026-02-02,MANAKALUCO,0.950081,40.92,43.07
2026-03-31,MANAKALUCO,1.051978,22.87,21.74
2026-04-03,MANAKALUCO,0.973549,22.82,23.44
2026-05-01,MANAKALUCO,1.049035,39.15,37.32
2026-05-28,MANAKALUCO,0.924448,34.75,37.59
2026-06-26,MANAKALUCO,0.979051,36.92,37.71
2025-11-05,MANAKCOAT,1.039158,162.94,156.8
2026-01-15,MANAKCOAT,0.960877,128.45,133.68
2026-02-02,MANAKCOAT,0.973496,124.15,127.53
2026-03-26,MANAKCOAT,0.947451,102.41,108.09
2026-03-31,MANAKCOAT,1.031534,99.77,96.72
2026-04-03,MANAKCOAT,0.962386,100.04,103.95
2026-05-01,MANAKCOAT,1.030765,112.24,108.89
2026-06-26,MANAKCOAT,1.0216,106.89,104.63
2025-11-05,MANAKSIA,1.03387,68.68,66.43
2026-01-26,MANAKSIA,1.028975,67.83,65.92
2026-02-02,MANAKSIA,1.021926,65.25,63.85
2026-03-03,MANAKSIA,1.044698,59.6,57.05
2026-03-31,MANAKSIA,1.06441,45.28,42.54
2026-05-28,MANAKSIA,0.96686,61.56,63.67
2026-01-15,MANAKSTEEL,0.975729,61.91,63.45
2026-01-26,MANAKSTEEL,1.029973,60.48,58.72
2026-02-02,MANAKSTEEL,1.049991,61.33,58.41
2026-03-03,MANAKSTEEL,1.043604,57.92,55.5
2026-03-26,MANAKSTEEL,0.9507,48.21,50.71
2026-03-31,MANAKSTEEL,1.049793,48.28,45.99
2026-04-03,MANAKSTEEL,0.978958,48.85,49.9
2026-04-14,MANAKSTEEL,1.032644,56.94,55.14
2026-05-01,MANAKSTEEL,0.979914,68.3,69.7
2026-05-28,MANAKSTEEL,1.04627,72.36,69.16
2026-01-26,MANALIPETC,1.039708,55.51,53.39
2026-03-03,MANALIPETC,1.032998,55.41,53.64
2026-03-31,MANALIPETC,1.047994,41.27,39.38
2026-04-03,MANALIPETC,0.974335,41.76,42.86
2026-06-26,MANALIPETC,1.038564,65.98,63.53
2025-12-25,MANAPPURAM,0.937212,294.8,314.55
2026-02-02,MANAPPURAM,0.948182,269.9,284.65
2026-03-26,MANAPPURAM,0.963026,252.65,262.35
2025-12-25,MANAV,0.953642,28.8,30.2
2026-01-26,MANAV,1.052632,29.0,27.55
2026-04-14,MANAV,1.039326,37.0,35.6
2026-05-01,MANAV,1.051383,39.9,37.95
2026-05-28,MANAV,0.953863,44.45,46.6
2026-06-26,MANAV,1.051984,38.45,36.55
2025-11-05,MANBA,1.020547,145.03,142.11
2026-02-02,MANBA,0.96629,129.28,133.79
2026-03-03,MANBA,1.028316,120.93,117.6
2026-03-31,MANBA,1.043677,104.9,100.51
2026-04-03,MANBA,0.967026,102.35,105.84
2026-01-15,MANCREDIT,0.977492,159.38,163.05
2026-02-02,MANCREDIT,1.031457,171.49,166.26
2026-05-28,MANCREDIT,0.892085,170.87,191.54
2026-01-26,MANDEEP,1.051471,21.45,20.4
2026-02-02,MANDEEP,0.975,19.5,20.0
2026-03-31,MANDEEP,1.04611,18.15,17.35
2026-04-03,MANDEEP,0.965517,18.2,18.85
2026-01-15,MANGALAM,0.952423,42.64,44.77
2026-01-26,MANGALAM,1.052442,46.76,44.43
2026-02-02,MANGALAM,0.95,34.39,36.2
2026-03-03,MANGALAM,1.043042,29.08,27.88
2026-03-26,MANGALAM,0.979612,29.31,29.92
2026-03-31,MANGALAM,1.047882,28.45,27.15
2026-04-03,MANGALAM,0.964467,28.5,29.55
2026-04-14,MANGALAM,1.020182,31.34,30.72
2026-02-02,MANGLMCEM,0.979034,768.15,784.6
2026-03-03,MANGLMCEM,1.044955,908.85,869.75
2026-03-31,MANGLMCEM,1.021847,783.45,766.7
2026-04-14,MANGLMCEM,0.978023,865.55,885.0
2026-03-03,MANILAM,0.974907,52.45,53.8
2026-03-26,MANILAM,1.027273,56.5,55.0
2026-05-01,MANILAM,1.049138,60.85,58.0
2026-05-28,MANILAM,0.971751,60.2,61.95
2026-01-26,MANINDS,1.036181,325.05,313.7
2026-03-03,MANINDS,1.042071,461.95,443.3
2026-03-26,MANINDS,0.973543,336.7,345.85
2026-03-31,MANINDS,1.035181,329.55,318.35
2026-05-28,MANINDS,1.03566,547.45,528.6
2026-06-26,MANINDS,1.042783,593.5,569.15
2026-01-15,MANINFRA,1.021973,118.6,116.05
2026-02-02,MANINFRA,0.960033,105.69,110.09
2026-03-03,MANINFRA,1.03939,106.34,102.31
2026-03-26,MANINFRA,0.975481,86.73,88.91
2026-03-31,MANINFRA,1.109765,87.05,78.44
2025-12-25,MANOMAY,1.024982,209.25,204.15
2026-01-26,MANOMAY,1.021586,225.27,220.51
2026-03-03,MANOMAY,1.030436,223.45,216.85
2026-03-26,MANOMAY,0.939927,217.64,231.55
2026-04-14,MANOMAY,1.034146,222.6,215.25
2026-05-01,MANOMAY,1.03252,242.89,235.24
2026-06-26,MANOMAY,0.978617,181.23,185.19
2025-11-05,MANORAMA,1.041072,1378.9,1324.5
2026-03-03,MANORAMA,1.029374,1426.3,1385.6
2026-03-31,MANORAMA,1.069823,1208.9,1130.0
2026-05-01,MANORAMA,0.976673,1473.8,1509.0
2026-01-15,MANORG,1.061874,498.55,469.5
2026-03-31,MANORG,1.043999,383.2,367.05
2026-01-26,MANUGRAPH,1.022133,15.24,14.91
2026-03-03,MANUGRAPH,1.050765,15.11,14.38
2026-03-31,MANUGRAPH,1.096311,10.7,9.76
2026-04-03,MANUGRAPH,0.963652,10.87,11.28
2026-04-14,MANUGRAPH,1.036491,13.35,12.88
2026-05-28,MANUGRAPH,1.026745,15.74,15.33
2026-03-03,MANYAVAR,1.04209,389.95,374.2
2026-04-14,MANYAVAR,0.94774,396.25,418.1
2026-05-01,MANYAVAR,1.027287,438.6,426.95
2026-01-15,MAPMYINDIA,1.023847,1562.8,1526.4
2026-01-26,MAPMYINDIA,1.031023,1346.0,1305.5
2026-02-02,MAPMYINDIA,0.966084,1276.1,1320.9
2026-03-03,MAPMYINDIA,1.023861,1034.1,1010.0
2026-03-26,MAPMYINDIA,0.974865,868.8,891.2
2026-03-31,MAPMYINDIA,1.053052,843.6,801.1
2026-06-26,MAPMYINDIA,1.024683,861.4,840.65
2026-01-15,MARALOVER,0.972229,41.66,42.85
2026-01-26,MARALOVER,1.048544,38.88,37.08
2026-03-03,MARALOVER,1.042765,45.11,43.26
2026-03-26,MARALOVER,0.966776,38.41,39.73
2026-03-31,MARALOVER,1.073708,38.02,35.41
2026-04-03,MARALOVER,0.961618,37.33,38.82
2026-06-26,MARALOVER,1.021141,56.03,54.87
2025-12-25,MARATHON,1.036527,519.3,501.0
2026-02-02,MARATHON,0.972965,503.85,517.85
2026-03-03,MARATHON,1.031563,433.05,419.8
2026-03-31,MARATHON,1.029933,392.25,380.85
2026-04-03,MARATHON,0.963247,395.75,410.85
2026-04-14,MARATHON,0.966093,448.75,464.5
2025-12-25,MARC,1.315417,93.0,70.7
2026-02-02,MARC,0.953289,50.0,52.45
2026-04-03,MARC,0.978226,60.65,62.0
2026-06-26,MARC,1.052392,92.4,87.8
2025-10-22,MARCO,1.045783,43.4,41.5
2025-11-05,MARCO,0.970238,40.75,42.0
2025-12-25,MARCO,1.046512,40.5,38.7
2026-02-02,MARCO,1.09707,29.95,27.3
2026-03-03,MARCO,1.048387,32.5,31.0
2026-05-01,MARCO,1.052632,40.0,38.0
2026-05-28,MARCO,1.048295,36.9,35.2
2026-06-26,MARCO,0.935484,29.0,31.0
2026-04-03,MARICO,0.977868,744.5,761.35
2025-10-22,MARINE,0.979152,224.97,229.76
2026-01-26,MARINE,1.068567,182.18,170.49
2026-03-03,MARINE,1.026127,192.05,187.16
2026-03-26,MARINE,0.975378,165.59,169.77
2026-03-31,MARINE,1.063942,161.4,151.7
2026-06-26,MARINE,1.023814,275.15,268.75
2025-12-25,MARINETRAN,0.952471,25.05,26.3
2026-01-15,MARINETRAN,0.954774,19.0,19.9
2026-01-26,MARINETRAN,1.04878,17.2,16.4
2026-02-03,MARINETRAN,1.047923,16.4,15.65
2026-03-26,MARINETRAN,0.953079,16.25,17.05
2025-10-22,MARKOLINES,0.969159,169.38,174.77
2026-01-26,MARKOLINES,1.025729,137.14,133.7
2025-10-22,MARKSANS,0.979967,176.59,180.2
2026-01-26,MARKSANS,1.039995,169.8,163.27
2026-02-02,MARKSANS,1.025694,168.06,163.85
2026-03-31,MARKSANS,1.039454,163.08,156.89
2026-05-28,MARKSANS,1.022145,254.79,249.27
2026-06-26,MARKSANS,1.027141,263.02,256.07
2026-03-26,MARSONS,0.968308,131.99,136.31
2026-03-31,MARSONS,1.074408,132.12,122.97
2026-04-14,MARSONS,0.907279,136.99,150.99
2026-05-01,MARSONS,1.060506,163.53,154.2
2026-06-26,MARSONS,1.0418,117.14,112.44
2026-03-26,MARUSHIKA,0.926601,89.0,96.05
2026-05-28,MARUSHIKA,0.952353,80.95,85.0
2026-02-02,MARUTI,0.972601,14199.0,14599.0
2026-03-03,MARUTI,1.032597,14857.0,14388.0
2026-04-14,MARUTI,1.048409,13709.0,13076.0
2026-06-26,MARUTI,0.963841,13248.0,13745.0
2025-11-05,MASFIN,1.023657,320.2,312.8
2026-02-02,MASFIN,0.96803,314.9,325.3
2026-03-03,MASFIN,1.02854,324.35,315.35
2026-03-31,MASFIN,1.044878,292.2,279.65
2026-05-01,MASFIN,0.958811,325.9,339.9
2026-05-28,MASFIN,0.970831,306.2,315.4
2025-10-22,MASKINVEST,0.916135,202.31,220.83
2025-11-05,MASKINVEST,1.051716,172.25,163.78
2025-12-25,MASKINVEST,0.960941,155.24,161.55
2026-01-15,MASKINVEST,1.041901,137.01,131.5
2026-01-26,MASKINVEST,0.960684,140.5,146.25
2026-02-02,MASKINVEST,0.97934,141.26,144.24
2026-03-03,MASKINVEST,1.058216,145.42,137.42
2026-03-26,MASKINVEST,0.937113,125.77,134.21
2026-03-31,MASKINVEST,1.052324,127.71,121.36
2026-04-14,MASKINVEST,0.958807,135.0,140.8
2026-05-01,MASKINVEST,1.024572,159.7,155.87
2026-06-26,MASKINVEST,1.030184,157.0,152.4
2026-01-15,MASON,1.021138,188.4,184.5
2026-03-03,MASON,1.041046,157.25,151.05
2026-03-26,MASON,0.95,128.25,135.0
2026-03-31,MASON,1.051647,129.3,122.95
2026-04-03,MASON,0.960182,137.45,143.15
2026-04-03,MASPTOP50,0.969501,67.39,69.51
2026-01-26,MASTEK,1.051557,2111.0,2007.5
2026-03-31,MASTEK,1.041276,1397.6,1342.2
2026-04-03,MASTEK,0.970165,1463.3,1508.3
2026-01-15,MASTER,1.032258,320.0,310.0
2026-03-26,MASTER,1.052169,299.5,284.65
2026-04-14,MASTER,0.968116,334.0,345.0
2026-05-01,MASTER,1.049536,339.0,323.0
2026-01-26,MASTERTR,1.040884,103.62,99.55
2026-02-02,MASTERTR,0.944439,95.02,100.61
2026-03-03,MASTERTR,1.041529,88.28,84.76
2026-03-31,MASTERTR,1.056266,59.51,56.34
2026-04-03,MASTERTR,0.910683,67.6,74.23
2026-06-26,MASTERTR,1.025194,78.13,76.21
2026-03-31,MATRIMONY,0.959624,408.8,426.0
2025-12-25,MAWANASUG,1.020813,85.34,83.6
2026-01-26,MAWANASUG,1.030465,80.84,78.45
2026-02-02,MAWANASUG,0.960789,78.9,82.12
2026-03-03,MAWANASUG,1.041295,81.7,78.46
2026-03-31,MAWANASUG,0.919065,86.87,94.52
2026-05-01,MAWANASUG,0.918783,103.85,113.03
2026-06-26,MAWANASUG,1.077185,113.74,105.59
2026-01-26,MAXESTATES,1.02978,390.75,379.45
2026-02-02,MAXESTATES,0.961968,370.55,385.2
2026-03-31,MAXESTATES,1.070931,330.65,308.75
2026-04-03,MAXESTATES,0.978336,325.15,332.35
2026-05-01,MAXESTATES,1.021722,399.8,391.3
2026-02-02,MAXHEALTH,1.020798,976.7,956.8
2026-06-26,MAXHEALTH,0.962923,1081.7,1123.35
2026-03-03,MAXIND,1.020665,152.62,149.53
2026-03-31,MAXIND,1.067969,131.2,122.85
2026-04-03,MAXIND,0.97734,141.04,144.31
2026-04-14,MAXIND,1.022483,155.08,151.67
2026-05-28,MAXIND,0.879277,151.86,172.71
2026-06-26,MAXIND,1.040996,165.56,159.04
2025-11-05,MAXPOSURE,1.026112,53.05,51.7
2025-12-25,MAXPOSURE,0.974174,47.15,48.4
2026-01-15,MAXPOSURE,1.033592,40.0,38.7
2026-02-02,MAXPOSURE,0.9575,38.3,40.0
2026-03-03,MAXPOSURE,1.057971,36.5,34.5
2026-03-26,MAXPOSURE,1.02924,35.2,34.2
2026-04-03,MAXPOSURE,0.944206,33.0,34.95
2025-10-22,MAXVOLT,1.037351,287.45,277.1
2026-01-15,MAXVOLT,1.052531,469.85,446.4
2026-01-26,MAXVOLT,1.052527,345.65,328.4
2026-02-02,MAXVOLT,1.049984,337.15,321.1
2026-03-03,MAXVOLT,1.052532,306.55,291.25
2026-03-26,MAXVOLT,0.954673,288.55,302.25
2026-03-31,MAXVOLT,1.052603,287.15,272.8
2026-04-03,MAXVOLT,0.955226,280.55,293.7
2026-04-14,MAXVOLT,0.94663,340.55,359.75
2026-01-15,MAYASHEEL,1.052632,61.0,57.95
2026-01-26,MAYASHEEL,1.051818,57.85,55.0
2026-03-26,MAYASHEEL,0.941402,49.0,52.05
2026-06-26,MAYASHEEL,1.078071,46.95,43.55
2026-01-26,MAYURUNIQ,0.975941,488.8,500.85
2026-02-02,MAYURUNIQ,1.028111,526.65,512.25
2026-03-26,MAYURUNIQ,0.970478,516.1,531.8
2026-03-31,MAYURUNIQ,1.037018,512.65,494.35
2026-04-03,MAYURUNIQ,0.979958,518.3,528.9
2026-05-28,MAYURUNIQ,0.959699,746.55,777.9
2025-10-22,MAZDA,0.976975,275.8,282.3
2026-02-02,MAZDA,0.957933,192.19,200.63
2026-03-26,MAZDA,0.930674,170.76,183.48
2026-03-31,MAZDA,1.062376,171.17,161.12
2026-04-14,MAZDA,1.022484,202.82,198.36
2026-05-28,MAZDA,1.050718,218.77,208.21
2026-06-26,MAZDA,1.038657,244.77,235.66
2025-11-05,MAZDOCK,1.02445,2748.6,2683.0
2026-01-26,MAZDOCK,1.029195,2369.0,2301.8
2026-02-02,MAZDOCK,0.930662,2394.5,2572.9
2026-03-31,MAZDOCK,1.047308,2162.9,2065.2
2026-04-03,MAZDOCK,1.023669,2318.2,2264.6
2026-03-03,MBAPL,1.041088,468.75,450.25
2026-03-26,MBAPL,0.976034,454.1,465.25
2026-04-03,MBAPL,0.949318,504.8,531.75
2026-05-28,MBAPL,1.037847,548.45,528.45
2025-12-25,MBEL,0.942251,368.75,391.35
2026-01-15,MBEL,1.021224,348.85,341.6
2026-01-26,MBEL,1.062971,317.35,298.55
2026-02-02,MBEL,0.966294,306.75,317.45
2026-03-26,MBEL,0.926214,249.8,269.7
2026-03-31,MBEL,1.078163,244.15,226.45
2026-04-03,MBEL,0.95242,253.62,266.29
2026-01-26,MBLINFRA,1.039654,26.48,25.47
2026-02-02,MBLINFRA,0.891923,23.52,26.37
2026-03-03,MBLINFRA,1.026531,26.31,25.63
2026-03-26,MBLINFRA,0.947869,20.91,22.06
2026-04-03,MBLINFRA,0.946461,20.86,22.04
2026-04-14,MBLINFRA,1.024218,27.49,26.84
2026-06-26,MBLINFRA,1.0356,25.89,25.0
2025-12-25,MCL,0.91395,49.07,53.69
2026-01-15,MCL,0.952412,73.05,76.7
2026-01-26,MCL,1.020331,91.34,89.52
2026-03-03,MCL,0.952452,63.5,66.67
2026-03-31,MCL,1.050767,57.54,54.76
2026-04-03,MCL,0.952452,57.49,60.36
2025-10-22,MCLEODRUSS,0.952455,60.9,63.94
2025-12-25,MCLEODRUSS,0.952422,44.44,46.66
2026-01-26,MCLEODRUSS,1.022073,41.21,40.32
2026-02-02,MCLEODRUSS,0.976394,42.19,43.21
2026-03-03,MCLEODRUSS,1.058107,41.7,39.41
2026-03-26,MCLEODRUSS,0.965923,32.03,33.16
2026-03-31,MCLEODRUSS,1.090784,31.6,28.97
2026-04-03,MCLEODRUSS,0.909247,31.86,35.04
2026-04-14,MCLEODRUSS,0.952454,43.47,45.64
2026-05-01,MCLEODRUSS,1.028271,55.65,54.12
2026-06-26,MCLEODRUSS,1.020344,61.19,59.97
2025-11-05,MCLOUD,0.973031,58.81,60.44
2026-02-02,MCLOUD,1.023183,22.95,22.43
2026-03-03,MCLOUD,1.052455,25.08,23.83
2026-03-31,MCLOUD,1.031834,20.42,19.79
2026-04-03,MCLOUD,0.979669,20.72,21.15
2026-05-01,MCLOUD,0.960705,26.16,27.23
2026-06-26,MCLOUD,1.031331,27.98,27.13
2025-10-22,MCON,0.952823,66.65,69.95
2025-11-05,MCON,1.052632,74.0,70.3
2026-01-15,MCON,0.971545,59.75,61.5
2026-01-26,MCON,1.052632,58.0,55.1
2026-03-31,MCON,1.05291,39.8,37.8
2026-04-03,MCON,0.909747,37.8,41.55
2026-04-14,MCON,1.052536,58.1,55.2
2026-05-01,MCON,0.953184,50.9,53.4
2026-05-28,MCON,1.025641,40.0,39.0
2026-06-26,MCON,1.021739,47.0,46.0
2025-11-05,MCX,1.021554,9526.5,9325.5
2026-01-15,MCX,0.948697,2293.0,2417.0
2026-02-02,MCX,0.883426,2233.3,2528.0
2026-03-03,MCX,0.976851,2443.3,2501.2
2026-04-14,MCX,0.965216,2669.4,2765.6
2026-05-28,MCX,1.047111,3307.3,3158.5
2026-03-03,MDL,0.978261,45.0,46.0
2026-03-31,MDL,1.052632,60.0,57.0
2026-04-03,MDL,1.047179,56.6,54.05
2026-04-14,MDL,1.106719,56.0,50.6
2026-05-01,MDL,1.021277,48.0,47.0
2026-06-26,MDL,0.96497,73.0,75.65
2025-11-05,MEDANTA,1.020251,1274.6,1249.3
2026-01-26,MEDANTA,1.033398,1064.4,1030.0
2026-02-02,MEDANTA,1.062915,1120.1,1053.8
2026-03-26,MEDANTA,0.962919,973.8,1011.3
2026-03-31,MEDANTA,1.025179,985.3,961.1
2026-05-01,MEDANTA,1.023003,1142.95,1117.25
2025-10-22,MEDIASSIST,0.973496,545.45,560.3
2025-11-05,MEDIASSIST,1.026049,571.15,556.65
2026-03-03,MEDIASSIST,1.040123,370.7,356.4
2026-03-31,MEDIASSIST,1.022409,303.4,296.75
2026-05-01,MEDIASSIST,0.958847,330.85,345.05
2026-06-26,MEDIASSIST,1.031392,374.55,363.15
2026-01-26,MEDICAMEQ,1.041613,365.45,350.85
2026-02-02,MEDICAMEQ,1.025577,350.85,342.1
2026-03-26,MEDICAMEQ,0.964151,242.05,251.05
2026-03-31,MEDICAMEQ,1.069413,238.8,223.3
2026-05-01,MEDICAMEQ,0.979374,249.28,254.53
2026-05-28,MEDICAMEQ,0.956781,272.3,284.6
2025-10-22,MEDICO,0.956097,47.91,50.11
2026-01-26,MEDICO,0.926357,49.31,53.23
2026-02-02,MEDICO,0.96364,49.03,50.88
2026-03-03,MEDICO,1.04457,44.53,42.63
2026-05-01,MEDICO,0.955744,40.6,42.48
2025-11-05,MEDIORG,0.959459,31.95,33.3
2026-01-15,MEDIORG,1.028807,25.0,24.3
2026-01-26,MEDIORG,0.953488,22.55,23.65
2026-02-02,MEDIORG,1.04878,27.95,26.65
2026-03-03,MEDIORG,1.052632,24.0,22.8
2026-03-26,MEDIORG,0.952381,21.0,22.05
2026-04-03,MEDIORG,0.952688,22.15,23.25
2026-06-26,MEDIORG,1.052632,25.0,23.75
2025-11-05,MEDISTEP,1.06867,24.9,23.3
2026-03-03,MEDISTEP,1.022727,22.5,22.0
2026-03-31,MEDISTEP,1.051515,17.35,16.5
2026-04-14,MEDISTEP,1.051213,19.5,18.55
2026-05-28,MEDISTEP,1.023684,19.45,19.0
2026-06-26,MEDISTEP,1.055276,21.0,19.9
2026-02-02,MEDPLUS,1.028788,821.95,798.95
2025-12-25,MEESHO,0.95321,187.83,197.05
2026-02-02,MEESHO,0.950043,165.45,174.15
2026-03-03,MEESHO,1.028808,159.99,155.51
2026-03-31,MEESHO,1.037393,145.65,140.4
2026-04-14,MEESHO,1.026866,163.59,159.31
2026-05-01,MEESHO,0.894113,172.68,193.13
2026-05-28,MEESHO,1.027822,193.21,187.98
2025-11-05,MEGAFLEX,0.952697,57.4,60.25
2026-01-26,MEGAFLEX,1.029703,104.0,101.0
2026-02-02,MEGAFLEX,1.037247,110.0,106.05
2025-10-22,MEGASOFT,0.952633,152.85,160.45
2025-12-25,MEGASOFT,0.952395,192.66,202.29
2026-01-15,MEGASOFT,0.955009,189.34,198.26
2026-01-26,MEGASTAR,0.959405,210.1,218.99
2026-03-03,MEGASTAR,1.044874,226.79,217.05
2026-04-03,MEGASTAR,0.978047,258.4,264.2
2026-04-14,MEGASTAR,1.023076,283.75,277.35
2025-10-22,MEGATHERM,0.975043,257.85,264.45
2026-03-03,MEGATHERM,1.034223,213.05,206.0
2026-04-03,MEGATHERM,0.945195,192.3,203.45
2026-05-01,MEGATHERM,1.041064,287.75,276.4
2026-05-28,MEGATHERM,0.932155,213.65,229.2
2026-06-26,MEGATHERM,1.021689,221.4,216.7
2026-01-15,MEIL,1.028214,357.15,347.35
2026-01-26,MEIL,1.049992,309.8,295.05
2026-03-26,MEIL,0.941286,227.33,241.51
2026-03-31,MEIL,1.059077,220.86,208.54
2026-04-03,MEIL,0.975272,232.7,238.6
2026-06-26,MENNPIS,0.970259,65.9,67.92
2026-01-26,MENONBE,1.022297,124.71,121.99
2026-03-03,MENONBE,1.029615,116.12,112.78
2026-03-31,MENONBE,1.064004,109.22,102.65
2026-05-01,MENONBE,0.968457,121.89,125.86
2026-06-26,MENONBE,1.047124,169.32,161.7
2026-01-26,MEP,1.02,1.53,1.5
2026-03-03,MEP,1.020202,1.01,0.99
2026-05-01,MERCANTILE,0.978402,22.65,23.15
2026-05-28,MERCANTILE,1.023791,26.25,25.64
2026-06-26,MERCURYEV,1.020225,35.31,34.61
2026-01-15,METAL,0.973549,11.41,11.72
2026-02-02,METAL,0.960371,11.39,11.86
2026-03-26,METAL,0.975417,11.11,11.39
2026-05-01,METAL,1.024768,13.24,12.92
2026-01-15,METALIETF,0.973549,11.41,11.72
2026-02-02,METALIETF,0.960338,11.38,11.85
2026-03-26,METALIETF,0.974517,11.09,11.38
2026-05-01,METALIETF,1.028906,13.17,12.8
2025-11-05,METROBRAND,1.021497,1154.7,1130.4
2026-03-03,METROBRAND,1.038836,1056.6,1017.1
2026-05-01,METROGLOBL,0.957621,128.8,134.5
2026-06-26,METROGLOBL,0.972973,129.6,133.2
2026-01-26,METROPOLIS,1.039649,1885.3,1813.4
2026-03-03,METROPOLIS,1.024209,1903.8,1858.8
2025-11-05,MFML,1.033138,29.93,28.97
2025-12-25,MFML,1.040784,26.54,25.5
2026-01-15,MFML,0.974741,23.54,24.15
2026-02-02,MFML,1.087682,25.43,23.38
2026-03-26,MFML,0.921569,22.09,23.97
2026-03-31,MFML,1.034176,22.09,21.36
2026-04-14,MFML,0.964002,23.03,23.89
2026-05-01,MFML,1.026716,24.98,24.33
2026-05-28,MFML,0.972428,23.63,24.3
2025-11-05,MFSL,0.979591,1559.9,1592.4
2026-03-31,MFSL,1.044543,1557.1,1490.7
2026-05-28,MFSL,1.025739,1725.6,1682.3
2026-06-26,MFSL,1.031587,1662.3,1611.4
2025-12-25,MGEL,0.970149,14.3,14.74
2026-01-15,MGEL,1.080431,13.03,12.06
2026-01-26,MGEL,1.037551,12.71,12.25
2026-02-02,MGEL,0.944134,11.83,12.53
2026-03-03,MGEL,1.089921,11.03,10.12
2026-03-26,MGEL,1.076799,13.32,12.37
2026-03-31,MGEL,1.050405,11.67,11.11
2026-04-03,MGEL,1.023277,11.43,11.17
2026-04-14,MGEL,0.954618,11.99,12.56
2026-05-01,MGEL,1.021277,13.92,13.63
2026-05-28,MGEL,0.966596,13.6,14.07
2026-01-26,MGL,1.036305,1116.1,1077.0
2025-12-25,MGSL,0.835363,78.9,94.45
2026-03-26,MGSL,1.043478,78.0,74.75
2026-03-31,MGSL,1.155332,74.75,64.7
2026-04-03,MGSL,0.910626,64.7,71.05
2026-05-01,MGSL,0.962581,74.6,77.5
2026-06-26,MGSL,1.054032,63.4,60.15
2025-11-05,MHHL,1.038542,49.85,48.0
2026-01-15,MHHL,0.964824,38.4,39.8
2026-03-03,MHHL,1.024548,39.65,38.7
2026-03-26,MHHL,0.953003,36.5,38.3
2026-04-03,MHHL,0.968791,37.25,38.45
2026-06-26,MHHL,0.954738,33.75,35.35
2026-03-03,MHLXMIRU,1.037035,173.05,166.87
2026-03-26,MHLXMIRU,1.035054,172.44,166.6
2026-03-31,MHLXMIRU,1.030079,161.3,156.59
2026-03-31,MHRIL,1.054819,238.6,226.2
2025-11-05,MICEL,1.029777,53.95,52.39
2025-12-25,MICEL,0.972615,44.75,46.01
2026-01-26,MICEL,1.045842,35.59,34.03
2026-02-02,MICEL,0.957961,40.79,42.58
2026-03-03,MICEL,1.052632,37.0,35.15
2026-03-26,MICEL,0.952395,31.61,33.19
2026-03-31,MICEL,1.052386,31.54,29.97
2026-04-03,MICEL,0.952467,31.46,33.03
2026-04-14,MICEL,1.035417,39.76,38.4
2026-05-01,MICEL,1.03104,44.51,43.17
2026-06-26,MICEL,1.022019,41.31,40.42
2026-01-15,MICROPRO,1.068702,21.0,19.65
2026-01-26,MICROPRO,1.060209,20.25,19.1
2026-03-03,MICROPRO,1.0725,21.45,20.0
2026-03-26,MICROPRO,1.077143,18.85,17.5
2026-03-31,MICROPRO,1.037975,16.4,15.8
2026-05-28,MICROPRO,0.967254,19.2,19.85
2026-03-26,MID150,0.970729,20.23,20.84
2026-03-31,MID150,1.047619,20.68,19.74
2026-04-03,MID150,0.966052,19.92,20.62
2026-03-26,MID150BEES,0.976039,206.12,211.18
2026-03-31,MID150BEES,1.025961,205.5,200.3
2026-03-31,MID150CASE,1.026721,9.99,9.73
2026-03-26,MIDCAP,0.962195,15.78,16.4
2026-03-26,MIDCAPADD,1.030777,21.1,20.47
2026-03-26,MIDCAPBETA,0.977614,201.76,206.38
2026-03-31,MIDCAPBETA,1.027204,202.01,196.66
2026-03-26,MIDCAPETF,0.977436,20.36,20.83
2026-03-31,MIDCAPETF,1.028759,20.39,19.82
2026-02-02,MIDCAPIETF,0.978446,21.79,22.27
2026-03-26,MIDCAPIETF,0.977757,20.66,21.13
2026-03-31,MIDCAPIETF,1.023869,20.59,20.11
2025-11-05,MIDHANI,1.031838,392.15,380.05
2026-01-15,MIDHANI,0.97362,341.4,350.65
2026-01-26,MIDHANI,1.037913,342.2,329.7
2026-02-02,MIDHANI,0.940706,353.0,375.25
2026-03-31,MIDHANI,1.061379,287.05,270.45
2026-05-01,MIDHANI,1.022826,398.8,389.9
2026-06-26,MIDHANI,1.053262,435.05,413.05
2026-03-26,MIDQ50ADD,0.979545,217.89,222.44
2026-03-31,MIDQ50ADD,1.023108,218.28,213.35
2026-01-26,MIDSELIETF,1.021191,17.83,17.46
2026-03-26,MIDSELIETF,0.965916,15.87,16.43
2026-03-31,MIDSELIETF,1.030829,16.05,15.57
2026-02-02,MIDSMALL,0.967866,45.48,46.99
2026-03-26,MIDSMALL,0.976402,43.86,44.92
2026-03-31,MIDSMALL,1.022558,43.97,43.0
2026-01-15,MIDWESTLTD,1.041801,1550.2,1488.0
2026-01-26,MIDWESTLTD,1.050734,1331.7,1267.4
2026-02-02,MIDWESTLTD,1.048271,1385.5,1321.7
2026-03-03,MIDWESTLTD,1.058212,1292.5,1221.4
2026-03-26,MIDWESTLTD,0.967225,1236.5,1278.4
2026-03-31,MIDWESTLTD,1.040436,1193.9,1147.5
2026-05-28,MIDWESTLTD,1.026605,1242.5,1210.3
2025-11-05,MIEL,1.050459,22.9,21.8
2026-01-15,MIEL,0.963173,17.0,17.65
2026-03-26,MIEL,1.04878,12.9,12.3
2026-03-31,MIEL,1.049327,11.7,11.15
2026-04-03,MIEL,0.964602,10.9,11.3
2026-04-14,MIEL,0.954023,12.45,13.05
2026-05-01,MIEL,1.037931,15.05,14.5
2026-05-28,MIEL,1.048544,16.2,15.45
2026-01-15,MILTON,0.953064,36.55,38.35
2026-01-26,MILTON,0.968784,45.0,46.45
2026-02-02,MILTON,0.97561,48.0,49.2
2026-05-28,MILTON,1.051852,42.6,40.5
2026-01-26,MINDACORP,1.039878,564.55,542.9
2026-03-03,MINDACORP,1.027274,555.55,540.8
2026-03-26,MINDACORP,0.957992,521.1,543.95
2026-03-31,MINDACORP,1.045585,528.7,505.65
2026-04-03,MINDACORP,1.025429,514.15,501.4
2026-05-28,MINDACORP,0.953675,594.95,623.85
2025-11-05,MINDTECK,1.037958,269.35,259.5
2026-02-02,MINDTECK,0.962778,218.05,226.48
2026-03-26,MINDTECK,0.975769,161.88,165.9
2026-03-31,MINDTECK,1.068664,156.57,146.51
2026-04-03,MINDTECK,0.97541,161.84,165.92
2026-05-28,MINDTECK,0.934323,203.29,217.58
2025-11-05,MIRCELECTR,1.020112,27.39,26.85
2025-12-25,MIRCELECTR,0.971429,25.5,26.25
2026-01-15,MIRCELECTR,0.952628,31.17,32.72
2026-02-02,MIRCELECTR,1.046426,31.33,29.94
2026-03-26,MIRCELECTR,0.966885,23.65,24.46
2026-04-03,MIRCELECTR,0.977257,27.5,28.14
2026-05-01,MIRCELECTR,1.021154,33.79,33.09
2026-01-15,MIRZAINT,1.027713,35.23,34.28
2026-01-26,MIRZAINT,1.023084,33.24,32.49
2026-03-03,MIRZAINT,1.040618,34.33,32.99
2026-03-31,MIRZAINT,1.068263,26.76,25.05
2026-04-03,MIRZAINT,0.955609,27.77,29.06
2026-05-01,MIRZAINT,1.020227,33.29,32.63
2026-06-26,MIRZAINT,0.935475,33.2,35.49
2025-10-22,MITCON,0.852625,64.97,76.2
2026-01-15,MITCON,1.034143,63.0,60.92
2026-02-02,MITCON,1.024876,61.8,60.3
2026-03-03,MITCON,1.054434,58.5,55.48
2026-03-26,MITCON,0.958626,53.29,55.59
2026-03-31,MITCON,1.034288,56.71,54.83
2026-04-03,MITCON,0.974987,58.47,59.97
2026-04-14,MITCON,1.033058,70.0,67.76
2026-01-26,MITTAL,1.039216,1.06,1.02
2026-03-03,MITTAL,1.06383,1.0,0.94
2026-03-26,MITTAL,0.969697,0.96,0.99
2026-03-31,MITTAL,1.0625,0.85,0.8
2026-04-03,MITTAL,1.022989,0.89,0.87
2026-04-14,MITTAL,1.042553,0.98,0.94
2026-05-28,MITTAL,1.059406,1.07,1.01
2025-10-22,MKPL,0.967836,6.62,6.84
2026-02-02,MKPL,0.967153,5.3,5.48
2026-03-03,MKPL,1.05176,5.08,4.83
2026-03-31,MKPL,1.147287,4.44,3.87
2026-04-03,MKPL,0.888211,4.37,4.92
2026-06-26,MKPL,1.02079,4.91,4.81
2025-11-05,MMEL,1.031746,65.0,63.0
2025-12-25,MMEL,1.049949,51.5,49.05
2026-02-02,MMEL,1.084146,44.45,41.0
2026-03-03,MMEL,1.035714,29.0,28.0
2026-03-26,MMEL,1.043573,23.95,22.95
2026-04-03,MMEL,1.030829,26.75,25.95
2026-04-14,MMEL,0.965976,32.65,33.8
2026-05-28,MMEL,1.050987,31.95,30.4
2026-06-26,MMEL,0.957082,33.45,34.95
2026-01-26,MMFL,1.043869,395.0,378.4
2026-02-02,MMFL,0.973732,398.5,409.25
2026-03-31,MMFL,1.076302,399.9,371.55
2026-04-14,MMFL,0.973604,431.55,443.25
2026-05-28,MMFL,1.021267,470.6,460.8
2026-06-26,MMFL,0.977117,450.5,461.05
2025-10-22,MMP,0.971904,262.9,270.5
2025-11-05,MMP,1.022041,287.5,281.3
2026-01-15,MMP,0.978943,251.05,256.45
2026-02-02,MMP,0.952684,239.6,251.5
2026-03-03,MMP,1.031103,249.3,241.78
2026-03-26,MMP,0.978517,206.33,210.86
2026-03-31,MMP,1.065835,201.56,189.11
2026-04-03,MMP,0.940665,203.24,216.06
2026-04-14,MMP,1.025817,241.58,235.5
2026-05-01,MMP,1.024084,252.15,246.22
2026-01-15,MMTC,0.887818,63.55,71.58
2026-02-02,MMTC,0.967281,62.97,65.1
2026-03-03,MMTC,1.05603,61.82,58.54
2026-03-31,MMTC,1.058733,55.16,52.1
2026-06-26,MMTC,1.05027,72.08,68.63
2026-02-02,MNC,0.97912,30.48,31.13
2026-03-26,MNC,0.960561,29.47,30.68
2026-03-31,MNC,1.03916,29.19,28.09
2026-02-02,MOALPHA50,0.974995,47.18,48.39
2026-03-26,MOALPHA50,0.968261,45.76,47.26
2026-03-31,MOALPHA50,1.03802,46.14,44.45
2025-11-05,MOBIKWIK,1.04694,264.3,252.45
2026-01-26,MOBIKWIK,1.056139,209.01,197.9
2026-03-03,MOBIKWIK,1.050139,196.46,187.08
2026-03-31,MOBIKWIK,1.091314,169.23,155.07
2026-03-03,MOBILISE,1.188707,80.0,67.3
2026-03-26,MOBILISE,0.949807,61.5,64.75
2026-03-31,MOBILISE,1.109745,58.65,52.85
2026-04-14,MOBILISE,0.978169,69.45,71.0
2026-05-01,MOBILISE,1.050963,92.8,88.3
2026-05-28,MOBILISE,0.952793,110.0,115.45
2026-02-02,MOCAPITAL,0.94473,44.1,46.68
2026-03-26,MOCAPITAL,0.976826,44.26,45.31
2026-03-31,MOCAPITAL,1.031557,44.13,42.78
2026-02-02,MODEFENCE,0.943417,84.7,89.78
2026-03-31,MODEFENCE,1.021637,80.27,78.57
2026-03-31,MODINATUR,0.965181,277.2,287.2
2026-05-01,MODINATUR,1.021687,383.95,375.8
2026-05-28,MODINATUR,1.041756,459.05,440.65
2025-11-05,MODIRUBBER,1.021614,126.2,123.53
2025-12-25,MODIRUBBER,0.833333,126.9,152.28
2026-01-15,MODIRUBBER,0.968347,120.23,124.16
2026-02-02,MODIRUBBER,1.049932,130.37,124.17
2026-03-03,MODIRUBBER,1.047117,117.12,111.85
2026-03-31,MODIRUBBER,1.041008,110.68,106.32
2026-04-03,MODIRUBBER,1.020178,114.77,112.5
2026-05-01,MODIRUBBER,0.963618,131.9,136.88
2026-01-15,MODIS,1.049944,330.05,314.35
2026-01-26,MODIS,1.023883,317.25,309.85
2026-03-03,MODIS,1.025601,324.5,316.4
2026-03-26,MODIS,0.977986,302.1,308.9
2026-04-14,MODIS,1.025,301.35,294.0
2026-05-01,MODIS,0.965587,381.6,395.2
2026-02-02,MODISONLTD,0.94223,147.77,156.83
2026-03-03,MODISONLTD,1.037443,137.15,132.2
2026-05-28,MODISONLTD,0.914164,251.13,274.71
2026-06-26,MODISONLTD,1.049354,337.0,321.15
2025-10-22,MODTHREAD,1.033752,47.78,46.22
2026-01-15,MODTHREAD,1.031626,43.71,42.37
2026-01-26,MODTHREAD,1.080677,43.4,40.16
2026-02-02,MODTHREAD,0.969209,41.55,42.87
2026-03-03,MODTHREAD,1.097772,41.88,38.15
2026-03-26,MODTHREAD,0.971614,43.47,44.74
2026-03-31,MODTHREAD,1.049748,43.68,41.61
2026-04-03,MODTHREAD,0.957274,43.69,45.64
2026-02-02,MOENERGY,0.961735,33.93,35.28
2026-01-26,MOGOLD,0.965189,146.95,152.25
2026-02-02,MOGOLD,0.921461,151.35,164.25
2026-03-03,MOGOLD,0.951471,156.85,164.85
2026-03-26,MOGOLD,0.973221,138.1,141.9
2026-03-31,MOGOLD,0.976647,140.1,143.45
2026-06-26,MOGOLD,1.022513,140.8,137.7
2026-02-02,MOGSEC,1.027593,64.8,63.06
2026-03-26,MOHEALTH,0.97807,42.37,43.32
2025-11-05,MOHITIND,0.973534,32.37,33.25
2026-03-03,MOHITIND,1.036777,25.09,24.2
2026-03-31,MOHITIND,1.034556,19.46,18.81
2026-04-14,MOHITIND,1.033537,23.73,22.96
2026-05-28,MOHITIND,0.852632,22.68,26.6
2026-06-26,MOHITIND,1.060226,26.23,24.74
2026-01-15,MOIL,0.974649,340.25,349.1
2026-01-26,MOIL,1.023147,340.35,332.65
2026-02-02,MOIL,0.948476,347.0,365.85
2026-03-03,MOIL,1.040508,306.95,295.0
2026-03-31,MOIL,0.972286,275.4,283.25
2026-05-01,MOIL,1.072853,333.55,310.9
2026-01-26,MOINFRA,1.025009,57.38,55.98
2026-02-02,MOINFRA,0.973181,56.97,58.54
2026-03-31,MOINFRA,1.028654,56.72,55.14
2026-01-26,MOIPO,1.030172,43.02,41.76
2026-03-03,MOIPO,1.021676,42.42,41.52
2026-01-26,MOKSH,1.028812,14.64,14.23
2026-03-03,MOKSH,1.02379,12.48,12.19
2026-03-26,MOKSH,0.964462,9.77,10.13
2026-03-31,MOKSH,1.104287,9.53,8.63
2026-05-01,MOKSH,0.95818,13.06,13.63
2026-01-26,MOL,1.028341,57.33,55.75
2026-02-02,MOL,0.923985,55.55,60.12
2026-03-03,MOL,1.04726,52.74,50.36
2026-03-31,MOL,1.072401,39.4,36.74
2026-04-03,MOL,0.941478,42.31,44.94
2026-04-14,MOL,1.027105,49.64,48.33
2026-05-01,MOL,1.021459,49.98,48.93
2026-05-28,MOL,1.03095,51.63,50.08
2026-06-26,MOL,1.023501,50.52,49.36
2025-11-05,MOLDTECH,1.035864,202.47,195.46
2026-01-26,MOLDTECH,1.037702,134.59,129.7
2026-02-02,MOLDTECH,1.032687,132.69,128.49
2026-03-03,MOLDTECH,1.03307,133.39,129.12
2026-03-31,MOLDTECH,1.057837,108.46,102.53
2026-04-03,MOLDTECH,0.967443,112.92,116.72
2026-04-14,MOLDTECH,1.040796,126.03,121.09
2026-06-26,MOLDTECH,1.036814,138.0,133.1
2026-03-03,MOLDTKPAC,1.025138,577.05,562.9
2026-03-26,MOLDTKPAC,0.968446,472.65,488.05
2026-03-31,MOLDTKPAC,1.020505,482.75,473.05
2026-04-03,MOLDTKPAC,0.955428,499.45,522.75
2026-04-14,MOLDTKPAC,1.055529,561.7,532.15
2026-05-28,MOLDTKPAC,1.02119,701.2,686.65
2026-06-26,MOLOWVOL,0.970565,36.6,37.71
2026-03-26,MOM100,0.979534,58.39,59.61
2026-03-31,MOM100,1.02836,58.38,56.77
2026-02-02,MOM30IETF,0.975016,30.05,30.82
2026-03-26,MOM30IETF,0.977397,28.54,29.2
2026-03-31,MOM30IETF,1.031522,28.47,27.6
2026-03-31,MOM50,1.024384,237.78,232.12
2026-02-02,MOMENTUM,0.975578,29.96,30.71
2026-03-26,MOMENTUM,0.974129,28.24,28.99
2026-03-31,MOMENTUM,1.03214,28.26,27.38
2026-02-02,MOMENTUM30,0.979801,29.59,30.2
2026-03-26,MOMENTUM30,0.973245,28.01,28.78
2026-03-31,MOMENTUM30,1.030657,28.24,27.4
2026-04-03,MOMENTUM30,1.023887,28.29,27.63
2026-02-02,MOMENTUM50,0.978261,49.05,50.14
2026-03-26,MOMENTUM50,0.970276,46.68,48.11
2026-03-31,MOMENTUM50,1.034483,47.1,45.53
2026-03-26,MOMGF,0.976559,142.48,145.9
2026-02-02,MOMIDMTM,0.97443,59.83,61.4
2026-03-26,MOMIDMTM,0.978197,56.98,58.25
2026-03-31,MOMIDMTM,1.027454,57.26,55.73
2026-03-26,MOMNC,0.977273,28.38,29.04
2026-03-31,MOMNC,1.021803,27.65,27.06
2026-02-02,MOMOMENTUM,0.974037,59.65,61.24
2026-03-26,MOMOMENTUM,0.972337,56.59,58.2
2026-03-31,MOMOMENTUM,1.026076,56.27,54.84
2026-03-26,MON100,0.966847,228.35,236.18
2026-06-26,MON100,1.032165,336.3,325.82
2026-03-26,MON50EQUAL,0.96319,29.83,30.97
2026-01-26,MONARCH,1.024943,289.7,282.65
2026-02-02,MONARCH,0.926404,276.3,298.25
2026-03-03,MONARCH,1.039041,279.45,268.95
2026-03-31,MONARCH,0.970971,242.5,249.75
2026-05-28,MONARCH,0.954644,330.45,346.15
2026-06-26,MONARCH,1.028127,347.25,337.75
2026-03-31,MONEXT50,1.023711,61.74,60.31
2025-10-22,MONEYBOXX,0.960583,160.84,167.44
2026-01-15,MONEYBOXX,0.930855,59.1,63.49
2026-02-02,MONEYBOXX,1.072742,53.68,50.04
2026-03-03,MONEYBOXX,1.020441,63.4,62.13
2026-03-26,MONEYBOXX,0.946996,64.32,67.92
2026-03-31,MONEYBOXX,1.05953,62.65,59.13
2026-04-03,MONEYBOXX,1.040929,62.31,59.86
2026-05-01,MONEYBOXX,0.963468,72.0,74.73
2026-05-28,MONEYBOXX,1.030583,74.81,72.59
2026-03-31,MONIFTY100,1.020906,23.44,22.96
2026-03-31,MONIFTY500,1.027221,21.51,20.94
2025-11-05,MONOLITH,0.950257,509.1,535.75
2026-02-02,MONOLITH,0.957306,464.15,484.85
2026-03-26,MONOLITH,0.945943,387.6,409.75
2026-03-31,MONOLITH,1.076597,406.2,377.3
2026-05-01,MONOLITH,0.977917,491.55,502.65
2026-01-15,MONOPHARMA,0.954373,12.55,13.15
2026-01-26,MONOPHARMA,1.050691,11.4,10.85
2026-04-03,MONOPHARMA,0.969565,11.15,11.5
2026-04-14,MONOPHARMA,0.952756,12.1,12.7
2025-11-05,MONQ50,1.032596,100.42,97.25
2026-03-26,MONQ50,0.971071,97.01,99.9
2026-04-03,MONQ50,0.956184,104.53,109.32
2025-12-25,MONTECARLO,1.032476,724.85,702.05
2026-01-26,MONTECARLO,1.02253,583.2,570.35
2026-03-31,MONTECARLO,1.049475,490.0,466.9
2026-04-14,MONTECARLO,1.027793,549.15,534.3
2026-02-02,MOPSE,0.97479,99.76,102.34
2026-02-02,MOQUALITY,0.97736,194.26,198.76
2026-04-03,MOQUALITY,0.957947,182.01,190.0
2026-02-02,MORARJEE,0.979532,6.7,6.84
2026-03-03,MORARJEE,0.95356,6.16,6.46
2026-03-26,MORARJEE,1.052388,6.83,6.49
2026-03-31,MORARJEE,1.051107,6.17,5.87
2026-04-03,MORARJEE,1.051195,6.16,5.86
2026-04-14,MORARJEE,0.952685,7.45,7.82
2026-05-28,MORARJEE,1.051471,8.58,8.16
2026-06-26,MORARJEE,1.050963,9.28,8.83
2026-01-26,MOREALTY,1.034983,78.4,75.75
2026-03-26,MOREALTY,0.97427,67.4,69.18
2026-03-31,MOREALTY,1.031885,66.99,64.92
2026-01-26,MOREPENLAB,1.03863,35.49,34.17
2026-03-03,MOREPENLAB,1.046991,43.67,41.71
2026-03-31,MOREPENLAB,1.073337,36.15,33.68
2026-05-28,MOREPENLAB,1.040265,43.92,42.22
2025-10-22,MOS,0.956947,24.45,25.55
2025-12-25,MOS,0.97807,22.3,22.8
2026-02-02,MOS,0.959233,20.0,20.85
2026-03-03,MOS,1.058228,20.9,19.75
2026-03-26,MOS,1.05,10.5,10.0
2026-03-31,MOS,0.979381,9.5,9.7
2026-04-03,MOS,0.953052,10.15,10.65
2026-04-14,MOS,0.953901,13.45,14.1
2026-06-26,MOS,1.050633,12.45,11.85
2025-11-05,MOSCHIP,1.022521,247.45,242.0
2026-01-26,MOSCHIP,1.048103,177.36,169.22
2026-02-02,MOSCHIP,0.922774,194.17,210.42
2026-03-03,MOSCHIP,1.073464,194.34,181.04
2026-03-31,MOSCHIP,1.072238,158.97,148.26
2026-05-28,MOSCHIP,0.977498,203.3,207.98
2026-06-26,MOSCHIP,1.020689,208.69,204.46
2026-03-03,MOSERVICE,1.021542,32.72,32.03
2026-03-31,MOSERVICE,1.023256,29.04,28.38
2025-12-25,MOSILVER,0.978001,211.17,215.92
2026-01-15,MOSILVER,0.949336,257.27,271.0
2026-01-26,MOSILVER,0.935065,287.57,307.54
2026-02-02,MOSILVER,0.849406,260.19,306.32
2026-03-03,MOSILVER,0.924787,260.79,282.0
2026-03-26,MOSILVER,0.968277,217.93,225.07
2026-03-31,MOSILVER,0.978115,217.21,222.07
2026-06-26,MOSILVER,1.024098,220.56,215.37
2026-03-03,MOSMALL250,1.020434,15.98,15.66
2026-03-26,MOSMALL250,0.976032,14.66,15.02
2026-03-31,MOSMALL250,1.02213,14.78,14.46
2026-01-26,MOTHERSON,1.02703,111.33,108.4
2026-03-03,MOTHERSON,1.036455,133.34,128.65
2026-03-31,MOTHERSON,1.040921,109.38,105.08
2026-04-14,MOTHERSON,1.025607,122.16,119.11
2026-05-28,MOTHERSON,0.953725,135.82,142.41
2026-06-26,MOTHERSON,0.953002,144.58,151.71
2025-11-05,MOTILALOFS,1.023225,1008.9,986.0
2026-01-15,MOTILALOFS,0.971795,837.25,861.55
2026-01-26,MOTILALOFS,1.03036,773.8,751.0
2026-02-02,MOTILALOFS,0.958331,722.15,753.55
2026-03-26,MOTILALOFS,0.949357,649.55,684.2
2026-03-31,MOTILALOFS,1.056736,668.65,632.75
2026-04-14,MOTILALOFS,1.028196,778.55,757.2
2026-05-28,MOTILALOFS,0.973661,870.55,894.1
2026-01-26,MOTISONS,1.028933,11.38,11.06
2026-03-03,MOTISONS,1.027833,15.51,15.09
2026-03-26,MOTISONS,1.020764,12.29,12.04
2026-03-31,MOTISONS,1.032318,11.18,10.83
2026-04-03,MOTISONS,0.975904,12.15,12.45
2026-01-26,MOTOGENFIN,1.027342,22.92,22.31
2026-02-02,MOTOGENFIN,0.952576,20.89,21.93
2026-03-03,MOTOGENFIN,1.038889,20.57,19.8
2026-03-31,MOTOGENFIN,1.059146,19.34,18.26
2026-04-03,MOTOGENFIN,0.934903,20.25,21.66
2026-04-14,MOTOGENFIN,1.028597,23.38,22.73
2026-05-01,MOTOGENFIN,1.02418,24.99,24.4
2026-01-26,MOTOUR,1.024934,78.1,76.2
2026-03-03,MOTOUR,1.030753,77.76,75.44
2026-03-26,MOTOUR,0.979621,68.26,69.68
2026-03-31,MOTOUR,1.040402,67.21,64.6
2026-02-02,MOVALUE,0.973627,116.66,119.82
2025-10-22,MOXSH,0.952381,51.0,53.55
2025-11-05,MOXSH,1.03701,70.05,67.55
2025-12-25,MOXSH,1.052632,95.0,90.25
2026-01-15,MOXSH,1.035581,82.95,80.1
2026-01-26,MOXSH,0.974432,85.75,88.0
2026-03-31,MOXSH,0.954307,127.4,133.5
2025-10-22,MPEL,0.966087,113.95,117.95
2025-11-05,MPEL,1.045579,114.7,109.7
2026-01-15,MPEL,0.926829,76.0,82.0
2026-02-02,MPEL,1.028796,58.95,57.3
2026-03-03,MPEL,1.033835,55.0,53.2
2026-03-26,MPEL,1.111111,62.0,55.8
2026-03-31,MPEL,1.052579,53.05,50.4
2026-04-03,MPEL,1.051592,47.9,45.55
2026-01-15,MPHASIS,1.030443,2873.7,2788.8
2026-01-26,MPHASIS,1.020815,2810.1,2752.8
2026-03-31,MPHASIS,1.031174,2117.0,2053.0
2026-04-03,MPHASIS,0.966831,2136.6,2209.9
2025-11-05,MPSLTD,0.960012,2196.7,2288.2
2026-02-02,MPSLTD,1.037776,1939.5,1868.9
2026-03-03,MPSLTD,1.029691,1505.1,1461.7
2026-04-14,MPSLTD,0.965121,1729.4,1791.9
2025-11-05,MPTODAY,1.0625,42.5,40.0
2026-05-01,MPTODAY,0.96,40.8,42.5
2026-01-26,MRF,1.034915,142275.0,137475.0
2026-04-03,MRF,1.021402,129095.0,126390.0
2025-10-22,MRIL,1.020611,71.8,70.35
2026-01-15,MRIL,0.946372,60.0,63.4
2026-01-26,MRIL,0.963222,55.0,57.1
2026-03-03,MRIL,0.953244,49.95,52.4
2026-03-26,MRIL,1.038567,37.7,36.3
2026-03-31,MRIL,1.092784,31.8,29.1
2026-04-03,MRIL,0.909091,32.0,35.2
2026-04-14,MRIL,1.052174,42.35,40.25
2026-06-26,MRIL,0.953048,68.0,71.35
2025-11-05,MRPL,0.958333,168.59,175.92
2026-01-15,MRPL,0.91683,145.18,158.35
2026-02-02,MRPL,0.922001,162.77,176.54
2026-03-03,MRPL,1.043181,196.65,188.51
2026-03-26,MRPL,0.976254,181.72,186.14
2026-04-14,MRPL,1.022066,174.62,170.85
2026-05-01,MRPL,1.034199,173.28,167.55
2026-04-03,MSCIINDIA,1.021914,27.98,27.38
2026-01-15,MSPL,0.96884,33.58,34.66
2026-01-26,MSPL,1.050227,30.11,28.67
2026-03-31,MSPL,1.044991,27.64,26.45
2026-04-03,MSPL,0.927024,29.09,31.38
2026-03-31,MSTCLTD,1.04182,381.15,365.85
2026-04-03,MSTCLTD,0.953234,388.3,407.35
2026-06-26,MSTCLTD,1.035758,670.55,647.4
2026-01-26,MSUMI,1.022103,43.93,42.98
2026-02-02,MSUMI,0.979842,42.29,43.16
2026-03-03,MSUMI,1.022485,43.2,42.25
2026-03-31,MSUMI,1.0271,37.9,36.9
2026-04-03,MSUMI,1.030483,38.2,37.07
2026-04-14,MSUMI,1.020763,39.33,38.53
2026-05-01,MSUMI,0.975333,39.54,40.54
2026-06-26,MSUMI,0.916626,37.82,41.26
2025-10-22,MTARTECH,1.020191,2182.8,2139.6
2025-11-05,MTARTECH,0.97534,2464.1,2526.4
2026-01-26,MTARTECH,1.023081,2455.6,2400.2
2026-02-02,MTARTECH,1.052772,3086.2,2931.5
2026-03-31,MTARTECH,1.031375,3576.5,3467.7
2026-04-14,MTARTECH,0.949152,4173.8,4397.4
2026-05-01,MTARTECH,0.876012,5656.5,6457.1
2026-06-26,MTARTECH,0.974989,7777.0,7976.5
2025-10-22,MTEDUCARE,1.039801,2.09,2.01
2026-01-15,MTEDUCARE,0.957317,1.57,1.64
2026-02-02,MTEDUCARE,1.021127,1.45,1.42
2026-03-03,MTEDUCARE,0.971831,1.38,1.42
2026-03-31,MTEDUCARE,1.04918,1.28,1.22
2026-04-14,MTEDUCARE,1.049296,1.49,1.42
2026-05-28,MTEDUCARE,0.958084,1.6,1.67
2026-06-26,MTEDUCARE,0.969565,2.23,2.3
2026-01-26,MTNL,1.050953,30.32,28.85
2026-02-02,MTNL,0.949263,32.18,33.9
2026-03-03,MTNL,1.053489,29.74,28.23
2026-03-26,MTNL,0.971637,23.98,24.68
2026-03-31,MTNL,1.072194,23.02,21.47
2026-04-14,MTNL,0.956126,29.42,30.77
2025-11-05,MUFIN,0.975604,119.57,122.56
2026-01-26,MUFIN,1.039634,116.99,112.53
2026-03-03,MUFIN,1.044182,114.86,110.0
2026-03-26,MUFIN,0.969847,100.03,103.14
2026-03-31,MUFIN,1.038695,99.05,95.36
2026-04-14,MUFIN,0.967339,106.03,109.61
2026-01-26,MUFTI,1.02824,90.3,87.82
2026-03-03,MUFTI,1.041331,86.67,83.23
2026-03-31,MUFTI,1.071964,68.67,64.06
2026-04-03,MUFTI,0.939541,67.91,72.28
2026-06-26,MUFTI,1.042762,91.2,87.46
2025-11-05,MUKANDLTD,1.030181,140.63,136.51
2026-01-15,MUKANDLTD,0.97711,126.78,129.75
2026-02-02,MUKANDLTD,0.953918,122.34,128.25
2026-03-26,MUKANDLTD,0.979843,120.07,122.54
2026-03-31,MUKANDLTD,0.969079,115.96,119.66
2026-04-14,MUKANDLTD,0.975811,130.3,133.53
2026-05-28,MUKANDLTD,0.9797,137.06,139.9
2026-01-26,MUKKA,0.93764,20.9,22.29
2026-03-03,MUKKA,1.044037,22.76,21.8
2026-03-31,MUKKA,1.073012,19.84,18.49
2026-06-26,MUKKA,1.032072,25.1,24.32
2026-01-15,MUKTAARTS,0.975518,64.55,66.17
2026-02-02,MUKTAARTS,0.979642,55.82,56.98
2026-03-03,MUKTAARTS,1.040469,55.02,52.88
2026-03-26,MUKTAARTS,0.914542,38.74,42.36
2026-03-31,MUKTAARTS,1.092737,40.77,37.31
2026-04-03,MUKTAARTS,0.960566,41.41,43.11
2026-05-01,MUKTAARTS,0.975916,59.16,60.62
2026-05-28,MUKTAARTS,0.956483,64.62,67.56
2026-02-02,MULTICAP,0.979962,15.65,15.97
2026-03-26,MULTICAP,0.97996,14.67,14.97
2026-03-31,MULTICAP,1.023061,14.64,14.31
2026-01-15,MUNISH,1.026178,98.0,95.5
2026-02-02,MUNISH,0.969136,78.5,81.0
2026-03-03,MUNISH,1.059441,75.75,71.5
2026-04-03,MUNISH,0.955303,63.05,66.0
2026-04-14,MUNISH,1.060284,74.75,70.5
2026-05-01,MUNISH,0.963716,66.4,68.9
2026-05-28,MUNISH,1.024268,71.75,70.05
2026-06-26,MUNISH,1.042754,71.95,69.0
2026-03-03,MUNJALAU,1.049764,82.27,78.37
2026-03-26,MUNJALAU,0.979529,72.73,74.25
2026-03-31,MUNJALAU,1.042195,70.64,67.78
2026-04-14,MUNJALAU,1.022273,79.86,78.12
2026-05-28,MUNJALAU,0.975966,95.43,97.78
2025-12-25,MUNJALSHOW,0.979792,124.61,127.18
2026-03-03,MUNJALSHOW,0.97095,128.01,131.84
2026-03-26,MUNJALSHOW,0.973598,116.53,119.69
2026-03-31,MUNJALSHOW,1.0478,115.74,110.46
2026-04-14,MUNJALSHOW,1.035335,124.82,120.56
2026-05-28,MUNJALSHOW,0.973451,138.23,142.0
2025-10-22,MURUDCERA,0.972706,42.41,43.6
2026-01-26,MURUDCERA,1.026654,32.74,31.89
2026-03-03,MURUDCERA,1.03944,32.68,31.44
2026-03-31,MURUDCERA,1.069988,27.06,25.29
2026-04-14,MURUDCERA,1.032008,31.92,30.93
2026-05-28,MURUDCERA,0.949313,33.15,34.92
2025-11-05,MUTHOOTCAP,1.021146,282.5,276.65
2025-12-25,MUTHOOTCAP,1.028039,284.15,276.4
2026-02-02,MUTHOOTCAP,1.022305,234.21,229.1
2026-03-31,MUTHOOTCAP,1.030902,184.48,178.95
2026-04-14,MUTHOOTCAP,1.038101,201.62,194.22
2026-06-26,MUTHOOTCAP,1.021413,207.02,202.68
2026-02-02,MUTHOOTFIN,0.912132,3493.1,3829.6
2026-03-03,MUTHOOTFIN,0.965898,3353.5,3471.9
2026-03-26,MUTHOOTFIN,0.950304,3155.2,3320.2
2026-03-31,MUTHOOTFIN,1.034967,3270.6,3160.1
2026-04-03,MUTHOOTFIN,1.024286,3256.0,3178.8
2026-06-26,MUTHOOTFIN,1.034473,3129.9,3025.6
2025-11-05,MUTHOOTMF,1.021933,171.93,168.24
2026-01-15,MUTHOOTMF,0.971389,183.34,188.74
2026-02-02,MUTHOOTMF,0.973573,173.52,178.23
2026-03-03,MUTHOOTMF,1.038615,168.91,162.63
2026-03-26,MUTHOOTMF,0.936801,155.05,165.51
2026-03-31,MUTHOOTMF,1.052921,153.4,145.69
2026-04-14,MUTHOOTMF,0.968614,169.12,174.6
2025-11-05,MVGJL,0.95177,192.8,202.57
2026-03-26,MVGJL,0.969684,138.82,143.16
2026-03-31,MVGJL,1.050466,138.63,131.97
2026-05-01,MVGJL,1.022487,177.33,173.43
2025-12-25,MVKAGRO,1.028141,778.2,756.9
2026-01-26,MVKAGRO,1.034242,659.95,638.1
2026-02-02,MVKAGRO,0.961349,585.75,609.3
2026-03-03,MVKAGRO,1.058754,585.65,553.15
2026-03-26,MVKAGRO,0.911036,500.25,549.1
2026-04-03,MVKAGRO,0.961183,572.0,595.1
2026-04-14,MVKAGRO,1.029813,554.4,538.35
2026-05-01,MVKAGRO,1.026137,520.2,506.95
2026-05-28,MVKAGRO,0.909158,428.35,471.15
2026-06-26,MVKAGRO,1.03816,404.0,389.15
2026-03-26,MWL,0.965898,249.25,258.05
2026-03-31,MWL,1.023059,259.55,253.7
2026-05-01,MWL,0.914624,320.85,350.8
2025-10-22,MYMUDRA,0.952486,86.2,90.5
2025-11-05,MYMUDRA,1.033333,93.0,90.0
2025-12-25,MYMUDRA,0.909428,85.85,94.4
2026-01-15,MYMUDRA,0.944444,85.0,90.0
2026-01-26,MYMUDRA,0.974159,81.05,83.2
2026-03-03,MYMUDRA,1.028,77.1,75.0
2026-03-26,MYMUDRA,0.96,72.0,75.0
2026-03-31,MYMUDRA,1.029513,75.0,72.85
2026-04-03,MYMUDRA,0.962,72.15,75.0
2026-05-28,MYMUDRA,0.965651,74.5,77.15
2026-06-26,MYMUDRA,0.976974,74.25,76.0
2025-12-25,NACL-RE,1.055011,90.33,85.62
2025-10-22,NACLIND,0.952381,197.0,206.85
2026-01-15,NACLIND,0.952683,175.77,184.5
2026-01-26,NACLIND,1.029528,164.22,159.51
2026-02-02,NACLIND,0.95,137.56,144.8
2026-03-03,NACLIND,1.043832,133.6,127.99
2026-03-26,NACLIND,0.952441,127.37,133.73
2026-03-31,NACLIND,1.03144,129.26,125.32
2026-04-03,NACLIND,0.952443,131.58,138.15
2026-04-14,NACLIND,1.023768,166.26,162.4
2026-06-26,NACLIND,0.972634,199.39,205.0
2025-12-25,NAGAFERT,0.932136,4.67,5.01
2026-02-02,NAGAFERT,1.020661,4.94,4.84
2026-03-03,NAGAFERT,1.045455,4.37,4.18
2026-03-31,NAGAFERT,1.084302,3.73,3.44
2026-04-03,NAGAFERT,0.953247,3.67,3.85
2026-05-28,NAGAFERT,1.035135,3.83,3.7
2025-10-22,NAGREEKCAP,0.978501,30.95,31.63
2025-12-25,NAGREEKCAP,0.968772,27.61,28.5
2026-03-03,NAGREEKCAP,1.089293,25.74,23.63
2026-03-26,NAGREEKCAP,0.9438,21.16,22.42
2026-03-31,NAGREEKCAP,1.043562,21.8,20.89
2026-04-14,NAGREEKCAP,1.033041,24.7,23.91
2026-05-01,NAGREEKCAP,1.045367,32.72,31.3
2026-05-28,NAGREEKCAP,0.979993,28.9,29.49
2025-10-22,NAGREEKEXP,0.973066,28.18,28.96
2026-02-02,NAGREEKEXP,0.97126,24.67,25.4
2026-03-03,NAGREEKEXP,1.022727,25.2,24.64
2026-03-26,NAGREEKEXP,1.021006,20.9,20.47
2026-03-31,NAGREEKEXP,1.031319,18.77,18.2
2026-04-14,NAGREEKEXP,1.030303,24.14,23.43
2026-05-01,NAGREEKEXP,1.022997,27.58,26.96
2025-11-05,NAHARCAP,1.020358,293.2,287.35
2026-03-03,NAHARCAP,1.043977,238.58,228.53
2026-03-31,NAHARCAP,1.036351,201.85,194.77
2026-04-03,NAHARCAP,0.970682,209.25,215.57
2026-05-28,NAHARCAP,0.970254,256.05,263.9
2026-01-26,NAHARINDUS,1.041269,97.14,93.29
2026-03-03,NAHARINDUS,1.025565,97.08,94.66
2026-03-26,NAHARINDUS,0.976589,88.02,90.13
2026-03-31,NAHARINDUS,1.035409,87.14,84.16
2025-12-25,NAHARPOLY,1.039834,250.6,241.0
2026-03-03,NAHARPOLY,1.070662,246.37,230.11
2026-03-26,NAHARPOLY,0.976001,224.49,230.01
2026-03-31,NAHARPOLY,1.092067,222.05,203.33
2026-04-14,NAHARPOLY,1.037307,267.2,257.59
2026-03-03,NAHARSPING,1.034549,204.82,197.98
2026-03-31,NAHARSPING,1.029451,205.88,199.99
2026-04-03,NAHARSPING,0.942395,214.31,227.41
2026-05-01,NAHARSPING,0.975278,236.7,242.7
2026-06-26,NAHARSPING,1.036493,261.3,252.1
2025-12-25,NAM-INDIA,1.022285,899.1,879.5
2026-01-15,NAM-INDIA,1.03229,891.95,864.05
2026-01-26,NAM-INDIA,1.022817,842.75,823.95
2026-03-03,NAM-INDIA,1.030716,931.2,903.45
2026-03-26,NAM-INDIA,0.974874,847.75,869.6
2026-03-31,NAM-INDIA,1.037797,831.95,801.65
2026-04-03,NAM-INDIA,1.042475,865.15,829.9
2026-04-14,NAM-INDIA,1.043476,955.25,915.45
2026-01-15,NAMAN,1.070356,67.7,63.25
2026-03-26,NAMAN,0.969388,47.5,49.0
2026-03-31,NAMAN,1.051977,46.55,44.25
2026-04-03,NAMAN,0.975771,44.3,45.4
2026-05-28,NAMAN,1.066316,50.65,47.5
2026-06-26,NAMAN,0.96319,47.1,48.9
2025-12-25,NAMOEWASTE,0.973739,187.25,192.3
2026-01-26,NAMOEWASTE,1.021764,180.75,176.9
2026-03-03,NAMOEWASTE,1.043517,173.85,166.6
2026-03-26,NAMOEWASTE,0.970103,141.15,145.5
2026-03-31,NAMOEWASTE,1.022321,137.4,134.4
2026-04-03,NAMOEWASTE,0.959688,141.65,147.6
2026-04-14,NAMOEWASTE,0.953878,159.25,166.95
2026-06-26,NAMOEWASTE,0.96586,277.25,287.05
2025-10-22,NARMADA,0.963622,24.37,25.29
2026-03-03,NARMADA,1.021522,32.75,32.06
2026-03-26,NARMADA,0.963591,31.23,32.41
2026-03-31,NARMADA,1.037636,31.43,30.29
2026-06-26,NARMADA,0.923941,39.48,42.73
2026-02-02,NATCAPSUQ,0.964869,158.2,163.96
2026-03-26,NATCAPSUQ,0.976809,143.63,147.04
2026-04-14,NATCAPSUQ,1.030973,155.78,151.1
2026-05-28,NATCAPSUQ,0.90737,152.42,167.98
2026-06-26,NATCAPSUQ,1.025339,161.05,157.07
2026-01-15,NATCOPHARM,0.977409,871.8,891.95
2026-02-02,NATCOPHARM,0.978347,817.8,835.9
2026-03-03,NATCOPHARM,1.033725,988.5,956.25
2026-03-26,NATCOPHARM,0.975403,949.75,973.7
2026-04-03,NATCOPHARM,0.975038,1001.9,1027.55
2026-04-14,NATCOPHARM,1.025017,1104.2,1077.25
2026-01-26,NATHBIOGEN,1.032229,146.69,142.11
2026-03-03,NATHBIOGEN,1.049074,150.07,143.05
2026-04-03,NATHBIOGEN,0.976486,137.46,140.77
2026-04-14,NATHBIOGEN,0.884353,152.94,172.94
2026-05-01,NATHBIOGEN,0.922351,180.79,196.01
2025-11-05,NATIONALUM,1.023106,238.66,233.27
2026-01-15,NATIONALUM,0.956766,357.4,373.55
2026-02-02,NATIONALUM,0.918926,354.2,385.45
2026-03-03,NATIONALUM,0.977263,354.6,362.85
2026-03-26,NATIONALUM,0.965559,354.65,367.3
2026-03-31,NATIONALUM,0.960891,371.0,386.1
2026-05-01,NATIONALUM,1.085149,433.3,399.3
2026-05-28,NATIONALUM,0.96109,416.2,433.05
2026-06-26,NATIONALUM,1.049375,348.55,332.15
2026-05-01,NATIONSTD,1.037888,1395.7,1344.75
2026-05-28,NATIONSTD,1.027787,1272.4,1238.0
2026-06-26,NATIONSTD,1.061969,1299.0,1223.2
2026-01-15,NAUKRI,1.020371,1332.4,1305.8
2026-03-03,NAUKRI,1.031147,1029.6,998.5
2026-03-31,NAUKRI,1.024491,991.4,967.7
2026-05-28,NAUKRI,0.97519,980.7,1005.65
2026-06-26,NAUKRI,1.031619,1009.8,978.85
2026-01-26,NAVA,1.036269,550.0,530.75
2026-02-02,NAVA,0.947154,534.1,563.9
2026-03-03,NAVA,1.032683,595.6,576.75
2026-03-31,NAVA,1.034999,550.05,531.45
2025-11-05,NAVINFLUOR,0.97531,5905.5,6055.0
2025-12-25,NAVINFLUOR,1.032261,6063.5,5874.0
2026-02-02,NAVINFLUOR,0.97557,5950.0,6099.0
2026-04-03,NAVINFLUOR,1.024274,6034.0,5891.0
2026-05-28,NAVINFLUOR,1.020912,7396.0,7244.5
2025-11-05,NAVKARCORP,1.037479,119.03,114.73
2025-12-25,NAVKARCORP,1.02695,104.41,101.67
2026-01-15,NAVKARCORP,1.069223,110.44,103.29
2026-01-26,NAVKARCORP,1.02413,99.74,97.39
2026-03-03,NAVKARCORP,1.061211,94.14,88.71
2026-03-31,NAVKARCORP,1.062843,79.32,74.63
2026-04-03,NAVKARCORP,0.958283,79.48,82.94
2026-06-26,NAVKARCORP,1.027125,113.22,110.23
2025-11-05,NAVKARURB,1.0553,2.29,2.17
2025-12-25,NAVKARURB,0.954545,1.26,1.32
2026-01-15,NAVKARURB,0.9625,1.54,1.6
2026-02-02,NAVKARURB,0.955882,1.3,1.36
2026-03-03,NAVKARURB,1.033058,1.25,1.21
2026-03-31,NAVKARURB,1.041096,0.76,0.73
2026-04-03,NAVKARURB,1.027778,0.74,0.72
2026-04-14,NAVKARURB,1.024691,0.83,0.81
2026-05-01,NAVKARURB,1.025974,0.79,0.77
2026-05-28,NAVKARURB,0.956989,0.89,0.93
2025-11-05,NAVNETEDUL,1.025129,160.32,156.39
2026-01-26,NAVNETEDUL,1.021606,143.27,140.24
2026-03-03,NAVNETEDUL,1.033836,146.66,141.86
2026-03-26,NAVNETEDUL,0.978675,125.29,128.02
2026-03-31,NAVNETEDUL,1.027407,125.58,122.23
2026-01-26,NAZARA,1.029147,286.0,277.9
2026-03-03,NAZARA,1.02835,264.8,257.5
2026-03-31,NAZARA,1.031109,240.3,233.05
2026-06-26,NAZARA,0.972227,292.3,300.65
2025-11-05,NBCC,1.032383,117.64,113.95
2026-01-26,NBCC,1.037863,98.68,95.08
2026-02-02,NBCC,0.9649,95.39,98.86
2026-03-03,NBCC,1.037041,92.67,89.36
2026-03-26,NBCC,0.96841,81.85,84.52
2026-03-31,NBCC,1.038829,80.53,77.52
2026-05-28,NBCC,0.964178,95.55,99.1
2026-03-03,NBIFIN,1.028324,1902.4,1850.0
2026-03-26,NBIFIN,0.962332,1716.8,1784.0
2026-03-31,NBIFIN,1.079255,1709.0,1583.5
2026-04-14,NBIFIN,0.961758,1768.0,1838.3
2026-05-28,NBIFIN,1.048655,1961.3,1870.3
2026-06-26,NBIFIN,0.977717,1869.2,1911.8
2025-11-05,NCC,1.040346,214.02,205.72
2026-01-26,NCC,1.031378,146.27,141.82
2026-03-03,NCC,1.021892,152.64,149.37
2026-03-26,NCC,0.971253,136.16,140.19
2026-03-31,NCC,1.046052,136.97,130.94
2026-04-03,NCC,0.977983,138.59,141.71
2026-06-26,NCC,1.025913,157.57,153.59
2026-03-26,NCLIND,0.970993,160.01,164.79
2026-03-31,NCLIND,1.059189,156.94,148.17
2026-04-03,NCLIND,0.954971,157.15,164.56
2026-03-03,NDGL,1.03352,2590.0,2506.0
2026-03-26,NDGL,0.95971,2503.5,2608.6
2026-06-26,NDGL,1.036258,2689.4,2595.3
2025-10-22,NDL,0.963415,3.16,3.28
2026-01-15,NDL,0.979798,2.91,2.97
2026-03-03,NDL,1.047059,2.67,2.55
2026-03-31,NDL,1.070652,1.97,1.84
2026-04-03,NDL,0.890688,2.2,2.47
2026-04-14,NDL,1.027778,2.59,2.52
2026-05-01,NDL,1.02509,2.86,2.79
2026-06-26,NDL,1.052846,2.59,2.46
2025-10-22,NDLVENTURE,0.979589,82.07,83.78
2026-02-02,NDLVENTURE,1.021708,91.78,89.83
2026-03-03,NDLVENTURE,1.058948,115.33,108.91
2026-03-26,NDLVENTURE,0.977614,115.29,117.93
2026-03-31,NDLVENTURE,0.974701,114.04,117.0
2026-01-26,NDRAUTO,1.026925,692.25,674.1
2026-03-03,NDRAUTO,1.030636,755.25,732.8
2026-03-26,NDRAUTO,0.972034,667.35,686.55
2026-03-31,NDRAUTO,1.068926,652.9,610.8
2026-01-26,NDTV,1.049433,85.13,81.12
2026-03-26,NDTV,0.964781,66.84,69.28
2026-03-31,NDTV,1.075911,63.78,59.28
2026-05-01,NDTV,1.038021,81.63,78.64
2026-05-28,NDTV,0.908609,78.84,86.77
2025-10-22,NECCLTD,0.966585,19.67,20.35
2026-03-03,NECCLTD,1.030769,14.07,13.65
2026-03-31,NECCLTD,1.070566,11.53,10.77
2026-04-03,NECCLTD,0.952941,12.15,12.75
2026-04-14,NECCLTD,1.025592,16.03,15.63
2026-05-01,NECCLTD,1.024422,15.94,15.56
2026-06-26,NECCLTD,1.029283,16.52,16.05
2025-11-05,NECLIFE,1.052819,14.75,14.01
2025-12-25,NECLIFE,1.052507,22.25,21.14
2026-01-15,NECLIFE,1.05199,16.39,15.58
2026-03-03,NECLIFE,1.050818,12.2,11.61
2026-03-31,NECLIFE,1.051613,9.78,9.3
2026-04-03,NECLIFE,0.972112,9.76,10.04
2025-10-22,NEELAM,0.95756,18.05,18.85
2026-03-26,NEELAM,0.964126,10.75,11.15
2026-03-31,NEELAM,1.049505,10.6,10.1
2026-04-03,NEELAM,0.95283,10.1,10.6
2026-04-14,NEELAM,0.952381,12.0,12.6
2026-05-01,NEELAM,1.046875,13.4,12.8
2026-05-28,NEELAM,0.95339,11.25,11.8
2026-01-26,NELCAST,1.0314,92.3,89.49
2026-03-03,NELCAST,1.044037,114.51,109.68
2026-03-26,NELCAST,0.976238,118.32,121.2
2026-03-31,NELCAST,1.035236,118.99,114.94
2026-04-14,NELCAST,0.975953,123.38,126.42
2026-05-01,NELCAST,1.021002,144.87,141.89
2026-06-26,NELCAST,1.054235,139.76,132.57
2026-01-26,NELCO,1.036405,619.2,597.45
2026-02-02,NELCO,0.96586,632.3,654.65
2026-03-03,NELCO,1.034328,622.2,601.55
2026-03-26,NELCO,0.978401,552.65,564.85
2026-03-31,NELCO,1.062241,537.6,506.1
2026-05-28,NELCO,0.971621,677.9,697.7
2026-01-26,NEOCHEM,0.969643,81.45,84.0
2026-03-03,NEOCHEM,1.023226,79.3,77.5
2026-03-31,NEOCHEM,1.075889,68.05,63.25
2026-05-01,NEOCHEM,1.028947,78.2,76.0
2026-05-28,NEOCHEM,1.0481,108.95,103.95
2025-10-22,NEOGEN,0.974609,1470.1,1508.4
2026-01-26,NEOGEN,1.06044,1200.1,1131.7
2026-03-03,NEOGEN,1.060395,1464.3,1380.9
2026-03-26,NEOGEN,1.030048,1237.5,1201.4
2026-03-31,NEOGEN,1.060791,1179.6,1112.0
2026-06-26,NEOGEN,1.036911,1944.0,1874.8
2025-11-05,NEPHROCARE,1.042101,134.9,129.45
2026-01-15,NEPHROCARE,0.938023,112.0,119.4
2026-03-03,NEPHROCARE,1.052019,76.85,73.05
2026-03-26,NEPHROCARE,0.973845,55.85,57.35
2026-04-03,NEPHROCARE,0.976824,56.9,58.25
2026-04-14,NEPHROCARE,1.036562,80.8,77.95
2026-05-01,NEPHROCARE,1.110972,88.6,79.75
2025-12-25,NEPHROPLUS,0.974968,463.5,475.4
2026-01-15,NEPHROPLUS,0.972842,480.0,493.4
2026-01-26,NEPHROPLUS,0.975912,496.3,508.55
2026-03-31,NEPHROPLUS,1.03433,524.25,506.85
2026-04-14,NEPHROPLUS,0.970132,560.3,577.55
2026-06-26,NEPHROPLUS,1.033133,679.75,657.95
2025-10-22,NEPTUNE,0.955642,160.5,167.95
2025-12-25,NEPTUNE,1.021596,217.6,213.0
2026-01-15,NEPTUNE,0.947867,200.0,211.0
2026-01-26,NEPTUNE,1.044643,204.75,196.0
2026-02-02,NEPTUNE,0.960742,220.25,229.25
2026-03-03,NEPTUNE,1.022831,224.0,219.0
2026-03-26,NEPTUNE,1.036893,186.9,180.25
2026-03-31,NEPTUNE,1.049719,186.85,178.0
2026-04-14,NEPTUNE,0.975,195.0,200.0
2026-05-28,NEPTUNE,1.020833,196.0,192.0
2026-06-26,NEPTUNE,1.027027,190.0,185.0
2025-10-22,NESCO,0.968312,1353.7,1398.0
2025-11-05,NESCO,1.04216,1354.6,1299.8
2026-01-26,NESCO,1.031288,1180.0,1144.2
2026-03-03,NESCO,1.026025,1123.6,1095.1
2026-03-26,NESCO,0.967153,1033.5,1068.6
2026-04-03,NESCO,0.976688,1043.2,1068.1
2026-02-02,NESTLEIND,0.962549,1282.5,1332.4
2026-03-31,NETF,1.021996,248.58,243.23
2025-11-05,NETWEB,1.046415,3798.8,3630.3
2026-01-15,NETWEB,1.026791,3273.0,3187.6
2026-02-02,NETWEB,1.051197,3305.7,3144.7
2026-03-03,NETWEB,1.042213,3861.4,3705.0
2026-03-31,NETWEB,1.026236,3180.1,3098.8
2026-05-28,NETWEB,0.945899,3851.7,4072.0
2026-06-26,NETWEB,1.026336,5074.0,4943.8
2026-01-26,NETWORK18,1.047188,38.17,36.45
2026-02-02,NETWORK18,0.966422,36.84,38.12
2026-03-31,NETWORK18,1.044331,28.74,27.52
2025-12-25,NEUEON,0.953642,5.76,6.04
2026-03-03,NEUEON,0.952381,10.8,11.34
2026-03-31,NEUEON,0.952677,15.3,16.06
2026-04-14,NEUEON,0.952542,16.86,17.7
2025-11-05,NEULANDLAB,0.9745,17159.0,17608.0
2026-01-26,NEULANDLAB,1.024074,13570.0,13251.0
2026-02-02,NEULANDLAB,1.021659,13538.0,13251.0
2026-03-03,NEULANDLAB,0.979307,12825.0,13096.0
2026-04-14,NEULANDLAB,1.030251,14951.0,14512.0
2026-05-01,NEULANDLAB,0.976871,14656.0,15003.0
2025-11-05,NEWGEN,1.023093,994.6,972.15
2026-01-26,NEWGEN,1.038686,648.4,624.25
2026-03-03,NEWGEN,1.042948,508.75,487.8
2026-03-31,NEWGEN,1.048968,422.0,402.3
2026-05-01,NEWGEN,0.949382,480.15,505.75
2025-11-05,NEWJAISA,1.021739,35.25,34.5
2026-01-15,NEWJAISA,1.052356,20.1,19.1
2026-01-26,NEWJAISA,0.953488,16.4,17.2
2026-03-03,NEWJAISA,0.978659,16.05,16.4
2026-03-26,NEWJAISA,0.955026,18.05,18.9
2026-03-31,NEWJAISA,1.052632,18.0,17.1
2026-04-03,NEWJAISA,0.954787,17.95,18.8
2026-04-14,NEWJAISA,0.953908,23.8,24.95
2026-05-28,NEWJAISA,1.052632,23.0,21.85
2026-01-26,NEXT50,1.021082,694.55,680.21
2026-02-02,NEXT50,0.977554,681.14,696.78
2026-03-31,NEXT50,1.02688,637.97,621.27
2026-02-02,NEXT50ADD,1.120232,75.19,67.12
2026-03-26,NEXT50ADD,0.977451,62.42,63.86
2026-03-31,NEXT50ADD,1.155793,70.33,60.85
2026-03-26,NEXT50BETA,0.978878,67.2,68.65
2026-03-31,NEXT50BETA,1.031616,66.89,64.84
2026-01-15,NEXT50ETF,1.022383,70.8,69.25
2026-02-02,NEXT50ETF,0.976645,66.49,68.08
2026-03-26,NEXT50ETF,0.978319,62.72,64.11
2026-03-31,NEXT50ETF,1.033482,62.66,60.63
2026-05-01,NEXT50ETF,1.024091,70.99,69.32
2026-03-26,NEXT50IETF,0.979571,65.69,67.06
2026-03-31,NEXT50IETF,1.028423,65.49,63.68
2026-01-15,NEXTMEDIA,1.027682,5.94,5.78
2026-01-26,NEXTMEDIA,0.954625,5.47,5.73
2026-03-03,NEXTMEDIA,1.075614,5.69,5.29
2026-03-31,NEXTMEDIA,1.094017,3.84,3.51
2026-05-01,NEXTMEDIA,0.961364,4.23,4.4
2026-02-02,NFL,0.95566,79.1,82.77
2026-03-03,NFL,1.056428,77.32,73.19
2026-03-31,NFL,1.055642,68.11,64.52
2026-06-26,NFL,1.020218,76.7,75.18
2026-05-28,NFPSAMPOOR,1.05235,49.25,46.8
2026-06-26,NFPSAMPOOR,0.966245,22.9,23.7
2026-02-02,NGIL,0.976314,26.38,27.02
2026-03-03,NGIL,1.047967,25.78,24.6
2026-03-26,NGIL,0.967917,23.23,24.0
2026-03-31,NGIL,1.04823,23.69,22.6
2026-04-14,NGIL,0.936791,28.9,30.85
2026-05-28,NGIL,0.952437,40.25,42.26
2025-10-22,NGLFINE,1.030789,1536.7,1490.8
2025-11-05,NGLFINE,0.944294,1539.2,1630.0
2025-12-25,NGLFINE,0.979806,1310.0,1337.0
2026-01-15,NGLFINE,0.977474,1436.3,1469.4
2026-01-26,NGLFINE,1.039175,1586.3,1526.5
2026-02-02,NGLFINE,1.025636,1720.3,1677.3
2026-03-03,NGLFINE,0.957955,2301.2,2402.2
2026-03-26,NGLFINE,0.960821,2153.2,2241.0
2026-03-31,NGLFINE,1.031403,2121.7,2057.1
2026-04-03,NGLFINE,0.975898,2081.2,2132.6
2026-04-14,NGLFINE,1.039322,2331.2,2243.0
2026-05-01,NGLFINE,1.030391,2281.8,2214.5
2026-05-28,NGLFINE,1.0453,2819.8,2697.6
2026-06-26,NGLFINE,1.027994,3073.6,2989.9
2025-11-05,NH,0.97525,1785.0,1830.3
2026-01-15,NH,0.969991,1887.7,1946.1
2026-03-03,NH,1.024566,1830.9,1787.0
2026-03-26,NH,0.972908,1655.5,1701.6
2026-01-26,NHPC,1.029236,77.45,75.25
2026-03-03,NHPC,1.029943,75.33,73.14
2026-03-31,NHPC,1.038931,76.59,73.72
2026-05-28,NHPC,0.972236,78.44,80.68
2026-01-26,NIACL,1.021475,146.5,143.42
2026-03-03,NIACL,1.033539,147.3,142.52
2026-03-26,NIACL,0.972248,124.72,128.28
2026-03-31,NIACL,1.033865,121.81,117.82
2026-04-14,NIACL,0.907031,155.71,171.67
2026-06-26,NIACL,1.021015,188.51,184.63
2026-01-26,NIBE,1.054662,1082.4,1026.3
2026-03-31,NIBE,1.063877,869.4,817.2
2026-04-03,NIBE,0.974721,894.55,917.75
2026-04-14,NIBE,0.96623,969.95,1003.85
2026-06-26,NIBE,1.026144,1699.5,1656.2
2025-10-22,NIBL,0.866988,28.81,33.23
2026-01-26,NIBL,0.953713,29.67,31.11
2026-02-02,NIBL,1.046376,30.46,29.11
2026-03-31,NIBL,1.031624,26.75,25.93
2026-04-14,NIBL,1.022577,29.44,28.79
2025-11-05,NIDAN,0.964736,19.15,19.85
2026-01-15,NIDAN,1.03352,18.5,17.9
2026-03-31,NIDAN,1.090196,13.9,12.75
2026-04-03,NIDAN,0.978417,13.6,13.9
2026-04-14,NIDAN,1.027972,14.7,14.3
2026-03-31,NIF100BEES,1.030473,249.9,242.51
2026-05-01,NIF100IETF,1.027604,27.92,27.17
2026-03-31,NIFTY1,1.02211,251.94,246.49
2026-02-02,NIFTY100EW,0.979372,32.76,33.45
2026-03-31,NIFTY100EW,1.025421,31.06,30.29
2026-03-31,NIFTYADD,1.022724,239.43,234.11
2026-03-31,NIFTYBEES,1.021504,258.89,253.44
2026-03-31,NIFTYBETA,1.020847,251.7,246.56
2026-02-02,NIFTYBETF,0.979941,254.04,259.24
2026-03-26,NIFTYBETF,0.97723,234.76,240.23
2026-03-31,NIFTYBETF,1.02059,233.96,229.24
2026-03-31,NIFTYCASE,1.020202,9.09,8.91
2026-02-02,NIFTYETF,0.979874,268.27,273.78
2026-03-31,NIFTYETF,1.021573,246.72,241.51
2026-03-31,NIFTYIETF,1.021784,257.51,252.02
2026-03-31,NIFTYQLITY,1.048345,19.95,19.03
2026-01-26,NIITLTD,1.035299,76.55,73.94
2026-02-02,NIITLTD,1.040295,77.71,74.7
2026-03-03,NIITLTD,1.044929,71.4,68.33
2026-03-26,NIITLTD,0.963256,54.79,56.88
2026-03-31,NIITLTD,1.073442,54.08,50.38
2026-04-03,NIITLTD,0.961857,55.73,57.94
2026-06-26,NIITLTD,1.030584,103.45,100.38
2026-01-26,NIITMTS,1.040502,385.35,370.35
2026-03-31,NIITMTS,1.056636,277.05,262.2
2026-05-01,NIITMTS,1.043492,326.3,312.7
2026-06-26,NIITMTS,1.034032,235.17,227.43
2025-11-05,NIKITA,1.0244,128.05,125.0
2026-01-15,NIKITA,0.952451,129.2,135.65
2026-01-26,NIKITA,1.050847,124.0,118.0
2026-02-02,NIKITA,1.032609,114.0,110.4
2026-03-26,NIKITA,1.040359,116.0,111.5
2026-05-01,NIKITA,1.050497,126.9,120.8
2026-05-28,NIKITA,1.044248,76.7,73.45
2026-06-26,NIKITA,1.052604,100.05,95.05
2026-01-26,NILAINFRA,0.977503,8.69,8.89
2026-03-03,NILAINFRA,1.020228,8.07,7.91
2026-03-31,NILAINFRA,1.053782,6.27,5.95
2026-04-03,NILAINFRA,0.940146,6.44,6.85
2026-04-14,NILAINFRA,1.048251,8.69,8.29
2026-06-26,NILAINFRA,1.027344,7.89,7.68
2025-11-05,NILASPACES,1.022029,17.63,17.25
2025-12-25,NILASPACES,0.956783,15.94,16.66
2026-01-15,NILASPACES,1.020906,14.65,14.35
2026-03-03,NILASPACES,1.060652,13.99,13.19
2026-03-26,NILASPACES,0.960125,12.28,12.79
2026-03-31,NILASPACES,1.053633,12.18,11.56
2026-05-28,NILASPACES,0.975058,12.51,12.83
2026-03-03,NILKAMAL,1.020267,1374.3,1347.0
2026-03-26,NILKAMAL,0.970185,1119.4,1153.8
2026-03-31,NILKAMAL,1.056248,1126.7,1066.7
2026-04-03,NILKAMAL,0.94708,1159.7,1224.5
2026-05-28,NILKAMAL,0.979609,1273.1,1299.6
2026-04-14,NIMBSPROJ,1.034176,198.81,192.24
2026-05-28,NIMBSPROJ,1.026126,222.3,216.64
2026-01-26,NINSYS,1.033006,347.4,336.3
2026-02-02,NINSYS,0.975194,332.2,340.65
2026-03-03,NINSYS,1.041553,325.85,312.85
2026-03-26,NINSYS,1.057978,342.15,323.4
2026-03-31,NINSYS,0.879859,349.7,397.45
2026-04-03,NINSYS,1.029018,395.4,384.25
2026-04-14,NINSYS,1.032142,415.85,402.9
2026-05-01,NINSYS,0.959303,498.55,519.7
2026-05-28,NINSYS,0.967172,659.95,682.35
2026-03-03,NIPPOBATRY,1.070474,336.45,314.3
2026-03-26,NIPPOBATRY,0.975736,283.5,290.55
2026-03-31,NIPPOBATRY,1.070588,277.55,259.25
2026-05-01,NIPPOBATRY,0.955186,318.65,333.6
2025-12-25,NIRAJ,1.029891,42.38,41.15
2026-01-26,NIRAJ,1.045723,33.62,32.15
2026-02-02,NIRAJ,0.959826,30.82,32.11
2026-03-03,NIRAJ,1.029197,29.61,28.77
2026-03-31,NIRAJ,1.036179,21.48,20.73
2026-04-03,NIRAJ,0.971071,22.49,23.16
2026-04-14,NIRAJ,1.042754,28.78,27.6
2025-10-22,NIRAJISPAT,0.91598,278.0,303.5
2026-01-15,NIRAJISPAT,0.935058,189.77,202.95
2026-01-26,NIRAJISPAT,1.029036,170.82,166.0
2026-02-02,NIRAJISPAT,0.933103,162.36,174.0
2026-03-26,NIRAJISPAT,1.049461,199.45,190.05
2026-03-31,NIRAJISPAT,1.052617,195.05,185.3
2026-04-14,NIRAJISPAT,0.952381,194.0,203.7
2026-05-01,NIRAJISPAT,0.952381,235.0,246.75
2026-05-28,NIRAJISPAT,0.964746,215.37,223.24
2025-10-22,NIRMAN,1.052593,143.1,135.95
2025-11-05,NIRMAN,1.052448,90.3,85.8
2026-01-26,NIRMAN,0.952963,50.65,53.15
2026-03-03,NIRMAN,1.039554,51.25,49.3
2026-03-31,NIRMAN,1.052163,41.35,39.3
2026-04-03,NIRMAN,0.953052,40.6,42.6
2026-04-14,NIRMAN,0.95247,51.1,53.65
2026-06-26,NIRMAN,1.027746,44.45,43.25
2025-10-22,NITCO,0.972995,109.89,112.94
2026-01-15,NITCO,0.936099,83.5,89.2
2026-01-26,NITCO,1.073059,86.51,80.62
2026-02-02,NITCO,0.961682,79.81,82.99
2026-03-03,NITCO,1.052357,74.77,71.05
2026-03-26,NITCO,0.970329,82.41,84.93
2026-04-14,NITCO,0.961301,85.7,89.15
2026-06-26,NITCO,1.025774,111.04,108.25
2025-10-22,NITINSPIN,0.974129,314.4,322.75
2025-11-05,NITINSPIN,1.034926,330.4,319.25
2026-03-26,NITINSPIN,0.965052,357.6,370.55
2026-03-31,NITINSPIN,1.047175,359.6,343.4
2026-04-03,NITINSPIN,0.962354,363.0,377.2
2026-06-26,NITINSPIN,1.030705,567.3,550.4
2025-10-22,NITIRAJ,0.965115,191.72,198.65
2026-01-15,NITIRAJ,0.941892,179.76,190.85
2026-03-03,NITIRAJ,1.036798,214.98,207.35
2026-03-31,NITIRAJ,1.064254,213.83,200.92
2026-04-03,NITIRAJ,1.039252,212.34,204.32
2026-04-14,NITIRAJ,1.021673,210.25,205.79
2026-05-01,NITIRAJ,1.030571,216.76,210.33
2025-11-05,NIVABUPA,0.969372,74.06,76.4
2026-03-26,NIVABUPA,0.961479,68.64,71.39
2025-12-25,NKIND,0.979412,66.6,68.0
2026-01-26,NKIND,0.930362,60.12,64.62
2026-02-02,NKIND,1.031746,65.0,63.0
2026-03-03,NKIND,1.044409,66.32,63.5
2026-04-14,NKIND,1.038394,64.91,62.51
2026-05-28,NKIND,0.935337,63.5,67.89
2026-02-02,NLCINDIA,0.949054,245.9,259.1
2026-03-03,NLCINDIA,1.030105,260.05,252.45
2026-03-26,NLCINDIA,0.969714,259.35,267.45
2025-11-05,NMDC,1.022216,75.92,74.27
2026-01-15,NMDC,0.979368,82.12,83.85
2026-01-26,NMDC,1.024489,78.23,76.36
2025-11-05,NMSTEEL,1.060556,32.4,30.55
2026-03-31,NMSTEEL,1.064343,19.85,18.65
2026-04-03,NMSTEEL,1.065854,21.85,20.5
2026-01-26,NOCIL,1.035405,132.77,128.23
2026-02-02,NOCIL,1.020939,135.06,132.29
2026-03-03,NOCIL,1.044751,144.51,138.32
2026-03-31,NOCIL,1.027212,157.79,153.61
2025-10-22,NOIDATOLL,0.969163,4.4,4.54
2026-01-26,NOIDATOLL,0.954301,3.55,3.72
2026-02-02,NOIDATOLL,1.04878,3.87,3.69
2026-03-03,NOIDATOLL,1.036011,3.74,3.61
2026-03-31,NOIDATOLL,1.030822,3.01,2.92
2026-04-14,NOIDATOLL,1.046196,3.85,3.68
2026-05-28,NOIDATOLL,1.051948,6.48,6.16
2025-11-05,NORBTEAEXP,1.020555,62.56,61.3
2025-12-25,NORBTEAEXP,0.952411,74.85,78.59
2026-01-15,NORBTEAEXP,1.020331,91.34,89.52
2026-01-26,NORBTEAEXP,1.020356,91.23,89.41
2026-03-03,NORBTEAEXP,1.020408,96.5,94.57
2026-03-26,NORBTEAEXP,1.020408,90.0,88.2
2026-04-03,NORBTEAEXP,0.960265,89.9,93.62
2026-04-14,NORBTEAEXP,1.040689,86.45,83.07
2026-05-01,NORBTEAEXP,0.970755,60.08,61.89
2026-05-28,NORBTEAEXP,1.027189,83.87,81.65
2025-11-05,NORTHARC,1.033455,284.2,275.0
2026-02-02,NORTHARC,0.939278,255.85,272.39
2026-03-31,NORTHARC,1.025622,212.15,206.85
2026-06-26,NORTHARC,1.023603,294.9,288.1
2025-10-22,NOVAAGRI,0.975704,45.38,46.51
2026-01-26,NOVAAGRI,1.023381,34.14,33.36
2026-02-02,NOVAAGRI,1.021578,34.56,33.83
2026-03-03,NOVAAGRI,1.044045,29.63,28.38
2026-03-26,NOVAAGRI,0.950112,21.14,22.25
2026-03-31,NOVAAGRI,1.11835,20.6,18.42
2026-04-03,NOVAAGRI,0.929743,22.1,23.77
2026-04-14,NOVAAGRI,1.020372,29.05,28.47
2026-05-28,NOVAAGRI,1.020804,28.95,28.36
2026-05-28,NOVARTIND,0.951603,1415.7,1487.7
2026-06-26,NOVARTIND,1.027946,1475.0,1434.9
2026-03-26,NPBET,0.963431,258.19,267.99
2026-03-31,NPBET,1.039508,258.38,248.56
2025-10-22,NPST,0.972242,1933.4,1988.6
2026-01-26,NPST,1.03639,1341.4,1294.3
2026-03-03,NPST,1.085765,1168.5,1076.2
2026-03-26,NPST,0.952994,1094.8,1148.8
2026-03-31,NPST,1.1204,1074.8,959.3
2026-05-28,NPST,1.03513,1063.7,1027.6
2026-06-26,NPST,1.028772,1630.5,1584.9
2025-11-05,NRAIL,0.974106,458.95,471.15
2026-01-26,NRAIL,1.045655,438.6,419.45
2026-03-03,NRAIL,1.035887,460.4,444.45
2026-04-03,NRAIL,1.036081,423.55,408.8
2026-04-14,NRAIL,0.952234,446.55,468.95
2026-06-26,NRAIL,1.030962,469.5,455.4
2026-03-31,NRBBEARING,1.05296,227.65,216.2
2026-01-26,NRL,1.032666,53.11,51.43
2026-04-14,NRL,0.954301,51.37,53.83
2026-05-28,NRL,0.919569,58.08,63.16
2025-10-22,NRVANDANA,0.954353,56.45,59.15
2026-02-02,NRVANDANA,1.031952,59.75,57.9
2026-03-03,NRVANDANA,1.078814,63.65,59.0
2026-03-31,NRVANDANA,1.080043,50.6,46.85
2026-04-03,NRVANDANA,1.039542,49.95,48.05
2026-05-01,NRVANDANA,0.914189,53.8,58.85
2026-05-28,NRVANDANA,0.968613,77.15,79.65
2025-11-05,NSIL,1.023643,6949.0,6788.5
2026-01-26,NSIL,1.025832,5976.5,5826.0
2026-02-02,NSIL,0.966963,5663.5,5857.0
2026-03-03,NSIL,1.025981,5963.0,5812.0
2026-03-31,NSIL,1.058556,5007.5,4730.5
2026-01-15,NSLNISP,0.972791,41.83,43.0
2026-01-26,NSLNISP,1.02147,40.44,39.59
2026-02-02,NSLNISP,0.971267,41.24,42.46
2026-03-31,NSLNISP,1.04006,34.53,33.2
2026-06-26,NSLNISP,1.022207,44.65,43.68
2026-01-15,NTPC,0.967918,337.9,349.1
2026-02-02,NTPC,0.968399,344.75,356.0
2026-05-28,NTPC,0.978777,389.7,398.15
2025-11-05,NTPCGREEN,1.022434,103.0,100.74
2025-12-25,NTPCGREEN,0.970087,90.48,93.27
2026-03-03,NTPCGREEN,1.027471,90.14,87.73
2026-03-31,NTPCGREEN,1.029679,95.06,92.32
2026-04-14,NTPCGREEN,0.932265,97.17,104.23
2026-01-26,NUCLEUS,1.021683,909.4,890.1
2026-03-03,NUCLEUS,1.029779,791.9,769.0
2026-03-31,NUCLEUS,1.039228,751.05,722.7
2026-04-03,NUCLEUS,0.97718,775.05,793.15
2026-04-14,NUCLEUS,1.029888,816.65,792.95
2025-10-22,NURECA,1.041912,332.62,319.24
2026-01-15,NURECA,0.956397,284.05,297.0
2026-01-26,NURECA,1.031045,290.6,281.85
2026-03-03,NURECA,1.045881,295.2,282.25
2026-03-31,NURECA,1.045949,216.25,206.75
2026-04-03,NURECA,0.95635,227.42,237.8
2026-04-14,NURECA,1.027796,261.42,254.35
2025-10-22,NUVAMA,0.966873,7019.5,7260.0
2025-12-25,NUVAMA,0.956271,7282.0,7615.0
2026-01-26,NUVAMA,1.038046,1383.3,1332.6
2026-02-02,NUVAMA,0.926342,1246.3,1345.4
2026-03-03,NUVAMA,1.031828,1244.9,1206.5
2026-03-26,NUVAMA,0.957785,1150.3,1201.0
2026-03-31,NUVAMA,1.029541,1195.4,1161.1
2025-11-05,NUVOCO,1.024308,408.75,399.05
2026-02-02,NUVOCO,0.945651,328.85,347.75
2026-03-03,NUVOCO,1.03273,328.15,317.75
2026-03-26,NUVOCO,0.954988,289.6,303.25
2026-03-31,NUVOCO,1.065635,299.55,281.1
2026-05-01,NUVOCO,0.966633,286.8,296.7
2026-06-26,NUVOCO,1.0258,314.1,306.2
2026-02-02,NV20,1.030475,159.6,154.88
2026-03-31,NV20BEES,1.02951,138.85,134.87
2026-01-26,NYKAA,1.020239,239.45,234.7
2026-03-03,NYKAA,1.024624,265.48,259.1
2026-04-03,NYKAA,0.975567,239.97,245.98
2025-10-22,OAL,0.977233,336.95,344.8
2025-11-05,OAL,1.022235,347.1,339.55
2026-01-26,OAL,1.024537,263.05,256.75
2026-03-03,OAL,1.070373,275.3,257.2
2026-05-28,OAL,0.977099,326.4,334.05
2025-12-25,OBCL,1.026606,56.72,55.25
2026-02-02,OBCL,1.022202,55.25,54.05
2026-03-31,OBCL,0.969776,55.51,57.24
2026-02-02,OBEROIRLTY,0.973573,1451.5,1490.9
2026-03-03,OBEROIRLTY,1.021534,1522.8,1490.7
2026-03-26,OBEROIRLTY,0.962726,1443.8,1499.7
2026-03-31,OBEROIRLTY,1.026779,1457.0,1419.0
2026-04-03,OBEROIRLTY,0.978499,1474.5,1506.9
2025-11-05,OBSCP,0.972372,315.0,323.95
2026-01-26,OBSCP,0.977892,314.05,321.15
2026-03-31,OBSCP,1.036885,290.95,280.6
2026-05-28,OBSCP,0.94085,448.55,476.75
2026-06-26,OBSCP,0.976619,524.2,536.75
2025-12-25,OCCLLTD,1.044603,106.56,102.01
2026-01-15,OCCLLTD,0.974544,95.71,98.21
2026-01-26,OCCLLTD,1.021354,92.79,90.85
2026-03-03,OCCLLTD,1.025878,89.99,87.72
2026-03-31,OCCLLTD,1.073177,85.06,79.26
2026-04-14,OCCLLTD,1.020711,93.64,91.74
2026-06-26,OCCLLTD,1.02558,129.9,126.66
2025-11-05,ODIGMA,1.024049,38.75,37.84
2025-12-25,ODIGMA,0.979823,32.05,32.71
2026-01-15,ODIGMA,0.967162,27.98,28.93
2026-02-02,ODIGMA,0.964013,26.52,27.51
2026-03-03,ODIGMA,1.050351,25.45,24.23
2026-03-31,ODIGMA,1.052224,21.76,20.68
2026-04-14,ODIGMA,1.039511,28.94,27.84
2026-01-15,OFSS,1.021909,7696.0,7531.0
2026-03-31,OFSS,1.03209,6947.0,6731.0
2026-05-28,OFSS,0.959464,9882.0,10299.5
2026-06-26,OFSS,0.953893,10468.5,10974.5
2026-01-15,OIL,0.977948,447.9,458.0
2026-06-26,OIL,1.027655,418.05,406.8
2026-02-02,OILCOUNTUB,0.960959,45.29,47.13
2026-03-31,OILCOUNTUB,1.034903,38.25,36.96
2026-04-14,OILCOUNTUB,0.971928,45.01,46.31
2026-06-26,OILCOUNTUB,0.969897,57.35,59.13
2026-02-02,OILIETF,0.974853,11.63,11.93
2025-10-22,OLAELEC,1.030189,54.94,53.33
2025-11-05,OLAELEC,1.021175,51.12,50.06
2026-01-26,OLAELEC,1.031925,32.97,31.95
2026-02-02,OLAELEC,0.974327,31.5,32.33
2026-03-03,OLAELEC,1.047342,25.22,24.08
2026-03-26,OLAELEC,0.974434,23.25,23.86
2026-03-31,OLAELEC,1.064474,24.27,22.8
2026-04-03,OLAELEC,0.91355,25.89,28.34
2026-04-14,OLAELEC,1.0682,40.88,38.27
2026-05-28,OLAELEC,0.957696,37.58,39.24
2026-06-26,OLAELEC,1.032775,43.17,41.8
2025-12-25,OLECTRA,0.958543,1197.7,1249.5
2026-01-26,OLECTRA,1.031736,1020.8,989.4
2026-03-03,OLECTRA,1.05928,997.1,941.3
2026-03-31,OLECTRA,1.061578,1025.75,966.25
2026-04-14,OLECTRA,0.976178,1184.25,1213.15
2025-10-22,OLIL,0.943406,280.05,296.85
2025-12-25,OLIL,0.924465,304.75,329.65
2026-01-15,OLIL,0.941388,301.15,319.9
2026-03-03,OLIL,1.064905,300.25,281.95
2026-03-31,OLIL,1.028548,315.25,306.5
2026-04-03,OLIL,1.023558,315.0,307.75
2026-05-01,OLIL,0.899618,376.85,418.9
2026-01-15,OMAXAUTO,1.026212,96.31,93.85
2026-02-02,OMAXAUTO,0.943527,110.27,116.87
2026-03-03,OMAXAUTO,1.021629,107.22,104.95
2026-03-26,OMAXAUTO,0.949637,92.77,97.69
2026-03-31,OMAXAUTO,1.057916,97.36,92.03
2026-05-28,OMAXAUTO,0.952413,239.17,251.12
2025-12-25,OMAXE,0.96438,80.41,83.38
2026-01-15,OMAXE,1.048987,81.8,77.98
2026-02-02,OMAXE,0.967699,72.5,74.92
2026-03-31,OMAXE,1.039847,67.85,65.25
2026-04-03,OMAXE,0.956385,69.95,73.14
2026-01-15,OMFREIGHT,0.973035,93.1,95.68
2026-01-26,OMFREIGHT,1.03211,94.18,91.25
2026-03-26,OMFREIGHT,1.04271,67.87,65.09
2026-03-31,OMFREIGHT,1.073273,64.01,59.64
2026-04-03,OMFREIGHT,0.943133,66.34,70.34
2026-04-14,OMFREIGHT,1.025491,80.46,78.46
2026-05-01,OMFREIGHT,1.033789,84.75,81.98
2025-10-22,OMFURN,0.978723,115.0,117.5
2025-12-25,OMFURN,1.07809,95.95,89.0
2026-01-15,OMFURN,0.967606,68.7,71.0
2026-02-02,OMFURN,0.800466,51.55,64.4
2026-03-03,OMFURN,1.057692,55.0,52.0
2026-04-14,OMFURN,1.082835,63.4,58.55
2026-05-01,OMFURN,0.95387,61.0,63.95
2025-10-22,OMINFRAL,0.979464,115.9,118.33
2026-01-26,OMINFRAL,1.028428,77.78,75.63
2026-02-02,OMINFRAL,0.973149,76.11,78.21
2026-03-03,OMINFRAL,1.04122,85.38,82.0
2026-03-26,OMINFRAL,0.972091,82.2,84.56
2026-06-26,OMINFRAL,1.023435,89.09,87.05
2025-10-22,OMKARCHEM,1.034549,5.39,5.21
2025-11-05,OMKARCHEM,1.050943,5.57,5.3
2026-01-26,OMKARCHEM,1.048474,5.84,5.57
2026-02-02,OMKARCHEM,1.024715,5.39,5.26
2026-03-03,OMKARCHEM,1.050885,4.75,4.52
2026-03-26,OMKARCHEM,1.02973,3.81,3.7
2026-03-31,OMKARCHEM,0.956522,3.52,3.68
2026-04-03,OMKARCHEM,0.969773,3.85,3.97
2026-04-14,OMKARCHEM,1.04038,4.38,4.21
2026-04-03,OMNI,0.97925,272.77,278.55
2026-04-14,OMNI,0.977942,347.15,354.98
2026-05-01,OMNI,1.05586,383.71,363.41
2026-05-28,OMNI,0.975744,424.4,434.95
2026-05-28,OMPOWER,1.075205,189.15,175.92
2025-12-25,ONDOOR,1.067141,120.0,112.45
2026-01-15,ONDOOR,1.085198,114.0,105.05
2026-01-26,ONDOOR,0.979676,118.1,120.55
2026-02-02,ONDOOR,1.040851,122.3,117.5
2026-03-03,ONDOOR,1.098244,162.65,148.1
2026-03-26,ONDOOR,1.03876,134.0,129.0
2026-03-31,ONDOOR,1.072357,123.75,115.4
2026-04-03,ONDOOR,0.95883,124.6,129.95
2026-05-28,ONDOOR,1.034702,178.9,172.9
2026-03-03,ONECAP-RE,1.111111,0.2,0.18
2025-10-22,ONELIFECAP,0.954143,11.86,12.43
2025-11-05,ONELIFECAP,0.909306,15.34,16.87
2025-12-25,ONELIFECAP,1.029281,16.17,15.71
2026-01-15,ONELIFECAP,1.02082,16.18,15.85
2026-03-03,ONELIFECAP,1.043971,15.67,15.01
2026-05-28,ONELIFECAP,0.952479,27.66,29.04
2026-06-26,ONELIFECAP,1.032478,33.38,32.33
2026-02-02,ONEPOINT,0.975239,50.02,51.29
2026-03-03,ONEPOINT,1.022589,47.08,46.04
2026-03-31,ONEPOINT,1.025127,42.43,41.39
2026-04-03,ONEPOINT,0.964724,44.03,45.64
2026-05-01,ONEPOINT,0.979596,52.81,53.91
2026-05-28,ONEPOINT,0.975349,62.91,64.5
2025-11-05,ONESOURCE,1.024161,1877.8,1833.5
2026-01-26,ONESOURCE,1.079517,1546.3,1432.4
2026-03-03,ONESOURCE,1.028484,1346.8,1309.5
2026-04-03,ONESOURCE,1.022713,1436.4,1404.5
2026-04-14,ONESOURCE,0.931267,1438.9,1545.1
2025-11-05,ONGC,1.020606,257.55,252.35
2026-02-02,ONGC,0.945494,254.3,268.96
2026-05-28,ONGC,1.049079,287.5,274.05
2026-06-26,ONGC,1.029601,240.0,233.1
2026-01-26,ONMOBILE,1.040106,50.83,48.87
2026-03-03,ONMOBILE,1.03843,50.8,48.92
2026-03-31,ONMOBILE,1.100173,44.59,40.53
2025-10-22,ONWARDTEC,0.978605,308.75,315.5
2026-01-15,ONWARDTEC,0.979634,305.45,311.8
2026-01-26,ONWARDTEC,1.035839,312.15,301.35
2026-02-02,ONWARDTEC,1.069453,348.0,325.4
2026-03-03,ONWARDTEC,1.024615,272.65,266.1
2026-03-26,ONWARDTEC,0.966353,231.2,239.25
2026-03-31,ONWARDTEC,1.071616,225.2,210.15
2026-04-03,ONWARDTEC,0.978997,225.6,230.44
2026-05-01,ONWARDTEC,0.979681,237.7,242.63
2026-06-26,ONWARDTEC,0.942747,268.4,284.7
2025-10-22,ONYX,0.844186,36.3,43.0
2025-11-05,ONYX,0.977444,39.0,39.9
2025-12-25,ONYX,1.043548,32.35,31.0
2026-02-02,ONYX,1.057143,37.0,35.0
2026-03-26,ONYX,1.030645,31.95,31.0
2026-03-31,ONYX,0.947059,32.2,34.0
2026-04-03,ONYX,1.030303,34.0,33.0
2026-04-14,ONYX,0.931034,35.1,37.7
2026-05-28,ONYX,0.916923,29.8,32.5
2026-06-26,ONYX,1.051282,38.95,37.05
2026-01-15,OPTIEMUS,1.026932,467.1,454.85
2026-01-26,OPTIEMUS,1.071047,410.8,383.55
2026-02-02,OPTIEMUS,0.971905,390.9,402.2
2026-03-03,OPTIEMUS,1.037873,413.8,398.7
2026-03-31,OPTIEMUS,1.067464,312.5,292.75
2025-10-22,OPTIVALUE,0.978261,85.5,87.4
2025-11-05,OPTIVALUE,1.022962,89.1,87.1
2025-12-25,OPTIVALUE,0.929966,69.05,74.25
2026-02-02,OPTIVALUE,1.070513,83.5,78.0
2026-03-03,OPTIVALUE,1.032162,69.0,66.85
2026-03-26,OPTIVALUE,1.061453,76.0,71.6
2026-03-31,OPTIVALUE,1.080952,68.1,63.0
2026-04-03,OPTIVALUE,0.974874,67.9,69.65
2026-05-28,OPTIVALUE,0.97076,83.0,85.5
2026-06-26,OPTIVALUE,1.027065,74.0,72.05
2026-01-15,ORBTEXP,1.028941,179.19,174.15
2026-01-26,ORBTEXP,1.031572,174.15,168.82
2026-02-02,ORBTEXP,0.973206,170.35,175.04
2026-03-03,ORBTEXP,1.049281,169.91,161.93
2026-03-26,ORBTEXP,0.952715,144.06,151.21
2026-03-31,ORBTEXP,1.041965,141.03,135.35
2026-04-03,ORBTEXP,0.966332,147.24,152.37
2026-04-14,ORBTEXP,1.049484,167.76,159.85
2026-06-26,ORBTEXP,1.022502,241.29,235.98
2025-10-22,ORCHASP,0.977839,3.53,3.61
2025-12-25,ORCHASP,1.031034,2.99,2.9
2026-01-15,ORCHASP,0.955224,2.56,2.68
2026-01-26,ORCHASP,1.026316,2.73,2.66
2026-02-02,ORCHASP,1.063197,2.86,2.69
2026-03-03,ORCHASP,1.075697,2.7,2.51
2026-04-03,ORCHASP,1.065,2.13,2.0
2025-11-05,ORCHPHARMA,0.974633,770.35,790.4
2026-01-26,ORCHPHARMA,1.024259,705.1,688.4
2026-02-02,ORCHPHARMA,0.975468,681.95,699.1
2026-03-03,ORCHPHARMA,1.032745,619.75,600.1
2026-03-26,ORCHPHARMA,0.962005,511.45,531.65
2026-03-31,ORCHPHARMA,1.041144,502.3,482.45
2026-04-14,ORCHPHARMA,1.022137,558.7,546.6
2026-05-01,ORCHPHARMA,0.979385,612.85,625.75
2026-05-28,ORCHPHARMA,0.951402,724.35,761.35
2026-06-26,ORCHPHARMA,1.031818,993.95,963.3
2026-01-15,ORIANA,1.045381,1962.65,1877.45
2026-02-02,ORIANA,1.045043,1632.2,1561.85
2026-03-03,ORIANA,1.051382,1888.65,1796.35
2026-03-26,ORIANA,0.976306,1656.4,1696.6
2026-03-31,ORIANA,1.037882,1602.75,1544.25
2026-04-03,ORIANA,0.944766,1711.35,1811.4
2025-11-05,ORICONENT,0.947926,54.61,57.61
2026-03-26,ORICONENT,1.041815,67.27,64.57
2026-04-03,ORICONENT,0.974962,64.25,65.9
2026-06-26,ORICONENT,1.02089,56.69,55.53
2026-01-26,ORIENTALTL,1.02953,7.67,7.45
2026-03-03,ORIENTALTL,1.067742,6.62,6.2
2026-03-31,ORIENTALTL,1.1,4.95,4.5
2026-04-03,ORIENTALTL,0.833871,5.17,6.2
2026-04-14,ORIENTALTL,1.040115,7.26,6.98
2026-06-26,ORIENTALTL,1.028333,6.17,6.0
2025-10-22,ORIENTBELL,0.970593,283.85,292.45
2026-01-26,ORIENTBELL,0.956379,263.1,275.1
2026-03-26,ORIENTBELL,0.929416,259.4,279.1
2026-03-31,ORIENTBELL,1.046562,264.1,252.35
2026-05-01,ORIENTBELL,1.029931,314.85,305.7
2025-11-05,ORIENTCEM,1.027845,218.16,212.25
2026-01-15,ORIENTCEM,0.976873,165.16,169.07
2026-01-26,ORIENTCEM,1.051707,166.99,158.78
2026-02-02,ORIENTCEM,0.973944,153.63,157.74
2026-03-03,ORIENTCEM,1.023781,154.12,150.54
2026-03-26,ORIENTCEM,0.977972,128.75,131.65
2026-03-31,ORIENTCEM,1.027748,126.3,122.89
2026-05-01,ORIENTCEM,1.027677,147.78,143.8
2026-05-28,ORIENTCEM,0.979093,140.49,143.49
2025-10-22,ORIENTCER,0.965471,35.79,37.07
2026-03-03,ORIENTCER,1.040701,38.61,37.1
2026-03-31,ORIENTCER,1.049333,36.16,34.46
2026-04-03,ORIENTCER,0.962827,36.78,38.2
2026-04-14,ORIENTCER,1.031025,41.54,40.29
2026-06-26,ORIENTCER,1.034197,41.13,39.77
2026-01-26,ORIENTELEC,0.955822,170.49,178.37
2026-04-14,ORIENTELEC,1.020726,170.4,166.94
2026-05-28,ORIENTELEC,0.972717,187.89,193.16
2025-11-05,ORIENTHOT,1.021181,122.94,120.39
2026-01-26,ORIENTHOT,1.041281,105.69,101.5
2026-03-03,ORIENTHOT,1.032032,101.49,98.34
2026-03-31,ORIENTHOT,1.05292,86.35,82.01
2025-12-25,ORIENTLTD,0.977113,77.7,79.52
2026-01-26,ORIENTLTD,1.035846,67.62,65.28
2026-02-02,ORIENTLTD,0.942848,60.38,64.04
2026-03-31,ORIENTLTD,0.95748,55.62,58.09
2026-05-01,ORIENTLTD,0.927553,63.12,68.05
2025-10-22,ORIENTPPR,0.975191,25.55,26.2
2026-01-26,ORIENTPPR,1.028802,20.36,19.79
2026-02-02,ORIENTPPR,0.97261,19.53,20.08
2026-03-03,ORIENTPPR,1.030871,18.7,18.14
2026-03-26,ORIENTPPR,0.96869,15.16,15.65
2026-03-31,ORIENTPPR,1.051502,14.7,13.98
2026-01-26,ORIENTTECH,1.037661,338.9,326.6
2026-02-02,ORIENTTECH,1.063564,349.7,328.8
2026-03-03,ORIENTTECH,1.039188,297.0,285.8
2026-03-26,ORIENTTECH,0.969409,250.35,258.25
2026-03-31,ORIENTTECH,1.072545,240.25,224.0
2025-11-05,ORISSAMINE,1.022727,5422.5,5302.0
2026-01-26,ORISSAMINE,1.02634,4442.0,4328.0
2026-03-03,ORISSAMINE,1.037031,4125.1,3977.8
2026-03-26,ORISSAMINE,0.971601,3390.4,3489.5
2026-03-31,ORISSAMINE,1.058007,3306.8,3125.5
2026-05-01,ORISSAMINE,1.022083,4341.5,4247.7
2026-04-14,ORKLAINDIA,1.040432,635.6,610.9
2026-06-26,ORKLAINDIA,0.969017,602.05,621.3
2025-10-22,ORTEL,0.965347,1.95,2.02
2025-11-05,ORTEL,1.055215,1.72,1.63
2026-02-02,ORTEL,1.045113,1.39,1.33
2026-03-03,ORTEL,0.961783,1.51,1.57
2026-04-03,ORTEL,1.024691,1.66,1.62
2026-04-14,ORTEL,0.955056,1.7,1.78
2026-05-01,ORTEL,1.052632,1.8,1.71
2026-06-26,ORTEL,1.052632,1.6,1.52
2025-12-25,ORTINGLOBE,0.97561,14.0,14.35
2026-01-26,ORTINGLOBE,0.968825,12.12,12.51
2026-02-02,ORTINGLOBE,1.022454,12.75,12.47
2026-03-03,ORTINGLOBE,1.050092,17.19,16.37
2026-03-31,ORTINGLOBE,1.031711,13.99,13.56
2026-04-14,ORTINGLOBE,1.041609,15.02,14.42
2026-05-01,ORTINGLOBE,1.021935,15.84,15.5
2026-05-28,ORTINGLOBE,0.95279,15.54,16.31
2025-11-05,OSELDEVICE,0.979677,677.3,691.35
2025-12-25,OSELDEVICE,0.960556,573.5,597.05
2026-01-15,OSELDEVICE,1.023445,502.0,490.5
2026-02-02,OSELDEVICE,1.023982,459.0,448.25
2026-03-03,OSELDEVICE,1.0231,511.55,500.0
2026-03-26,OSELDEVICE,0.952615,504.6,529.7
2026-03-31,OSELDEVICE,1.030112,523.4,508.1
2026-05-28,OSELDEVICE,1.04993,521.5,496.7
2026-06-26,OSELDEVICE,0.967905,450.85,465.8
2025-11-05,OSIAHYPER,1.028502,21.29,20.7
2025-12-25,OSIAHYPER,1.052185,16.13,15.33
2026-03-03,OSIAHYPER,1.052439,8.63,8.2
2026-03-26,OSIAHYPER,1.051163,4.52,4.3
2026-03-31,OSIAHYPER,1.051414,4.09,3.89
2026-04-03,OSIAHYPER,1.051136,3.7,3.52
2026-04-14,OSIAHYPER,0.952941,4.05,4.25
2026-05-01,OSIAHYPER,1.05153,6.53,6.21
2026-05-28,OSIAHYPER,0.958225,3.67,3.83
2025-11-05,OSWALAGRO,1.038139,79.21,76.3
2026-02-02,OSWALAGRO,1.143803,55.28,48.33
2026-03-03,OSWALAGRO,1.050178,47.3,45.04
2026-03-31,OSWALAGRO,1.171142,39.69,33.89
2026-04-14,OSWALAGRO,1.028462,50.95,49.54
2026-05-28,OSWALAGRO,1.049967,48.12,45.83
2026-01-26,OSWALGREEN,1.047692,27.46,26.21
2026-03-03,OSWALGREEN,1.054222,27.22,25.82
2026-03-26,OSWALGREEN,0.944258,22.53,23.86
2026-03-31,OSWALGREEN,1.098147,21.93,19.97
2026-05-28,OSWALGREEN,1.058946,25.33,23.92
2025-12-25,OSWALPUMPS,0.976247,530.2,543.1
2026-01-26,OSWALPUMPS,1.062116,424.05,399.25
2026-02-02,OSWALPUMPS,0.947096,375.05,396.0
2026-03-03,OSWALPUMPS,1.035088,315.65,304.95
2026-03-31,OSWALPUMPS,1.044781,303.3,290.3
2026-05-28,OSWALPUMPS,0.975448,353.6,362.5
2025-11-05,OSWALSEEDS,0.976067,15.09,15.46
2025-12-25,OSWALSEEDS,0.952381,18.4,19.32
2026-03-03,OSWALSEEDS,1.048957,13.07,12.46
2026-03-31,OSWALSEEDS,1.06999,11.16,10.43
2026-04-14,OSWALSEEDS,1.023482,12.64,12.35
2025-10-22,OWAIS,0.946069,488.55,516.4
2026-01-15,OWAIS,0.910648,207.4,227.75
2026-01-26,OWAIS,1.051964,261.15,248.25
2026-03-03,OWAIS,1.052529,161.3,153.25
2026-03-26,OWAIS,0.952632,117.65,123.5
2026-03-31,OWAIS,1.052565,125.15,118.9
2026-04-03,OWAIS,1.036073,113.45,109.5
2026-04-14,OWAIS,0.952698,135.95,142.7
2026-05-01,OWAIS,1.052432,180.65,171.65
2026-05-28,OWAIS,1.032175,139.55,135.2
2026-06-26,OWAIS,0.95272,113.85,119.5
2025-10-22,PACEDIGITK,0.977939,214.99,219.84
2026-02-02,PACEDIGITK,0.977376,167.62,171.5
2026-03-03,PACEDIGITK,1.035128,171.5,165.68
2026-03-31,PACEDIGITK,1.071973,151.92,141.72
2026-05-01,PACEDIGITK,1.029457,175.79,170.76
2026-06-26,PACEDIGITK,1.06369,212.77,200.03
2026-03-03,PAGEIND,1.029992,32110.0,31175.0
2026-04-03,PAGEIND,0.960966,32620.0,33945.0
2025-10-22,PAISALO,0.979146,38.97,39.8
2026-03-03,PAISALO,1.047731,35.56,33.94
2026-05-01,PAISALO,0.953744,47.63,49.94
2026-01-26,PAKKA,1.034815,92.44,89.33
2026-03-03,PAKKA,1.034514,90.22,87.21
2026-03-31,PAKKA,1.056114,85.07,80.55
2025-12-25,PALASHSECU,0.977796,107.01,109.44
2026-01-15,PALASHSECU,0.971759,98.41,101.27
2026-02-02,PALASHSECU,0.9788,97.42,99.53
2026-03-03,PALASHSECU,1.030217,94.78,92.0
2026-04-14,PALASHSECU,0.978072,93.67,95.77
2026-05-01,PALASHSECU,1.027905,96.88,94.25
2025-10-22,PALREDTEC,0.965996,57.1,59.11
2025-12-25,PALREDTEC,1.034971,38.77,37.46
2026-01-15,PALREDTEC,1.037969,47.02,45.3
2026-01-26,PALREDTEC,1.027079,37.55,36.56
2026-03-03,PALREDTEC,1.027462,32.55,31.68
2026-03-26,PALREDTEC,0.974394,28.92,29.68
2026-03-31,PALREDTEC,1.050928,28.89,27.49
2026-04-03,PALREDTEC,0.96651,28.86,29.86
2026-04-14,PALREDTEC,0.965396,32.92,34.1
2026-05-01,PALREDTEC,0.979526,39.23,40.05
2026-05-28,PALREDTEC,0.958985,45.36,47.3
2025-10-22,PANACEABIO,0.979148,434.35,443.6
2026-03-31,PANACEABIO,1.080223,319.8,296.05
2026-05-01,PANACEABIO,1.026866,370.75,361.05
2026-05-28,PANACEABIO,1.026383,424.05,413.15
2025-10-22,PANACHE,1.020347,411.2,403.0
2026-01-26,PANACHE,1.046962,261.95,250.2
2026-02-02,PANACHE,1.049946,294.3,280.3
2026-03-03,PANACHE,1.052607,340.15,323.15
2026-03-31,PANACHE,1.027455,291.9,284.1
2026-04-14,PANACHE,1.0474,307.15,293.25
2026-05-01,PANACHE,0.952498,347.9,365.25
2026-06-26,PANACHE,0.971336,421.9,434.35
2025-10-22,PANAMAPET,0.971118,272.35,280.45
2026-03-03,PANAMAPET,1.032667,281.35,272.45
2026-03-31,PANAMAPET,1.079707,250.6,232.1
2026-04-03,PANAMAPET,0.954571,255.72,267.89
2026-04-14,PANAMAPET,1.027232,269.33,262.19
2026-05-28,PANAMAPET,1.030272,350.55,340.25
2026-06-26,PANAMAPET,1.110411,449.55,404.85
2025-10-22,PANSARI,0.962587,256.0,265.95
2026-01-15,PANSARI,0.959688,301.15,313.8
2026-02-02,PANSARI,0.969079,280.5,289.45
2026-03-31,PANSARI,1.02947,260.25,252.8
2026-05-01,PANSARI,1.051955,314.85,299.3
2026-06-26,PANSARI,1.027598,294.15,286.25
2025-11-05,PAR,1.02592,101.72,99.15
2025-12-25,PAR,0.977017,105.0,107.47
2026-03-03,PAR,1.03977,95.69,92.03
2026-03-31,PAR,1.024943,80.54,78.58
2026-05-28,PAR,1.022488,92.3,90.27
2025-12-25,PARACABLES,0.946839,35.8,37.81
2026-01-26,PARACABLES,1.037592,32.57,31.39
2026-02-02,PARACABLES,0.977818,32.62,33.36
2026-03-03,PARACABLES,1.020205,34.84,34.15
2026-03-31,PARACABLES,1.07423,30.68,28.56
2026-01-26,PARADEEP,1.039904,134.21,129.06
2026-02-02,PARADEEP,0.975034,135.52,138.99
2026-03-03,PARADEEP,1.060765,121.5,114.54
2026-03-31,PARADEEP,1.041123,111.65,107.24
2026-01-26,PARAGMILK,1.036036,270.25,260.85
2026-02-02,PARAGMILK,0.9603,243.1,253.15
2026-03-26,PARAGMILK,0.977188,197.05,201.65
2026-03-31,PARAGMILK,1.057545,190.21,179.86
2026-06-26,PARAGMILK,0.95954,224.35,233.81
2025-12-25,PARAGON,1.067797,40.95,38.35
2026-01-15,PARAGON,1.05,40.95,39.0
2026-01-26,PARAGON,1.044655,38.6,36.95
2026-03-03,PARAGON,1.020788,46.65,45.7
2026-03-31,PARAGON,1.036517,36.9,35.6
2026-05-28,PARAGON,0.87025,46.95,53.95
2025-10-22,PARAMATRIX,1.08742,76.5,70.35
2026-01-15,PARAMATRIX,1.030585,77.5,75.2
2026-03-31,PARAMATRIX,0.877863,57.5,65.5
2026-04-03,PARAMATRIX,1.021774,63.35,62.0
2026-05-01,PARAMATRIX,1.021739,70.5,69.0
2026-05-28,PARAMATRIX,0.970588,66.0,68.0
2025-11-05,PARAMOUNT,1.039216,53.0,51.0
2026-01-26,PARAMOUNT,1.040793,44.65,42.9
2026-02-02,PARAMOUNT,0.948805,41.7,43.95
2026-03-03,PARAMOUNT,1.036145,43.0,41.5
2026-03-26,PARAMOUNT,1.02356,39.1,38.2
2026-03-31,PARAMOUNT,1.089552,36.5,33.5
2026-06-26,PARAMOUNT,1.037787,38.45,37.05
2026-06-26,PARAMPARA,0.960352,10.9,11.35
2026-01-26,PARAS,1.040453,648.15,622.95
2026-02-02,PARAS,0.919397,655.3,712.75
2026-03-03,PARAS,0.950734,637.8,670.85
2026-03-26,PARAS,0.965324,619.4,641.65
2026-03-31,PARAS,1.051319,625.85,595.3
2026-04-14,PARAS,0.96508,681.25,705.9
2026-05-01,PARAS,1.021467,811.3,794.25
2026-06-26,PARAS,1.044336,1288.45,1233.75
2026-01-15,PARASPETRO,1.027027,1.9,1.85
2026-02-02,PARASPETRO,1.097015,2.94,2.68
2026-03-03,PARASPETRO,1.048309,2.17,2.07
2026-05-28,PARASPETRO,1.024752,2.07,2.02
2025-10-22,PARIN,0.964174,539.6,559.65
2026-01-15,PARIN,1.032737,612.0,592.6
2026-04-03,PARIN,0.914646,565.8,618.6
2026-03-26,PARKHOSPS,1.026236,205.36,200.11
2026-03-31,PARKHOSPS,1.052299,200.0,190.06
2026-05-01,PARKHOSPS,1.020043,235.13,230.51
2026-01-26,PARKHOTELS,1.031149,124.8,121.03
2026-02-02,PARKHOTELS,1.035,125.68,121.43
2026-03-03,PARKHOTELS,1.047064,125.7,120.05
2026-03-31,PARKHOTELS,1.056408,101.88,96.44
2026-05-28,PARKHOTELS,1.034387,123.33,119.23
2025-10-22,PARSVNATH,0.919729,16.27,17.69
2025-12-25,PARSVNATH,0.961606,11.02,11.46
2026-02-02,PARSVNATH,0.979661,8.67,8.85
2026-03-03,PARSVNATH,1.081744,7.94,7.34
2026-03-26,PARSVNATH,0.955224,6.4,6.7
2026-03-31,PARSVNATH,1.028523,6.13,5.96
2026-04-03,PARSVNATH,1.033956,6.09,5.89
2026-04-14,PARSVNATH,0.889868,8.08,9.08
2026-05-01,PARSVNATH,1.031807,8.11,7.86
2025-11-05,PARTH,0.979907,253.6,258.8
2025-12-25,PARTH,1.0277,218.9,213.0
2026-01-15,PARTH,1.027383,202.6,197.2
2026-01-26,PARTH,1.050358,220.05,209.5
2026-03-03,PARTH,1.075418,263.8,245.3
2026-03-26,PARTH,0.977049,298.0,305.0
2026-03-31,PARTH,1.031071,297.0,288.05
2026-04-03,PARTH,0.976821,295.0,302.0
2026-05-01,PARTH,0.952409,328.2,344.6
2026-05-28,PARTH,1.028667,462.9,450.0
2025-12-25,PARTYCRUS,0.969186,83.35,86.0
2026-03-26,PARTYCRUS,0.963855,80.0,83.0
2026-03-31,PARTYCRUS,1.047239,78.7,75.15
2026-05-28,PARTYCRUS,0.964953,103.25,107.0
2026-06-26,PARTYCRUS,0.972826,89.5,92.0
2025-12-25,PASHUPATI,1.020806,826.7,809.85
2026-01-26,PASHUPATI,1.054634,804.0,762.35
2026-05-28,PASHUPATI,1.021575,98.96,96.87
2025-11-05,PASUPTAC,1.030201,55.26,53.64
2026-01-26,PASUPTAC,1.035278,45.78,44.22
2026-02-02,PASUPTAC,0.974593,44.88,46.05
2026-03-03,PASUPTAC,1.071572,53.3,49.74
2026-03-31,PASUPTAC,1.021032,41.75,40.89
2026-05-28,PASUPTAC,0.941708,58.32,61.93
2026-06-26,PASUPTAC,1.025322,65.19,63.58
2026-03-26,PATANJALI,0.974644,472.8,485.1
2026-03-31,PATANJALI,1.036324,476.45,459.75
2026-05-28,PATANJALI,1.024189,465.75,454.75
2025-12-25,PATELENG,1.030106,30.11,29.23
2026-01-15,PATELENG,0.969354,26.57,27.41
2026-01-26,PATELENG,1.049964,29.42,28.02
2026-03-03,PATELENG,1.046265,27.59,26.37
2026-03-26,PATELENG,0.972929,24.08,24.75
2026-03-31,PATELENG,1.058559,23.5,22.2
2026-06-26,PATELENG,1.022439,34.63,33.87
2025-12-25,PATELRMART,1.027301,212.6,206.95
2026-03-03,PATELRMART,1.034699,178.32,172.34
2026-03-31,PATELRMART,1.02136,154.45,151.22
2026-05-28,PATELRMART,1.039879,192.18,184.81
2025-10-22,PATILAUTOM,0.979224,179.1,182.9
2026-01-26,PATILAUTOM,1.020312,163.25,160.0
2026-03-31,PATILAUTOM,1.072581,126.35,117.8
2026-04-03,PATILAUTOM,0.950149,127.7,134.4
2026-05-01,PATILAUTOM,0.972958,172.7,177.5
2026-05-28,PATILAUTOM,1.028323,183.35,178.3
2026-06-26,PATILAUTOM,0.952495,199.5,209.45
2026-03-31,PATINTLOG,1.042373,8.61,8.26
2026-04-14,PATINTLOG,1.023148,11.05,10.8
2026-05-28,PATINTLOG,0.976693,13.41,13.73
2026-06-26,PATINTLOG,0.952381,15.2,15.96
2025-10-22,PATTECH,0.952465,108.2,113.6
2025-12-25,PATTECH,0.952423,108.1,113.5
2026-01-26,PATTECH,1.052528,107.2,101.85
2026-03-26,PATTECH,1.052493,100.25,95.25
2026-03-31,PATTECH,1.052632,95.0,90.25
2026-05-01,PATTECH,0.952381,106.0,111.3
2026-01-26,PAUSHAKLTD,1.020091,535.65,525.1
2026-03-03,PAUSHAKLTD,1.058574,460.85,435.35
2026-03-31,PAUSHAKLTD,1.078284,371.9,344.9
2026-04-03,PAUSHAKLTD,0.954325,383.4,401.75
2026-04-14,PAUSHAKLTD,0.970609,482.15,496.75
2026-01-15,PAVNAIND,1.059089,21.15,19.97
2026-01-26,PAVNAIND,0.958261,16.53,17.25
2026-03-03,PAVNAIND,1.0762,20.62,19.16
2026-03-31,PAVNAIND,1.065493,15.13,14.2
2026-04-14,PAVNAIND,0.893281,18.08,20.24
2026-05-01,PAVNAIND,1.047445,20.09,19.18
2026-05-28,PAVNAIND,0.968984,18.12,18.7
2026-06-26,PAVNAIND,0.97449,17.19,17.64
2026-01-15,PAYTM,0.975862,1281.6,1313.3
2026-01-26,PAYTM,1.106867,1260.5,1138.8
2026-03-03,PAYTM,1.036719,1098.3,1059.4
2026-03-26,PAYTM,0.971104,1035.1,1065.9
2026-03-31,PAYTM,1.051929,1008.8,959.0
2026-06-26,PAYTM,0.966661,1087.3,1124.8
2026-01-26,PCBL,1.050255,277.95,264.65
2026-03-03,PCBL,1.048636,309.4,295.05
2026-03-26,PCBL,0.864319,233.15,269.75
2026-03-31,PCBL,1.05621,255.55,241.95
2026-05-01,PCBL,1.028047,298.73,290.58
2025-10-22,PCCL,0.955171,176.85,185.15
2025-11-05,PCCL,1.022129,182.45,178.5
2026-02-02,PCCL,0.891309,210.75,236.45
2026-03-03,PCCL,1.063409,233.95,220.0
2026-03-31,PCCL,1.063545,238.5,224.25
2026-04-03,PCCL,0.977092,245.25,251.0
2026-05-28,PCCL,1.04351,289.0,276.95
2025-11-05,PCJEWELLER,0.960199,11.58,12.06
2026-02-02,PCJEWELLER,0.966134,10.27,10.63
2026-03-03,PCJEWELLER,1.059829,9.92,9.36
2026-03-31,PCJEWELLER,1.05284,7.97,7.57
2026-06-26,PCJEWELLER,1.024504,8.78,8.57
2025-12-25,PDMJEPAPER,1.024071,97.85,95.55
2026-02-02,PDMJEPAPER,1.030105,86.91,84.37
2026-03-03,PDMJEPAPER,1.046222,83.07,79.4
2026-03-26,PDMJEPAPER,0.973849,70.01,71.89
2026-03-31,PDMJEPAPER,1.044325,68.09,65.2
2026-04-03,PDMJEPAPER,0.977386,70.88,72.52
2025-10-22,PDSL,0.950082,316.9,333.55
2026-03-03,PDSL,1.022689,304.25,297.5
2026-03-26,PDSL,0.973189,274.05,281.6
2026-04-03,PDSL,0.976504,278.45,285.15
2026-04-14,PDSL,1.021295,294.95,288.8
2026-03-31,PEARLPOLY,1.07917,14.04,13.01
2026-04-03,PEARLPOLY,0.9389,13.83,14.73
2026-04-14,PEARLPOLY,1.023752,16.81,16.42
2026-01-26,PELATRO,1.029225,324.0,314.8
2026-02-02,PELATRO,0.956129,296.4,310.0
2026-03-26,PELATRO,0.933733,272.65,292.0
2026-03-31,PELATRO,1.040185,280.85,270.0
2026-04-03,PELATRO,0.975171,284.75,292.0
2026-04-14,PELATRO,0.978477,295.5,302.0
2026-05-01,PELATRO,0.954847,295.0,308.95
2026-06-26,PELATRO,1.032,283.8,275.0
2025-10-22,PENIND,0.965728,232.47,240.72
2026-01-15,PENIND,1.022857,187.5,183.31
2026-01-26,PENIND,1.027248,161.73,157.44
2026-02-02,PENIND,0.944685,161.39,170.84
2026-03-31,PENIND,1.042774,136.52,130.92
2026-05-28,PENIND,0.912851,156.91,171.89
2026-01-26,PENINLAND,1.030348,20.71,20.1
2026-03-03,PENINLAND,1.031656,18.25,17.69
2026-03-31,PENINLAND,1.074339,15.03,13.99
2026-04-14,PENINLAND,0.97668,17.59,18.01
2026-05-01,PENINLAND,1.020456,17.46,17.11
2025-10-22,PENTAGON,0.978082,71.4,73.0
2025-11-05,PENTAGON,0.952855,90.95,95.45
2026-03-03,PENTAGON,1.02381,64.5,63.0
2026-03-26,PENTAGON,0.952381,60.0,63.0
2026-03-31,PENTAGON,1.054545,58.0,55.0
2026-05-01,PENTAGON,0.977925,66.45,67.95
2025-12-25,PERSISTENT,1.021488,6489.0,6352.5
2026-01-26,PERSISTENT,1.026889,6320.5,6155.0
2026-04-03,PERSISTENT,0.965836,5049.1,5227.7
2026-02-02,PETRONET,0.970664,281.25,289.75
2026-03-03,PETRONET,1.047789,323.4,308.65
2026-03-26,PETRONET,0.968181,241.9,249.85
2026-04-14,PETRONET,1.023437,270.74,264.54
2026-03-31,PFC,1.043478,396.0,379.5
2026-05-01,PFC,1.036463,464.75,448.4
2026-01-26,PFIZER,1.028817,4723.3,4591.0
2026-03-03,PFIZER,1.030683,5062.2,4911.5
2025-11-05,PFOCUS,1.034799,186.15,179.89
2025-12-25,PFOCUS,0.928909,224.22,241.38
2026-01-26,PFOCUS,1.062523,231.12,217.52
2026-03-03,PFOCUS,0.925477,254.83,275.35
2026-03-26,PFOCUS,0.964247,308.8,320.25
2026-01-26,PFS,1.028141,30.69,29.85
2026-03-03,PFS,1.055251,30.75,29.14
2026-03-26,PFS,0.972313,26.69,27.45
2026-03-31,PFS,1.08788,26.12,24.01
2026-05-01,PFS,1.023092,31.9,31.18
2026-01-26,PGEL,1.039287,530.4,510.35
2026-03-26,PGEL,0.970031,501.7,517.2
2026-03-31,PGEL,1.038519,488.0,469.9
2026-04-03,PGEL,1.058202,480.9,454.45
2026-05-01,PGEL,1.031367,550.75,534.0
2026-05-01,PGHH,1.022077,10370.5,10146.5
2026-05-28,PGHH,0.976075,9873.0,10115.0
2026-05-28,PGHL,0.904762,5652.5,6247.5
2026-01-15,PGIL,1.030919,1500.4,1455.4
2026-01-26,PGIL,1.036629,1440.5,1389.6
2026-02-02,PGIL,1.027865,1600.9,1557.5
2026-03-03,PGIL,1.029367,1538.8,1494.9
2026-03-26,PGIL,0.978194,1408.6,1440.0
2026-03-31,PGIL,1.028139,1392.1,1354.0
2026-04-03,PGIL,0.977862,1453.2,1486.1
2025-10-22,PHANTOMFX,0.974883,229.0,234.9
2025-11-05,PHANTOMFX,0.972656,249.0,256.0
2026-01-26,PHANTOMFX,1.026012,213.0,207.6
2026-03-03,PHANTOMFX,1.068306,215.05,201.3
2026-03-31,PHANTOMFX,1.059046,167.7,158.35
2026-05-28,PHANTOMFX,0.964666,185.65,192.45
2026-01-26,PHOENIXLTD,1.024153,1768.2,1726.5
2026-03-26,PHOENIXLTD,0.956425,1503.5,1572.0
2025-10-22,PHOGLOBAL,0.976134,20.45,20.95
2025-11-05,PHOGLOBAL,0.933333,20.3,21.75
2026-01-26,PHOGLOBAL,0.868852,18.55,21.35
2026-04-03,PHOGLOBAL,0.95107,15.55,16.35
2026-05-01,PHOGLOBAL,0.973684,18.5,19.0
2025-11-05,PICCADIL,1.026115,707.25,689.25
2026-01-26,PICCADIL,1.042811,628.45,602.65
2026-03-03,PICCADIL,1.047543,560.75,535.3
2026-03-31,PICCADIL,1.03286,534.35,517.35
2026-03-26,PIDILITIND,0.977546,1332.2,1362.8
2026-03-31,PIDILITIND,1.023268,1314.9,1285.0
2026-04-03,PIDILITIND,1.026225,1307.0,1273.6
2026-04-14,PIDILITIND,1.023068,1357.1,1326.5
2025-10-22,PIGL,0.979999,167.08,170.49
2025-12-25,PIGL,1.022115,129.41,126.61
2026-01-26,PIGL,1.021167,105.17,102.99
2026-02-02,PIGL,0.961404,104.12,108.3
2026-03-26,PIGL,0.938082,100.75,107.4
2026-03-31,PIGL,1.05154,102.42,97.4
2026-04-03,PIGL,0.973456,103.42,106.24
2026-04-14,PIGL,0.973401,110.52,113.54
2026-02-02,PIIND,0.969519,3098.0,3195.4
2026-03-26,PIIND,0.949611,2759.0,2905.4
2026-03-31,PIIND,1.033838,2810.8,2718.8
2026-06-26,PIIND,1.023055,2746.8,2684.9
2026-01-26,PILANIINVS,1.02775,4703.5,4576.5
2026-03-03,PILANIINVS,1.028878,4596.0,4467.0
2026-03-31,PILANIINVS,1.054054,4379.7,4155.1
2026-01-26,PILITA,1.050286,9.19,8.75
2026-03-03,PILITA,1.062578,8.49,7.99
2026-03-26,PILITA,0.978752,7.37,7.53
2026-03-31,PILITA,1.079563,6.92,6.41
2026-01-15,PINELABS,0.951659,215.17,226.1
2026-03-03,PINELABS,1.048336,190.21,181.44
2026-03-31,PINELABS,1.033231,161.37,156.18
2026-04-03,PINELABS,1.024678,156.54,152.77
2026-05-28,PINELABS,0.945896,137.94,145.83
2025-11-05,PIONEEREMB,1.029666,35.75,34.72
2026-01-15,PIONEEREMB,0.964776,27.39,28.39
2026-01-26,PIONEEREMB,1.033662,25.18,24.36
2026-02-02,PIONEEREMB,1.053557,26.95,25.58
2026-03-31,PIONEEREMB,1.128514,22.48,19.92
2026-04-14,PIONEEREMB,1.057307,25.83,24.43
2026-05-01,PIONEEREMB,1.029975,28.52,27.69
2026-05-28,PIONEEREMB,0.976533,25.8,26.42
2026-06-26,PIONEEREMB,1.024779,23.16,22.6
2026-05-28,PIONRINV,0.926919,118.21,127.53
2026-06-26,PIONRINV,0.958024,87.64,91.48
2026-03-03,PIRAMALFIN,0.965353,1738.6,1801.0
2026-01-26,PITTIENG,0.955353,693.3,725.7
2026-02-02,PITTIENG,0.976522,767.4,785.85
2026-03-31,PITTIENG,1.054555,725.85,688.3
2026-05-28,PITTIENG,0.958394,928.3,968.6
2026-06-26,PIXTRANS,0.897946,1612.8,1796.1
2026-02-02,PKTEA,1.034848,683.0,660.0
2026-03-03,PKTEA,1.03268,790.0,765.0
2026-04-03,PKTEA,1.043997,840.0,804.6
2026-05-01,PKTEA,1.024051,809.0,790.0
2026-06-26,PKTEA,1.020075,780.0,764.65
2026-01-26,PLADAINFO,1.050725,14.5,13.8
2026-02-09,PLADAINFO,0.958621,13.9,14.5
2026-03-03,PLADAINFO,1.051724,12.2,11.6
2026-03-26,PLADAINFO,0.959596,9.5,9.9
2026-04-03,PLADAINFO,1.046875,10.05,9.6
2026-04-14,PLADAINFO,0.960352,10.9,11.35
2026-05-28,PLADAINFO,0.954955,10.6,11.1
2026-01-26,PLASTIBLEN,1.039887,154.34,148.42
2026-03-03,PLASTIBLEN,1.056267,146.8,138.98
2026-03-31,PLASTIBLEN,1.040635,126.51,121.57
2026-04-03,PLASTIBLEN,0.972823,126.0,129.52
2026-04-14,PLASTIBLEN,0.975457,141.49,145.05
2026-05-01,PLASTIBLEN,1.028465,171.98,167.22
2025-12-25,PLATIND,1.025125,267.25,260.7
2026-01-15,PLATIND,1.033562,235.28,227.64
2026-02-02,PLATIND,0.9505,223.51,235.15
2026-03-03,PLATIND,1.068752,222.14,207.85
2026-03-31,PLATIND,1.053816,195.23,185.26
2026-06-26,PLATIND,1.036041,229.11,221.14
2026-01-26,PLAZACABLE,1.032358,36.69,35.54
2026-02-02,PLAZACABLE,1.024422,39.85,38.9
2026-03-03,PLAZACABLE,1.065072,38.3,35.96
2026-03-31,PLAZACABLE,1.077005,30.35,28.18
2026-04-03,PLAZACABLE,0.975015,32.0,32.82
2026-05-01,PML,1.029293,572.75,556.45
2026-01-15,PNB,0.967672,124.52,128.68
2026-01-26,PNB,1.041698,125.16,120.15
2026-02-02,PNB,0.971244,121.59,125.19
2026-03-03,PNB,1.026894,129.44,126.05
2026-03-26,PNB,0.974471,107.26,110.07
2026-03-31,PNB,1.045446,105.13,100.56
2025-12-25,PNBGILTS,0.9766,80.13,82.05
2026-01-26,PNBGILTS,1.039948,80.18,77.1
2026-03-03,PNBGILTS,1.030557,79.93,77.56
2026-03-31,PNBGILTS,1.051893,62.23,59.16
2026-04-14,PNBGILTS,0.963034,70.34,73.04
2025-12-25,PNBHOUSING,0.965383,932.85,966.3
2026-01-26,PNBHOUSING,1.0589,860.25,812.4
2026-02-02,PNBHOUSING,0.979268,805.35,822.4
2026-03-26,PNBHOUSING,0.974341,782.25,802.85
2026-03-31,PNBHOUSING,1.052447,794.65,755.05
2026-04-14,PNBHOUSING,1.021378,864.75,846.65
2025-10-22,PNC,0.954813,29.16,30.54
2025-11-05,PNC,1.022207,29.0,28.37
2026-01-15,PNC,0.957137,25.01,26.13
2026-02-02,PNC,1.020619,23.76,23.28
2026-03-03,PNC,1.063406,23.48,22.08
2026-03-26,PNC,0.97817,18.82,19.24
2026-03-31,PNC,1.067633,17.68,16.56
2026-04-03,PNC,0.973945,18.69,19.19
2026-04-14,PNC,1.020408,23.0,22.54
2026-05-01,PNC,0.96041,20.62,21.47
2026-06-26,PNC,0.950508,21.51,22.63
2026-01-26,PNCINFRA,1.040915,225.15,216.3
2026-02-02,PNCINFRA,1.03483,225.8,218.2
2026-03-26,PNCINFRA,0.976037,173.92,178.19
2026-03-31,PNCINFRA,1.055621,169.48,160.55
2026-03-03,PNGJL,1.044268,552.0,528.6
2026-03-31,PNGJL,1.042189,553.35,530.95
2026-05-01,PNGJL,1.022792,668.65,653.75
2026-03-31,PNGSREVA,1.057414,350.85,331.8
2026-04-14,PNGSREVA,1.030199,375.25,364.25
2026-05-28,PNGSREVA,1.029223,392.7,381.55
2025-11-05,POCL,1.033839,1356.5,1312.1
2026-01-15,POCL,0.96003,1385.9,1443.6
2026-01-26,POCL,1.027305,1320.6,1285.5
2026-03-03,POCL,1.038985,1146.0,1103.0
2026-03-26,POCL,0.965029,1062.4,1100.9
2026-03-31,POCL,1.061214,1073.1,1011.2
2026-05-01,POCL,0.956597,1318.0,1377.8
2026-05-28,POCL,1.068036,1394.0,1305.2
2026-06-26,POCL,1.026494,1352.2,1317.3
2026-03-31,PODDARMENT,1.025826,208.14,202.9
2025-12-25,POKARNA,1.022594,855.4,836.5
2026-01-26,POKARNA,1.039048,749.05,720.9
2026-02-02,POKARNA,0.956305,701.45,733.5
2026-03-26,POKARNA,0.951809,878.9,923.4
2026-03-31,POKARNA,1.068741,887.75,830.65
2026-05-28,POKARNA,1.02759,836.15,813.7
2026-06-26,POKARNA,1.042678,1132.4,1086.05
2026-01-26,POLICYBZR,1.024314,1714.6,1673.9
2026-02-02,POLICYBZR,0.978604,1619.1,1654.5
2026-03-31,POLICYBZR,1.021992,1459.2,1427.8
2026-04-14,POLICYBZR,1.039092,1509.8,1453.0
2026-01-15,POLYCAB,1.031611,7555.0,7323.5
2026-01-26,POLYCAB,1.041208,6999.0,6722.0
2026-02-02,POLYCAB,0.972268,6819.0,7013.5
2026-03-31,POLYCAB,1.032659,7067.0,6843.5
2026-04-14,POLYCAB,1.023847,7728.0,7548.0
2025-10-22,POLYMED,0.971417,1879.4,1934.7
2025-11-05,POLYMED,0.979235,1914.6,1955.2
2026-01-15,POLYMED,1.028018,1713.5,1666.8
2026-03-03,POLYMED,0.955936,1256.1,1314.0
2026-03-26,POLYMED,0.955243,1244.3,1302.6
2026-03-31,POLYMED,1.032743,1230.1,1191.1
2026-04-03,POLYMED,0.961775,1283.2,1334.2
2026-05-28,POLYMED,1.082312,1439.8,1330.3
2026-01-15,POLYPLEX,0.970789,815.9,840.45
2026-03-26,POLYPLEX,1.025065,830.2,809.9
2026-03-31,POLYPLEX,1.040653,778.2,747.8
2026-06-26,POLYPLEX,1.054709,1038.15,984.3
2025-12-25,POLYSIL,1.049834,316.0,301.0
2026-01-15,POLYSIL,0.952556,219.85,230.8
2026-01-26,POLYSIL,0.952764,218.85,229.7
2026-02-02,POLYSIL,0.964106,220.25,228.45
2026-03-03,POLYSIL,1.04,208.0,200.0
2026-03-26,POLYSIL,0.952663,152.95,160.55
2026-04-03,POLYSIL,0.952693,167.15,175.45
2026-04-14,POLYSIL,1.020296,186.0,182.3
2026-05-01,POLYSIL,1.020104,157.3,154.2
2026-05-28,POLYSIL,0.952988,130.75,137.2
2026-06-26,POLYSIL,1.039928,144.55,139.0
2026-02-02,PONNIERODE,0.964963,267.15,276.85
2026-03-03,PONNIERODE,1.038828,272.9,262.7
2026-03-26,PONNIERODE,0.971063,261.75,269.55
2026-01-15,POONAWALLA,0.978568,461.15,471.25
2026-01-26,POONAWALLA,1.080357,447.7,414.4
2026-02-02,POONAWALLA,0.977193,389.9,399.0
2026-03-03,POONAWALLA,1.03729,454.8,438.45
2026-03-26,POONAWALLA,0.97645,381.45,390.65
2026-03-31,POONAWALLA,1.043838,384.55,368.4
2026-04-03,POONAWALLA,0.972921,382.65,393.3
2026-04-14,POONAWALLA,0.979205,400.25,408.75
2026-06-26,POONAWALLA,0.972405,428.15,440.3
2025-11-05,POSITRON,1.025918,380.0,370.4
2026-01-15,POSITRON,0.977699,179.75,183.85
2026-02-02,POSITRON,0.935693,173.15,185.05
2026-03-26,POSITRON,1.024328,120.0,117.15
2026-04-03,POSITRON,0.904599,119.0,131.55
2025-11-05,POWERGRID,1.032073,288.0,279.05
2026-01-26,POWERGRID,1.020067,259.25,254.15
2026-02-02,POWERGRID,0.979922,251.35,256.5
2026-05-28,POWERGRID,0.974679,292.55,300.15
2026-06-26,POWERGRID,1.024657,290.9,283.9
2025-11-05,POWERINDIA,0.875935,17919.0,20457.0
2026-01-26,POWERINDIA,1.020968,16847.0,16501.0
2026-02-02,POWERINDIA,0.959972,18107.0,18862.0
2026-03-26,POWERINDIA,0.974873,25025.0,25670.0
2026-05-28,POWERINDIA,0.958589,35995.0,37550.0
2026-01-15,POWERMECH,1.022744,2311.3,2259.9
2026-01-26,POWERMECH,1.055926,2105.2,1993.7
2026-02-02,POWERMECH,0.970208,2012.6,2074.4
2026-03-03,POWERMECH,1.038242,2076.9,2000.4
2026-03-26,POWERMECH,0.979666,1879.0,1918.0
2026-03-31,POWERMECH,1.05217,1823.2,1732.8
2026-04-14,POWERMECH,1.021361,2261.6,2214.3
2025-10-22,PPAP,0.966222,262.88,272.07
2026-01-26,PPAP,1.024277,202.52,197.72
2026-02-02,PPAP,0.978669,192.24,196.43
2026-03-26,PPAP,0.972635,191.22,196.6
2026-03-31,PPAP,1.036001,183.31,176.94
2026-05-01,PPAP,1.03422,210.05,203.1
2026-06-26,PPAP,1.039884,240.39,231.17
2025-10-22,PPL,0.951448,289.05,303.8
2026-01-26,PPL,1.023374,198.77,194.23
2026-02-02,PPL,0.960801,206.38,214.8
2026-03-03,PPL,1.029159,205.06,199.25
2026-03-26,PPL,0.979951,186.22,190.03
2026-03-31,PPL,1.068535,175.4,164.15
2026-01-26,PPLPHARMA,1.033617,156.5,151.41
2026-03-03,PPLPHARMA,1.021726,156.13,152.81
2026-03-26,PPLPHARMA,0.964627,136.08,141.07
2026-03-31,PPLPHARMA,1.051414,143.56,136.54
2026-05-28,PPLPHARMA,1.026515,178.86,174.24
2026-06-26,PPLPHARMA,1.028326,172.44,167.69
2025-11-05,PPSL,1.054393,12.6,11.95
2026-01-15,PPSL,1.022099,9.25,9.05
2026-01-26,PPSL,1.055866,9.45,8.95
2026-03-03,PPSL,0.955975,7.6,7.95
2026-03-26,PPSL,1.089655,7.9,7.25
2026-03-31,PPSL,1.12963,6.1,5.4
2026-04-03,PPSL,0.975,5.85,6.0
2026-04-14,PPSL,1.032258,8.0,7.75
2026-05-28,PPSL,0.969925,6.45,6.65
2026-06-26,PPSL,1.051282,4.1,3.9
2025-10-22,PRABHA,0.97703,207.57,212.45
2026-01-15,PRABHA,1.034102,168.6,163.04
2026-02-02,PRABHA,1.053604,158.03,149.99
2026-03-03,PRABHA,1.030436,174.36,169.21
2026-03-26,PRABHA-RE,1.171429,2.05,1.75
2026-03-31,PRABHA-RE,1.111111,1.4,1.26
2026-05-01,PRADPME,1.050351,389.05,370.4
2026-06-26,PRADPME,0.971973,546.2,561.95
2025-10-22,PRAENG,0.955468,26.82,28.07
2026-01-15,PRAENG,0.952591,23.71,24.89
2026-01-26,PRAENG,1.050988,22.88,21.77
2026-03-03,PRAENG,1.031311,21.08,20.44
2026-03-31,PRAENG,1.048712,18.73,17.86
2026-04-03,PRAENG,0.909134,19.31,21.24
2026-04-14,PRAENG,1.020652,22.24,21.79
2026-05-01,PRAENG,0.975642,22.03,22.58
2026-05-28,PRAENG,0.917247,21.06,22.96
2026-01-26,PRAJIND,1.037383,294.15,283.55
2026-03-03,PRAJIND,1.044171,317.95,304.5
2026-03-26,PRAJIND,0.959632,312.6,325.75
2026-04-03,PRAJIND,0.976354,326.2,334.1
2026-05-28,PRAJIND,1.026186,393.85,383.8
2026-01-26,PRAKASH,1.035478,115.87,111.9
2026-02-02,PRAKASH,0.974208,119.36,122.52
2026-03-26,PRAKASH,0.956543,116.44,121.73
2026-03-31,PRAKASH,1.054596,117.25,111.18
2025-12-25,PRAKASHSTL,0.959233,4.0,4.17
2026-03-03,PRAKASHSTL,1.045455,4.37,4.18
2026-04-14,PRAKASHSTL,1.024609,4.58,4.47
2026-06-26,PRAKASHSTL,1.033175,4.36,4.22
2026-04-03,PRAMARA,0.970859,343.15,353.45
2026-05-28,PRAMARA,1.052497,144.35,137.15
2026-06-26,PRAMARA,0.960511,127.7,132.95
2025-12-25,PRANIK,0.936441,55.25,59.0
2026-03-31,PRANIK,1.097297,40.6,37.0
2026-04-03,PRANIK,0.833333,37.0,44.4
2026-04-14,PRANIK,0.961727,49.0,50.95
2026-06-26,PRANIK,1.069608,54.55,51.0
2025-10-22,PRATHAM,0.962032,176.1,183.05
2026-03-03,PRATHAM,1.048148,141.5,135.0
2026-03-31,PRATHAM,1.060577,110.3,104.0
2026-05-01,PRATHAM,1.026468,141.55,137.9
2026-05-01,PRAVEG,1.057571,317.8,300.5
2026-05-28,PRAVEG,0.950168,267.9,281.95
2025-10-22,PRAXIS,0.958202,12.15,12.68
2026-01-15,PRAXIS,1.0301,9.24,8.97
2026-01-26,PRAXIS,1.050649,8.09,7.7
2026-03-03,PRAXIS,1.051282,7.79,7.41
2026-03-26,PRAXIS,1.02921,5.99,5.82
2026-03-31,PRAXIS,1.049336,5.53,5.27
2026-04-03,PRAXIS,0.953448,5.53,5.8
2026-04-14,PRAXIS,1.094467,8.11,7.41
2026-05-01,PRAXIS,0.97896,7.91,8.08
2026-01-26,PRECAM,1.020594,137.77,134.99
2026-02-02,PRECAM,0.979801,144.07,147.04
2026-03-03,PRECAM,1.033121,136.0,131.64
2026-03-31,PRECAM,1.079456,113.44,105.09
2026-06-26,PRECAM,1.026925,154.85,150.79
2026-01-26,PRECISION,1.047368,9.95,9.5
2026-02-02,PRECISION,1.047059,8.9,8.5
2026-03-26,PRECISION,1.046053,7.95,7.6
2026-03-31,PRECISION,1.021127,7.25,7.1
2026-04-03,PRECISION,1.050725,7.25,6.9
2026-05-01,PRECISION,1.039216,7.95,7.65
2026-06-26,PRECISION,0.971223,6.75,6.95
2025-11-05,PRECOT,1.047367,494.2,471.85
2026-01-15,PRECOT,1.048608,355.95,339.45
2026-02-02,PRECOT,1.027101,339.2,330.25
2026-03-03,PRECOT,1.047657,456.15,435.4
2026-03-26,PRECOT,0.952744,493.95,518.45
2026-04-03,PRECOT,0.967242,530.0,547.95
2026-05-01,PRECOT,0.977296,535.9,548.35
2026-05-28,PRECOT,0.974257,823.15,844.9
2026-01-26,PRECWIRE,1.027929,220.83,214.83
2026-02-02,PRECWIRE,0.937707,229.41,244.65
2026-03-03,PRECWIRE,0.967167,312.25,322.85
2026-03-26,PRECWIRE,0.973467,306.35,314.7
2026-03-31,PRECWIRE,1.031838,301.4,292.1
2026-04-03,PRECWIRE,1.026829,308.1,300.05
2026-05-28,PRECWIRE,1.02754,457.05,444.8
2026-06-26,PRECWIRE,1.049364,441.1,420.35
2025-10-22,PREMEXPLN,0.970279,613.75,632.55
2025-11-05,PREMEXPLN,1.061498,658.5,620.35
2026-01-26,PREMEXPLN,1.039058,489.5,471.1
2026-02-02,PREMEXPLN,0.940166,481.6,512.25
2026-03-03,PREMEXPLN,1.042867,537.65,515.55
2026-03-31,PREMEXPLN,1.064351,406.05,381.5
2025-10-22,PREMIER,1.032787,3.78,3.66
2025-11-05,PREMIER,1.028902,3.56,3.46
2025-12-25,PREMIER,1.023973,2.99,2.92
2026-01-26,PREMIER,0.979933,2.93,2.99
2026-03-03,PREMIER,1.041812,2.99,2.87
2026-05-28,PREMIER,0.977049,2.98,3.05
2026-06-26,PREMIER,0.959732,2.86,2.98
2025-11-05,PREMIERENE,1.023133,1065.9,1041.8
2026-01-15,PREMIERENE,1.028007,748.8,728.4
2026-01-26,PREMIERENE,1.082931,739.75,683.1
2026-02-02,PREMIERENE,0.960481,691.45,719.9
2026-03-03,PREMIERENE,1.025461,731.0,712.85
2026-03-26,PREMIERENE,0.969953,889.35,916.9
2026-04-03,PREMIERENE,1.022183,937.7,917.35
2026-05-01,PREMIERENE,1.020626,1039.15,1018.15
2026-05-28,PREMIERENE,0.972084,1016.8,1046.0
2025-11-05,PREMIERPOL,1.02403,43.04,42.03
2026-01-15,PREMIERPOL,0.978057,49.03,50.13
2026-01-26,PREMIERPOL,1.039939,47.91,46.07
2026-03-26,PREMIERPOL,0.967386,58.73,60.71
2026-03-31,PREMIERPOL,0.970049,60.89,62.77
2026-04-14,PREMIERPOL,1.037157,57.5,55.44
2026-06-26,PREMIERPOL,0.979901,61.43,62.69
2025-11-05,PREMIUM,1.020408,35.0,34.3
2026-01-26,PREMIUM,1.027778,37.0,36.0
2026-03-03,PREMIUM,0.931944,33.55,36.0
2026-03-26,PREMIUM,1.030303,34.0,33.0
2026-03-31,PREMIUM,1.149329,34.25,29.8
2026-04-03,PREMIUM,0.870073,29.8,34.25
2026-06-26,PREMIUM,0.973952,43.0,44.15
2026-03-03,PRESS-RE,1.090909,1.8,1.65
2025-11-05,PRESSTONIC,0.976632,71.05,72.75
2026-01-26,PRESSTONIC,0.978723,46.0,47.0
2026-02-02,PRESSTONIC,0.915179,41.0,44.8
2026-03-31,PRESSTONIC,1.036713,29.65,28.6
2026-04-14,PRESSTONIC,0.953353,32.7,34.3
2026-05-01,PRESSTONIC,1.052036,46.5,44.2
2026-01-26,PRESTIGE,1.024338,1422.6,1388.8
2026-02-02,PRESTIGE,1.026548,1500.3,1461.5
2026-03-26,PRESTIGE,0.978341,1201.5,1228.1
2026-03-31,PRESTIGE,1.041101,1172.8,1126.5
2026-01-15,PRICOLLTD,1.024161,625.25,610.5
2026-01-26,PRICOLLTD,1.034738,601.7,581.5
2026-02-02,PRICOLLTD,1.035331,568.5,549.1
2026-03-03,PRICOLLTD,1.030956,602.8,584.7
2026-03-26,PRICOLLTD,0.974538,530.1,543.95
2026-03-31,PRICOLLTD,1.022183,525.3,513.9
2026-05-01,PRICOLLTD,1.039983,595.65,572.75
2025-10-22,PRIMECAB,0.943077,91.95,97.5
2025-11-05,PRIMECAB,1.02155,111.4,109.05
2026-01-26,PRIMECAB,0.965392,79.5,82.35
2026-03-03,PRIMECAB,0.967378,77.1,79.7
2026-03-31,PRIMECAB,1.059155,75.2,71.0
2026-04-03,PRIMECAB,0.962677,74.8,77.7
2026-04-14,PRIMECAB,0.956972,87.85,91.8
2026-05-01,PRIMECAB,0.966047,103.85,107.5
2026-05-28,PRIMECAB,1.052434,112.4,106.8
2026-06-26,PRIMECAB,0.972696,114.0,117.2
2025-10-22,PRIMESECU,0.952943,274.4,287.95
2025-11-05,PRIMESECU,0.964725,294.0,304.75
2026-04-14,PRIMESECU,1.024278,289.0,282.15
2025-12-25,PRIMO,0.97733,23.28,23.82
2026-01-26,PRIMO,1.029187,21.51,20.9
2026-03-31,PRIMO,0.960067,17.31,18.03
2026-04-03,PRIMO,0.894024,19.15,21.42
2026-01-15,PRINCEPIPE,0.979124,241.55,246.7
2026-01-26,PRINCEPIPE,1.030066,243.25,236.15
2026-03-03,PRINCEPIPE,1.032658,252.33,244.35
2026-03-31,PRINCEPIPE,1.056297,217.65,206.05
2026-06-26,PRINCEPIPE,1.042238,292.4,280.55
2025-10-22,PRITI,0.928608,73.1,78.72
2026-02-02,PRITI,0.950078,48.53,51.08
2026-03-03,PRITI,1.060814,46.4,43.74
2026-03-31,PRITI,1.033189,33.31,32.24
2026-04-14,PRITI,1.053049,51.81,49.2
2026-06-26,PRITI,0.976445,41.04,42.03
2025-11-05,PRITIKA,1.02807,87.9,85.5
2025-12-25,PRITIKA,0.979221,75.4,77.0
2026-01-26,PRITIKA,1.023188,70.6,69.0
2026-02-03,PRITIKA,1.044615,67.9,65.0
2026-03-03,PRITIKA,1.077128,60.75,56.4
2026-03-26,PRITIKA,0.925747,48.0,51.85
2026-05-28,PRITIKA,0.941176,60.0,63.75
2026-03-03,PRITIKAUTO,1.05259,13.21,12.55
2026-03-26,PRITIKAUTO,0.967326,11.25,11.63
2026-03-31,PRITIKAUTO,1.064516,11.22,10.54
2026-04-03,PRITIKAUTO,0.972128,11.51,11.84
2026-04-14,PRITIKAUTO,1.048239,13.69,13.06
2026-05-01,PRITIKAUTO,1.023204,13.67,13.36
2026-06-26,PRITIKAUTO,1.052478,18.05,17.15
2025-12-25,PRIVISCL,0.972144,3266.5,3360.1
2026-03-03,PRIVISCL,1.021199,3039.6,2976.5
2025-12-25,PRIZOR,1.032076,283.15,274.35
2026-01-26,PRIZOR,1.046317,286.9,274.2
2026-02-02,PRIZOR,0.972862,261.7,269.0
2026-03-03,PRIZOR,0.931738,344.65,369.9
2026-03-26,PRIZOR,0.952433,389.45,408.9
2026-04-14,PRIZOR,0.952402,425.2,446.45
2026-05-01,PRIZOR,0.955608,686.7,718.6
2026-06-26,PRIZOR,1.020408,925.0,906.5
2026-01-26,PRLIND,1.071155,70.0,65.35
2026-02-02,PRLIND,0.955449,60.05,62.85
2026-03-03,PRLIND,1.064865,59.1,55.5
2026-03-26,PRLIND,1.022179,53.0,51.85
2026-04-03,PRLIND,0.977358,51.8,53.0
2026-04-14,PRLIND,1.069959,65.0,60.75
2026-06-26,PRLIND,0.960204,47.05,49.0
2025-12-25,PROFX,0.833333,59.5,71.4
2026-01-15,PROFX,1.025333,76.9,75.0
2026-01-26,PROFX,1.03377,75.0,72.55
2026-03-03,PROFX,0.923077,60.0,65.0
2026-03-26,PROFX,1.041632,62.55,60.05
2026-04-14,PROFX,1.05036,73.0,69.5
2026-05-01,PROFX,1.021127,72.5,71.0
2026-01-15,PROLIFE,1.046058,67.0,64.05
2026-03-26,PROLIFE,0.957377,58.4,61.0
2026-03-31,PROLIFE,1.033333,62.0,60.0
2026-04-03,PROLIFE,0.966102,57.0,59.0
2026-06-26,PROLIFE,0.952507,72.2,75.8
2025-11-05,PROPEQUITY,1.049774,174.0,165.75
2026-01-15,PROPEQUITY,1.090909,180.0,165.0
2026-03-03,PROPEQUITY,1.02,178.5,175.0
2026-04-03,PROPEQUITY,0.964706,164.0,170.0
2026-05-28,PROPEQUITY,1.05042,250.0,238.0
2025-10-22,PROSTARM,0.968448,175.57,181.29
2025-11-05,PROSTARM,1.027717,168.71,164.16
2026-01-26,PROSTARM,1.031489,152.65,147.99
2026-03-03,PROSTARM,1.044841,146.33,140.05
2026-03-31,PROSTARM,1.056234,121.9,115.41
2025-11-05,PROTEAN,0.977965,847.7,866.8
2026-01-26,PROTEAN,1.052355,641.2,609.3
2026-03-03,PROTEAN,1.036627,590.1,569.25
2026-03-31,PROTEAN,1.078741,481.55,446.4
2026-03-26,PROV,0.966427,1150.0,1189.95
2026-03-31,PROV,1.020236,1210.0,1186.0
2025-11-05,PROZONER,1.020414,68.48,67.11
2026-02-02,PROZONER,0.957251,47.92,50.06
2026-03-03,PROZONER,1.062273,49.64,46.73
2026-03-26,PROZONER,0.925173,42.78,46.24
2026-03-31,PROZONER,1.091618,44.8,41.04
2026-04-03,PROZONER,0.975768,45.1,46.22
2026-05-01,PROZONER,1.065729,62.1,58.27
2025-10-22,PRSMJOHNSN,0.971,154.69,159.31
2025-12-25,PRSMJOHNSN,1.061866,151.9,143.05
2026-01-26,PRSMJOHNSN,1.031115,123.94,120.2
2026-02-02,PRSMJOHNSN,0.969005,122.55,126.47
2026-05-28,PRSMJOHNSN,1.026567,124.81,121.58
2026-03-03,PRUDENT,1.020897,2349.9,2301.8
2026-03-26,PRUDENT,0.958935,2230.1,2325.6
2025-10-22,PRUDMOULI,1.02953,28.24,27.43
2025-11-05,PRUDMOULI,1.033496,27.46,26.57
2025-12-25,PRUDMOULI,1.020028,21.9,21.47
2026-02-02,PRUDMOULI,0.97619,19.27,19.74
2026-03-26,PRUDMOULI,0.952686,11.88,12.47
2026-03-31,PRUDMOULI,1.052398,11.85,11.26
2026-04-03,PRUDMOULI,0.954766,11.82,12.38
2026-04-14,PRUDMOULI,1.038554,17.24,16.6
2026-05-28,PRUDMOULI,0.971686,15.1,15.54
2025-11-05,PSB,1.023121,31.86,31.14
2026-01-15,PSB,0.963643,27.3,28.33
2026-01-26,PSB,1.033432,27.82,26.92
2026-02-02,PSB,0.973788,27.12,27.85
2026-03-03,PSB,1.034148,26.65,25.77
2026-03-26,PSB,0.97232,22.13,22.76
2026-03-31,PSB,1.061471,21.93,20.66
2026-01-26,PSFL,1.038462,27.0,26.0
2026-03-31,PSFL,1.029787,24.2,23.5
2025-12-25,PSPPROJECT,1.022719,893.55,873.7
2026-01-26,PSPPROJECT,1.063882,733.6,689.55
2026-02-02,PSPPROJECT,0.976536,732.5,750.1
2026-03-26,PSPPROJECT,0.967707,617.3,637.9
2026-03-31,PSPPROJECT,1.058558,609.2,575.5
2026-05-28,PSPPROJECT,0.961143,836.05,869.85
2025-10-22,PSRAJ,0.97417,264.0,271.0
2025-12-25,PSRAJ,1.027289,318.1,309.65
2026-02-02,PSRAJ,1.049039,292.0,278.35
2026-03-26,PSRAJ,1.030769,268.0,260.0
2026-04-03,PSRAJ,1.053501,255.0,242.05
2026-05-01,PSRAJ,0.952381,290.0,304.5
2026-05-28,PSRAJ,0.972906,395.0,406.0
2026-01-15,PSUBANK,0.979083,872.03,890.66
2026-01-26,PSUBANK,1.024999,899.56,877.62
2026-02-02,PSUBANK,0.946477,851.64,899.8
2026-03-26,PSUBANK,0.974518,835.23,857.07
2026-03-31,PSUBANK,1.048943,826.84,788.26
2026-01-26,PSUBANKADD,1.021926,90.42,88.48
2026-02-02,PSUBANKADD,0.949279,86.28,90.89
2026-03-03,PSUBANKADD,1.021551,99.07,96.98
2026-03-26,PSUBANKADD,0.97307,84.19,86.52
2026-03-31,PSUBANKADD,1.047937,83.07,79.27
2026-01-15,PSUBNKBEES,0.973602,97.0,99.63
2026-01-26,PSUBNKBEES,1.025691,100.21,97.7
2026-02-02,PSUBNKBEES,0.939117,94.4,100.52
2026-03-26,PSUBNKBEES,0.973453,93.14,95.68
2026-03-31,PSUBNKBEES,1.04928,91.77,87.46
2026-01-15,PSUBNKIETF,0.979649,88.09,89.92
2026-01-26,PSUBNKIETF,1.020922,90.76,88.9
2026-02-02,PSUBNKIETF,0.943733,86.21,91.35
2026-03-03,PSUBNKIETF,1.021786,99.43,97.31
2026-03-26,PSUBNKIETF,0.973684,84.36,86.64
2026-03-31,PSUBNKIETF,1.048193,83.52,79.68
2026-02-02,PTC,0.973203,167.79,172.41
2026-03-03,PTC,1.023101,166.52,162.76
2026-03-31,PTC,1.035481,163.14,157.55
2026-03-31,PTCIL,1.041175,15602.0,14985.0
2026-04-03,PTCIL,1.020644,15030.0,14726.0
2026-04-14,PTCIL,1.032156,15407.0,14927.0
2026-02-02,PTL,1.02909,41.39,40.22
2025-10-22,PULZ,0.98,36.75,37.5
2025-12-25,PULZ,1.064516,33.0,31.0
2026-02-02,PULZ,1.03617,24.35,23.5
2026-03-03,PULZ,1.05144,25.55,24.3
2026-03-26,PULZ,1.050813,25.85,24.6
2026-03-31,PULZ,1.051685,23.4,22.25
2026-04-03,PULZ,0.95501,23.35,24.45
2026-05-28,PULZ,0.977273,23.65,24.2
2026-06-26,PULZ,0.978641,25.2,25.75
2025-11-05,PUNJABCHEM,1.029067,1341.8,1303.9
2026-01-15,PUNJABCHEM,1.030241,1110.6,1078.0
2026-02-02,PUNJABCHEM,0.957089,1159.8,1211.8
2026-03-03,PUNJABCHEM,1.048361,1183.6,1129.0
2026-05-01,PUNJABCHEM,0.960654,1131.65,1178.0
2025-11-05,PURPLEUTED,1.020419,564.7,553.4
2025-12-25,PURPLEUTED,1.028433,423.2,411.5
2026-01-15,PURPLEUTED,1.048842,373.65,356.25
2026-01-26,PURPLEUTED,0.952404,294.15,308.85
2026-02-02,PURPLEUTED,1.028483,334.0,324.75
2026-03-03,PURPLEUTED,1.04386,303.45,290.7
2026-03-31,PURPLEUTED,1.051707,257.3,244.65
2026-04-03,PURPLEUTED,0.954985,256.7,268.8
2026-05-01,PURPLEUTED,1.064435,297.35,279.35
2026-05-28,PURPLEUTED,0.973656,404.7,415.65
2026-06-26,PURPLEUTED,1.026452,446.25,434.75
2025-12-25,PURVA,1.039041,259.49,249.74
2026-01-15,PURVA,0.915878,230.27,251.42
2026-01-26,PURVA,1.028499,233.86,227.38
2026-02-02,PURVA,0.968775,226.8,234.11
2026-03-03,PURVA,1.037424,198.48,191.32
2026-03-26,PURVA,0.947438,172.14,181.69
2026-03-31,PURVA,1.05869,172.63,163.06
2026-04-14,PURVA,0.903977,195.25,215.99
2025-11-05,PURVFLEXI,0.96527,87.55,90.7
2026-01-15,PURVFLEXI,0.909091,70.0,77.0
2026-03-03,PURVFLEXI,1.052281,55.35,52.6
2026-03-26,PURVFLEXI,0.953342,37.8,39.65
2026-04-03,PURVFLEXI,0.965018,40.0,41.45
2026-04-14,PURVFLEXI,0.953048,57.85,60.7
2026-05-01,PURVFLEXI,1.027516,65.35,63.6
2025-11-05,PUSHPA,0.97105,139.2,143.35
2026-01-15,PUSHPA,1.025496,108.6,105.9
2026-02-02,PUSHPA,0.964597,94.0,97.45
2026-03-03,PUSHPA,1.024775,91.0,88.8
2026-03-26,PUSHPA,0.953031,87.25,91.55
2026-03-31,PUSHPA,0.953398,98.2,103.0
2026-04-03,PUSHPA,0.969181,119.5,123.3
2026-04-14,PUSHPA,0.978226,121.3,124.0
2026-05-28,PUSHPA,1.020851,122.4,119.9
2026-06-26,PUSHPA,1.025012,106.55,103.95
2025-11-05,PVP,1.020471,33.4,32.73
2025-12-25,PVP,0.952584,33.55,35.22
2026-01-15,PVP,1.024263,33.35,32.56
2026-01-26,PVP,1.039039,31.14,29.97
2026-03-26,PVP,1.035603,26.47,25.56
2026-04-14,PVP,0.95212,33.01,34.67
2026-05-28,PVP,0.967525,25.92,26.79
2026-06-26,PVP,1.048992,30.19,28.78
2025-11-05,PVRINOX,1.03778,1205.9,1162.0
2026-01-15,PVRINOX,1.022255,1042.7,1020.0
2026-01-26,PVRINOX,1.028357,957.4,931.0
2026-03-31,PVRINOX,1.021119,938.0,918.6
2026-05-01,PVRINOX,1.022126,1092.55,1068.9
2026-01-26,PVSL,1.032285,111.59,108.1
2026-03-26,PVSL,0.899611,85.67,95.23
2026-03-31,PVSL,1.05615,90.85,86.02
2026-04-14,PVSL,0.973336,98.56,101.26
2026-05-01,PVSL,1.021302,103.56,101.4
2026-05-28,PVSL,1.080757,108.0,99.93
2026-03-31,PVTBANIETF,1.033224,25.19,24.38
2026-03-31,PVTBANKADD,1.034751,25.31,24.46
2026-04-03,PVTBANKADD,0.974309,25.03,25.69
2026-04-14,PVTBANKADD,0.949283,27.14,28.59
2026-01-15,PWL,0.978659,128.4,131.2
2026-01-26,PWL,1.047826,132.55,126.5
2026-03-03,PWL,1.071278,86.57,80.81
2026-03-31,PWL,1.0252,89.5,87.3
2026-03-03,PYRAMID,1.042429,145.94,140.0
2026-03-31,PYRAMID,1.045813,140.62,134.46
2026-05-01,PYRAMID,0.968969,169.87,175.31
2025-10-22,QFIL,1.05214,67.6,64.25
2025-11-05,QFIL,0.954329,70.0,73.35
2025-12-25,QFIL,0.952998,58.8,61.7
2026-01-26,QFIL,1.051724,61.0,58.0
2026-02-02,QFIL,0.951087,52.5,55.2
2026-03-31,QFIL,1.0325,41.3,40.0
2026-04-03,QFIL,1.052632,40.0,38.0
2026-05-28,QFIL,0.953405,39.9,41.85
2026-01-26,QGOLDHALF,0.969196,124.28,128.23
2026-02-02,QGOLDHALF,0.939332,123.4,131.37
2026-03-03,QGOLDHALF,0.949496,131.79,138.8
2026-03-26,QGOLDHALF,0.965225,115.19,119.34
2026-03-31,QGOLDHALF,0.965848,117.65,121.81
2026-04-03,QGOLDHALF,1.023658,123.75,120.89
2026-06-26,QGOLDHALF,1.023112,117.75,115.09
2026-06-26,QLINE,1.054346,576.2,546.5
2025-10-22,QMSMEDI,0.962264,96.9,100.7
2025-12-25,QMSMEDI,1.033981,95.85,92.7
2026-01-26,QMSMEDI,0.962899,83.05,86.25
2026-02-02,QMSMEDI,1.022599,90.5,88.5
2026-03-31,QMSMEDI,1.069444,77.0,72.0
2026-05-01,QMSMEDI,1.043333,93.9,90.0
2026-03-31,QNIFTY,1.02167,250.35,245.04
2025-11-05,QPOWER,1.034848,997.8,964.2
2026-01-26,QPOWER,1.114372,666.45,598.05
2026-02-02,QPOWER,1.035098,690.1,666.7
2026-03-03,QPOWER,1.046005,867.4,829.25
2026-03-31,QPOWER,1.06946,861.45,805.5
2026-04-14,QPOWER,0.96859,962.1,993.3
2026-05-28,QPOWER,1.021807,1115.2,1091.4
2025-11-05,QUADFUTURE,0.921417,309.55,335.95
2025-12-25,QUADFUTURE,1.031687,358.15,347.15
2026-01-15,QUADFUTURE,0.919571,304.7,331.35
2026-01-26,QUADFUTURE,1.047408,307.1,293.2
2026-02-02,QUADFUTURE,0.948722,289.55,305.2
2026-03-03,QUADFUTURE,1.035109,293.35,283.4
2026-03-31,QUADFUTURE,1.04531,280.3,268.15
2026-05-28,QUADFUTURE,1.026427,302.95,295.15
2026-01-15,QUADPRO,0.978723,2.3,2.35
2026-02-02,QUADPRO,1.046512,2.25,2.15
2026-03-31,QUADPRO,1.027027,1.9,1.85
2026-02-02,QUAL30IETF,0.979224,21.21,21.66
2026-02-02,QUALITY30,0.961807,20.65,21.47
2026-03-31,QUALITY30,1.020778,19.16,18.77
2025-11-05,QUESS,1.024189,235.42,229.86
2025-12-25,QUESS,0.979803,212.97,217.36
2026-01-26,QUESS,1.024582,200.48,195.67
2026-03-03,QUESS,1.020542,195.74,191.8
2026-03-31,QUESS,1.025395,174.03,169.72
2026-05-01,QUESS,1.026912,203.0,197.68
2026-05-28,QUESS,0.96003,204.64,213.16
2025-12-25,QUESTLAB,1.038422,101.35,97.6
2026-01-15,QUESTLAB,0.963391,100.0,103.8
2026-01-26,QUESTLAB,1.101351,105.95,96.2
2026-02-02,QUESTLAB,1.031345,102.0,98.9
2026-03-03,QUESTLAB,1.052288,120.75,114.75
2026-03-31,QUESTLAB,1.037835,108.35,104.4
2026-04-03,QUESTLAB,0.975226,102.35,104.95
2026-04-14,QUESTLAB,0.952813,105.0,110.2
2026-05-01,QUESTLAB,0.958457,145.35,151.65
2026-05-28,QUESTLAB,1.044789,121.3,116.1
2025-11-05,QUICKHEAL,1.02151,325.3,318.45
2026-01-26,QUICKHEAL,1.041024,199.2,191.35
2026-02-02,QUICKHEAL,0.97616,183.03,187.5
2026-03-03,QUICKHEAL,1.038968,166.37,160.13
2026-03-31,QUICKHEAL,1.056082,132.57,125.53
2025-10-22,QUICKTOUCH,1.05665,42.9,40.6
2025-12-25,QUICKTOUCH,0.96412,41.65,43.2
2026-01-15,QUICKTOUCH,0.969925,38.7,39.9
2026-01-26,QUICKTOUCH,1.052342,38.2,36.3
2026-03-03,QUICKTOUCH,1.052632,34.0,32.3
2026-03-31,QUICKTOUCH,1.051527,27.55,26.2
2026-05-01,QUICKTOUCH,1.029851,27.6,26.8
2026-06-26,QUICKTOUCH,1.03272,25.25,24.45
2026-05-01,QUINT,0.967153,39.75,41.1
2026-06-26,QUINT,1.068658,44.36,41.51
2026-03-03,QUINTEGRA,1.042017,1.24,1.19
2026-03-31,QUINTEGRA,1.05042,1.25,1.19
2026-04-14,QUINTEGRA,0.953846,1.24,1.3
2025-11-05,QVCEL,1.050903,32.0,30.45
2025-12-25,QVCEL,0.954003,28.0,29.35
2026-01-26,QVCEL,1.030075,27.4,26.6
2026-03-03,QVCEL,1.049251,24.5,23.35
2026-03-26,QVCEL,1.025641,24.0,23.4
2026-03-31,QVCEL,1.050459,22.9,21.8
2026-05-28,QVCEL,1.047817,25.2,24.05
2026-06-26,QVCEL,1.021739,23.5,23.0
2026-02-02,RACE,1.036177,103.97,100.34
2026-03-03,RACE,1.023518,114.46,111.83
2026-03-26,RACE,1.043657,98.97,94.83
2026-03-31,RACE,1.080999,93.02,86.05
2026-04-03,RACE,0.858997,103.26,120.21
2026-05-28,RACE,1.023593,120.18,117.41
2026-01-26,RACLGEAR,1.031498,989.0,958.8
2026-03-26,RACLGEAR,0.957866,1214.0,1267.4
2026-03-31,RACLGEAR,1.021817,1231.8,1205.5
2026-04-03,RACLGEAR,0.957731,1225.8,1279.9
2026-04-14,RACLGEAR,0.946625,1300.0,1373.3
2026-05-28,RACLGEAR,1.07987,1366.9,1265.8
2025-11-05,RADAAN,1.026946,3.43,3.34
2026-01-15,RADAAN,1.024024,3.41,3.33
2026-01-26,RADAAN,1.022581,3.17,3.1
2026-03-03,RADAAN,1.043478,3.12,2.99
2026-03-31,RADAAN,1.02,2.55,2.5
2026-04-03,RADAAN,0.97561,2.8,2.87
2026-06-26,RADAAN,1.023256,3.08,3.01
2025-11-05,RADHIKAJWE,0.966862,87.24,90.23
2025-12-25,RADHIKAJWE,0.977224,77.66,79.47
2026-02-02,RADHIKAJWE,1.021557,68.24,66.8
2026-03-03,RADHIKAJWE,1.059153,66.25,62.55
2026-03-31,RADHIKAJWE,1.065888,53.87,50.54
2026-03-03,RADIANTCMS,1.02742,36.72,35.74
2026-03-31,RADIANTCMS,1.071429,35.1,32.76
2026-05-01,RADIANTCMS,1.024122,42.88,41.87
2026-02-02,RADICO,0.970404,2744.4,2828.1
2026-03-26,RADICO,0.960066,2637.3,2747.0
2026-04-03,RADICO,1.023178,2684.0,2623.2
2026-05-28,RADICO,1.040444,3578.4,3439.3
2025-10-22,RADIOCITY,0.979369,8.07,8.24
2025-11-05,RADIOCITY,1.031455,7.87,7.63
2026-04-03,RADIOCITY,0.938433,5.03,5.36
2026-04-14,RADIOCITY,1.033871,6.41,6.2
2025-10-22,RADIOWALLA,0.97381,61.35,63.0
2025-11-05,RADIOWALLA,0.964052,59.0,61.2
2026-01-15,RADIOWALLA,1.034483,60.0,58.0
2026-01-26,RADIOWALLA,0.9523,55.9,58.7
2026-03-03,RADIOWALLA,1.029703,52.0,50.5
2026-03-26,RADIOWALLA,0.971591,25.65,26.4
2026-03-31,RADIOWALLA,1.073171,24.2,22.55
2026-04-03,RADIOWALLA,0.969262,23.65,24.4
2026-04-14,RADIOWALLA,0.952614,29.15,30.6
2026-01-15,RAILTEL,0.963734,340.15,352.95
2026-01-26,RAILTEL,1.024071,336.1,328.2
2026-02-02,RAILTEL,0.939587,332.05,353.4
2026-03-03,RAILTEL,1.068472,313.65,293.55
2026-03-26,RAILTEL,0.974702,262.0,268.8
2026-03-31,RAILTEL,1.058513,260.5,246.1
2025-11-05,RAIN,1.02898,138.83,134.92
2025-12-25,RAIN,0.969662,125.29,129.21
2026-01-15,RAIN,0.970852,140.56,144.78
2026-01-26,RAIN,1.03693,139.55,134.58
2026-03-03,RAIN,1.034737,148.64,143.65
2026-03-26,RAIN,0.956423,104.91,109.69
2026-03-31,RAIN,1.025167,109.17,106.49
2026-05-01,RAIN,1.04374,131.72,126.2
2026-05-28,RAIN,0.976033,172.26,176.49
2026-06-26,RAIN,1.039032,192.73,185.49
2026-04-03,RAINBOW,1.022358,1175.2,1149.5
2026-04-14,RAINBOW,0.979542,1249.7,1275.8
2026-03-03,RAJESHEXPO,1.03744,143.81,138.62
2026-03-26,RAJESHEXPO,0.952728,84.85,89.06
2026-03-31,RAJESHEXPO,1.052625,84.61,80.38
2026-04-03,RAJESHEXPO,0.953941,83.26,87.28
2026-04-14,RAJESHEXPO,0.952447,109.76,115.24
2026-05-01,RAJESHEXPO,1.047819,124.9,119.2
2026-05-28,RAJESHEXPO,0.969948,118.45,122.12
2026-06-26,RAJESHEXPO,1.052566,102.12,97.02
2025-10-22,RAJINDLTD,0.973684,74.0,76.0
2025-11-05,RAJINDLTD,0.974209,83.1,85.3
2026-01-15,RAJINDLTD,1.027743,81.5,79.3
2026-02-03,RAJINDLTD,0.94375,75.5,80.0
2026-03-03,RAJINDLTD,1.047883,75.5,72.05
2026-03-26,RAJINDLTD,0.901554,60.9,67.55
2026-04-14,RAJINDLTD,0.975564,77.85,79.8
2026-05-28,RAJINDLTD,1.026316,78.0,76.0
2026-03-03,RAJMET,1.049315,3.83,3.65
2026-03-26,RAJMET,0.977918,3.1,3.17
2026-03-31,RAJMET,1.051724,3.05,2.9
2026-04-03,RAJMET,0.948795,3.15,3.32
2026-05-01,RAJMET,1.02267,4.06,3.97
2025-10-22,RAJOOENG,0.975231,88.59,90.84
2025-12-25,RAJOOENG,1.024292,63.67,62.16
2026-01-26,RAJOOENG,1.035609,66.89,64.59
2026-02-02,RAJOOENG,0.958287,60.65,63.29
2026-03-03,RAJOOENG,1.035288,62.49,60.36
2026-03-26,RAJOOENG,0.934203,50.83,54.41
2026-03-31,RAJOOENG,1.088475,50.81,46.68
2026-04-03,RAJOOENG,0.978232,52.13,53.29
2026-05-01,RAJOOENG,1.029864,59.66,57.93
2026-06-26,RAJOOENG,1.030509,56.07,54.41
2025-12-25,RAJPUTANA,1.026174,247.0,240.7
2026-01-15,RAJPUTANA,0.966193,241.5,249.95
2026-02-02,RAJPUTANA,0.976039,222.0,227.45
2025-10-22,RAJRATAN,0.92277,381.75,413.7
2026-01-26,RAJRATAN,1.038656,472.9,455.3
2026-03-26,RAJRATAN,0.963479,356.15,369.65
2026-03-31,RAJRATAN,1.056844,348.6,329.85
2026-04-03,RAJRATAN,0.976303,362.55,371.35
2026-06-26,RAJRATAN,1.023068,443.5,433.5
2026-03-03,RAJRILTD,1.020018,22.93,22.48
2025-11-05,RAJSREESUG,1.060053,40.07,37.8
2026-01-15,RAJSREESUG,0.978976,32.13,32.82
2026-01-26,RAJSREESUG,1.041806,31.15,29.9
2026-02-02,RAJSREESUG,0.969796,29.54,30.46
2026-03-03,RAJSREESUG,1.045059,27.6,26.41
2026-03-26,RAJSREESUG,0.973763,25.98,26.68
2026-03-31,RAJSREESUG,0.925415,26.18,28.29
2026-05-01,RAJSREESUG,0.960137,33.72,35.12
2026-05-28,RAJSREESUG,0.976004,34.98,35.84
2026-06-26,RAJSREESUG,1.034483,33.0,31.9
2025-11-05,RAJTV,0.978549,40.6,41.49
2026-03-03,RAJTV,1.031834,39.22,38.01
2026-03-31,RAJTV,1.120615,36.42,32.5
2026-04-14,RAJTV,0.95091,22.47,23.63
2026-05-28,RAJTV,1.105319,20.99,18.99
2026-02-02,RALLIS,0.952494,261.65,274.7
2026-03-03,RALLIS,1.052181,276.25,262.55
2026-03-31,RALLIS,1.052921,229.8,218.25
2025-11-05,RAMANEWS,1.036801,29.3,28.26
2026-03-03,RAMANEWS,1.078604,35.54,32.95
2026-03-31,RAMANEWS,1.023866,30.46,29.75
2026-05-28,RAMANEWS,0.976423,28.99,29.69
2025-10-22,RAMAPHO,0.961919,162.17,168.59
2025-11-05,RAMAPHO,1.022226,199.15,194.82
2026-01-26,RAMAPHO,1.047003,157.71,150.63
2026-03-31,RAMAPHO,1.05708,110.19,104.24
2026-06-26,RAMAPHO,1.039778,134.88,129.72
2026-01-26,RAMASTEEL,1.021684,8.01,7.84
2026-03-03,RAMASTEEL,1.058036,7.11,6.72
2026-03-26,RAMASTEEL,1.031646,4.89,4.74
2026-03-31,RAMASTEEL,1.179063,4.28,3.63
2026-04-03,RAMASTEEL,0.966102,3.99,4.13
2026-04-14,RAMASTEEL,1.052632,5.4,5.13
2026-05-28,RAMASTEEL,0.974359,5.32,5.46
2026-06-26,RAMASTEEL,1.023707,4.75,4.64
2026-01-26,RAMCOCEM,1.026161,1082.6,1055.0
2026-02-02,RAMCOCEM,0.970294,1087.7,1121.0
2026-03-03,RAMCOCEM,1.027184,1129.8,1099.9
2026-03-26,RAMCOCEM,0.966821,897.5,928.3
2025-11-05,RAMCOIND,1.036519,363.3,350.5
2026-01-15,RAMCOIND,1.034933,317.0,306.3
2026-01-26,RAMCOIND,0.962841,291.5,302.75
2026-02-02,RAMCOIND,0.957134,302.55,316.1
2026-03-03,RAMCOIND,1.03452,290.7,281.0
2026-03-31,RAMCOIND,1.025235,239.7,233.8
2026-04-03,RAMCOIND,0.975497,246.83,253.03
2026-05-28,RAMCOIND,0.957604,298.15,311.35
2026-06-26,RAMCOIND,0.887381,304.15,342.75
2025-10-22,RAMCOSYS,0.969165,579.9,598.35
2025-11-05,RAMCOSYS,1.023112,619.75,605.75
2025-12-25,RAMCOSYS,1.020509,599.6,587.55
2026-01-26,RAMCOSYS,1.074183,438.75,408.45
2026-02-02,RAMCOSYS,1.028281,479.95,466.75
2026-03-31,RAMCOSYS,1.069612,368.0,344.05
2026-05-28,RAMCOSYS,1.028076,474.2,461.25
2026-06-26,RAMCOSYS,0.949281,673.8,709.8
2026-01-26,RAMKY,0.978419,489.65,500.45
2026-02-02,RAMKY,0.961324,457.35,475.75
2026-03-03,RAMKY,1.02976,456.75,443.55
2026-03-26,RAMKY,0.97209,449.3,462.2
2026-03-31,RAMKY,1.050694,446.65,425.1
2026-06-26,RAMKY,1.022623,413.6,404.45
2026-01-26,RAMRAT,1.023732,297.65,290.75
2026-03-03,RAMRAT,0.97418,320.7,329.2
2026-03-31,RAMRAT,1.041854,301.2,289.1
2026-05-01,RAMRAT,0.966685,429.45,444.25
2026-06-26,RAMRAT,1.033754,418.05,404.4
2026-03-03,RANASUG,1.024931,11.1,10.83
2026-03-26,RANASUG,0.958073,10.74,11.21
2026-01-26,RANEHOLDIN,1.025949,1265.2,1233.2
2026-03-03,RANEHOLDIN,1.022196,1206.6,1180.4
2026-03-26,RANEHOLDIN,0.964099,1052.7,1091.9
2026-03-31,RANEHOLDIN,1.056855,1048.4,992.0
2026-04-03,RANEHOLDIN,1.026384,1044.5,1017.65
2026-05-28,RANEHOLDIN,0.975966,1384.7,1418.8
2026-06-26,RANEHOLDIN,0.957122,1573.7,1644.2
2025-12-25,RAPIDFLEET,1.021053,194.0,190.0
2025-11-05,RAPPID,0.976844,331.15,339.0
2025-12-25,RAPPID,1.028939,320.0,311.0
2026-03-03,RAPPID,1.026515,257.45,250.8
2026-03-31,RAPPID,1.028958,246.95,240.0
2026-04-03,RAPPID,1.031934,256.9,248.95
2026-04-14,RAPPID,0.972826,268.5,276.0
2026-05-01,RAPPID,1.028776,273.5,265.85
2026-05-28,RAPPID,1.073055,271.0,252.55
2026-06-26,RAPPID,1.024699,255.15,249.0
2026-01-26,RATEGAIN,1.051057,646.4,615.0
2026-02-02,RATEGAIN,1.028345,629.45,612.1
2026-03-03,RATEGAIN,1.072101,529.35,493.75
2026-03-26,RATEGAIN,0.970042,480.85,495.7
2026-03-31,RATEGAIN,1.069839,468.75,438.15
2026-04-03,RATEGAIN,0.971935,479.65,493.5
2026-05-01,RATEGAIN,0.964238,581.05,602.6
2026-06-26,RATEGAIN,1.022891,860.2,840.95
2026-02-02,RATNAMANI,0.964767,2138.6,2216.7
2026-03-03,RATNAMANI,1.029381,2456.0,2385.9
2026-06-26,RATNAMANI,1.040233,2753.6,2647.1
2025-11-05,RATNAVEER,1.044443,154.4,147.83
2025-12-25,RATNAVEER,1.066359,164.07,153.86
2026-01-15,RATNAVEER,1.027266,154.47,150.37
2026-02-02,RATNAVEER,0.971585,148.74,153.09
2026-03-03,RATNAVEER,1.02138,149.53,146.4
2026-03-31,RATNAVEER,1.039756,136.52,131.3
2026-04-14,RATNAVEER,0.927649,145.78,157.15
2026-05-01,RATNAVEER,1.035912,168.75,162.9
2026-05-28,RATNAVEER,1.031871,175.48,170.06
2026-01-26,RAYMOND,1.031647,381.4,369.7
2026-02-02,RAYMOND,1.036189,393.7,379.95
2026-03-03,RAYMOND,1.025851,400.8,390.7
2026-03-31,RAYMOND,1.064316,342.55,321.85
2026-04-14,RAYMOND,0.972435,386.3,397.25
2026-05-28,RAYMOND,1.037312,551.85,532.0
2026-06-26,RAYMOND,1.023552,606.25,592.3
2025-11-05,RAYMONDLSL,1.021737,1198.6,1173.1
2025-12-25,RAYMONDLSL,1.037227,1053.2,1015.4
2026-01-15,RAYMONDLSL,1.028674,972.2,945.1
2026-02-02,RAYMONDLSL,0.953526,999.2,1047.9
2026-03-26,RAYMONDLSL,0.973786,739.25,759.15
2026-03-31,RAYMONDLSL,1.025673,775.05,755.65
2026-01-26,RAYMONDREL,1.026287,423.6,412.75
2026-02-02,RAYMONDREL,0.959822,486.15,506.5
2026-03-26,RAYMONDREL,0.942231,367.8,390.35
2026-03-31,RAYMONDREL,0.970876,366.7,377.7
2026-04-03,RAYMONDREL,0.970939,399.25,411.2
2026-05-01,RAYMONDREL,0.976964,434.7,444.95
2026-05-28,RAYMONDREL,1.038331,595.95,573.95
2026-06-26,RAYMONDREL,1.029701,643.1,624.55
2025-12-25,RBA,1.044308,66.23,63.42
2026-01-15,RBA,0.979444,67.66,69.08
2026-04-03,RBA,0.968059,59.1,61.05
2026-01-15,RBLBANK,0.979808,305.7,312.0
2026-01-26,RBLBANK,1.026334,296.2,288.6
2026-02-02,RBLBANK,0.977406,292.0,298.75
2026-03-03,RBLBANK,1.021076,319.75,313.15
2026-03-26,RBLBANK,0.975818,296.6,303.95
2026-03-31,RBLBANK,1.020362,295.65,289.75
2025-10-22,RBMINFRA,0.97848,422.85,432.15
2025-11-05,RBMINFRA,0.97903,424.85,433.95
2026-01-26,RBMINFRA,1.021975,358.1,350.4
2026-03-03,RBMINFRA,1.057336,344.85,326.15
2026-03-31,RBMINFRA,1.060202,294.1,277.4
2026-04-03,RBMINFRA,0.944093,298.9,316.6
2026-05-28,RBMINFRA,0.963325,359.85,373.55
2026-06-26,RBMINFRA,1.048768,300.0,286.05
2026-03-26,RBS,1.050992,74.2,70.6
2026-03-31,RBS,1.141215,69.5,60.9
2026-04-03,RBS,0.965278,69.5,72.0
2026-06-26,RBS,1.030488,84.5,82.0
2025-11-05,RBZJEWEL,0.939003,149.17,158.86
2026-01-26,RBZJEWEL,1.039696,139.6,134.27
2026-02-02,RBZJEWEL,0.967701,130.93,135.3
2026-03-03,RBZJEWEL,1.030432,125.62,121.91
2026-03-31,RBZJEWEL,1.079553,110.19,102.07
2026-04-03,RBZJEWEL,0.944548,116.0,122.81
2026-01-26,RCDL,0.967172,19.15,19.8
2026-02-03,RCDL,0.881783,22.75,25.8
2026-03-03,RCDL,1.083333,26.0,24.0
2026-03-26,RCDL,0.967033,22.0,22.75
2026-03-31,RCDL,1.137838,21.05,18.5
2026-04-03,RCDL,0.896714,19.1,21.3
2026-04-14,RCDL,0.957447,22.5,23.5
2026-05-01,RCDL,1.043478,24.0,23.0
2026-05-28,RCDL,1.052632,28.0,26.6
2026-06-26,RCDL,0.97963,26.45,27.0
2026-01-26,RCF,1.02168,131.01,128.23
2026-03-03,RCF,1.043371,126.78,121.51
2026-03-31,RCF,1.050717,112.08,106.67
2025-11-05,RCOM,1.039683,1.31,1.26
2026-01-26,RCOM,0.961165,0.99,1.03
2026-03-03,RCOM,1.04878,0.86,0.82
2026-03-31,RCOM,1.039474,0.79,0.76
2026-04-03,RCOM,0.963415,0.79,0.82
2026-05-01,RCOM,1.020833,0.98,0.96
2025-10-22,READYMIX,1.035014,147.8,142.8
2026-03-03,READYMIX,0.924415,85.0,91.95
2026-03-26,READYMIX,0.956669,85.0,88.85
2026-03-31,READYMIX,1.05,87.15,83.0
2026-04-03,READYMIX,1.076563,92.1,85.55
2026-04-14,READYMIX,1.044444,94.0,90.0
2026-06-26,READYMIX,0.878049,72.0,82.0
2025-11-05,RECLTD,1.023068,379.2,370.65
2026-03-03,RECLTD,1.032011,349.8,338.95
2026-03-26,RECLTD,0.978944,320.8,327.7
2026-03-31,RECLTD,1.043756,318.45,305.1
2026-05-01,RECLTD,1.026108,363.55,354.3
2026-01-26,REDINGTON,1.034703,259.4,250.7
2026-03-03,REDINGTON,1.066958,280.45,262.85
2025-11-05,REDTAPE,1.029931,141.08,136.98
2026-01-15,REDTAPE,1.027453,129.12,125.67
2026-01-26,REDTAPE,1.038152,116.19,111.92
2026-03-31,REDTAPE,1.027472,112.95,109.93
2026-05-28,REDTAPE,1.050364,148.49,141.37
2026-06-26,REDTAPE,0.973119,133.22,136.9
2026-01-15,REFEX,1.021344,241.65,236.6
2026-01-26,REFEX,1.050505,234.0,222.75
2026-02-02,REFEX,0.979707,220.63,225.2
2026-03-03,REFEX,1.026895,220.69,214.91
2026-03-26,REFEX,0.955522,197.0,206.17
2026-03-31,REFEX,1.038472,196.78,189.49
2026-04-14,REFEX,0.978456,226.17,231.15
2026-05-28,REFEX,0.897795,295.15,328.75
2026-06-26,REFEX,0.968907,338.1,348.95
2025-11-05,REFRACTORY,0.952555,52.2,54.8
2026-01-15,REFRACTORY,1.04034,49.0,47.1
2026-01-26,REFRACTORY,1.028541,48.65,47.3
2026-03-03,REFRACTORY,1.048452,38.95,37.15
2026-03-26,REFRACTORY,0.952532,30.1,31.6
2026-03-31,REFRACTORY,1.052356,30.15,28.65
2026-04-03,REFRACTORY,0.952456,30.05,31.55
2026-04-14,REFRACTORY,0.935556,42.1,45.0
2026-05-01,REFRACTORY,0.966587,40.5,41.9
2026-05-28,REFRACTORY,1.052083,35.35,33.6
2026-06-26,REFRACTORY,1.045827,31.95,30.55
2026-01-26,REGAAL,1.0542,66.52,63.1
2026-03-03,REGAAL,1.021886,72.84,71.28
2026-03-31,REGAAL,1.045573,64.01,61.22
2026-04-03,REGAAL,0.952437,64.28,67.49
2026-05-01,REGAAL,1.021125,84.59,82.84
2026-05-28,REGAAL,1.033278,93.77,90.75
2025-10-22,REGENCERAM,0.966094,45.02,46.6
2025-11-05,REGENCERAM,0.945236,46.43,49.12
2026-03-26,REGENCERAM,0.932658,36.84,39.5
2026-03-31,REGENCERAM,1.070501,40.39,37.73
2026-04-14,REGENCERAM,1.051919,46.6,44.3
2026-05-01,REGENCERAM,0.964101,44.85,46.52
2026-01-26,RELAXO,1.020548,365.05,357.7
2026-02-02,RELAXO,0.967664,378.55,391.2
2026-03-03,RELAXO,1.054689,348.1,330.05
2026-03-26,RELAXO,0.972719,258.5,265.75
2026-03-31,RELAXO,1.049811,249.75,237.9
2026-04-03,RELAXO,0.973789,260.44,267.45
2026-05-01,RELAXO,1.020329,304.15,298.09
2026-06-26,RELAXO,0.892153,368.95,413.55
2026-01-26,RELCHEMQ,1.025792,127.27,124.07
2026-02-02,RELCHEMQ,1.048253,122.74,117.09
2026-03-03,RELCHEMQ,1.042615,122.33,117.33
2026-03-31,RELCHEMQ,1.043374,113.54,108.82
2026-04-03,RELCHEMQ,0.967972,110.01,113.65
2025-10-22,RELIABLE,0.952408,136.48,143.3
2025-12-25,RELIABLE,1.030545,152.16,147.65
2026-03-03,RELIABLE,1.100513,137.19,124.66
2026-03-26,RELIABLE,1.034115,120.34,116.37
2026-03-31,RELIABLE,1.101494,122.42,111.14
2026-04-03,RELIABLE,1.025913,119.96,116.93
2026-04-14,RELIABLE,0.975554,118.52,121.49
2026-05-28,RELIABLE,0.974514,135.36,138.9
2026-02-02,RELIANCE,0.965315,1347.0,1395.4
2026-03-03,RELIANCE,1.026436,1393.9,1358.0
2026-04-14,RELIANCE,1.02669,1350.2,1315.1
2025-10-22,RELIGARE,0.977748,257.05,262.9
2025-12-25,RELIGARE,0.975036,242.94,249.16
2026-01-26,RELIGARE,1.040115,231.02,222.11
2026-02-02,RELIGARE,0.947634,225.66,238.13
2026-03-26,RELIGARE,0.96252,218.03,226.52
2026-03-31,RELIGARE,1.089983,220.34,202.15
2025-11-05,RELINFRA,1.052642,205.16,194.9
2026-02-02,RELINFRA,0.950015,127.34,134.04
2026-03-03,RELINFRA,1.052521,90.38,85.87
2026-03-26,RELINFRA,0.977355,72.51,74.19
2026-03-31,RELINFRA,1.052561,70.49,66.97
2026-04-03,RELINFRA,0.952394,69.82,73.31
2026-04-14,RELINFRA,1.022378,89.09,87.14
2025-10-22,RELTD,0.969487,143.93,148.46
2025-11-05,RELTD,1.039599,160.67,154.55
2026-03-03,RELTD,1.03159,146.95,142.45
2026-03-26,RELTD,0.935124,128.14,137.03
2026-03-31,RELTD,1.043841,125.0,119.75
2026-04-03,RELTD,0.973623,128.82,132.31
2026-05-01,RELTD,1.063886,152.04,142.91
2025-10-22,REMSONSIND,0.974433,125.01,128.29
2025-11-05,REMSONSIND,1.020928,150.25,147.17
2026-01-26,REMSONSIND,1.043828,110.27,105.64
2026-03-26,REMSONSIND,0.963101,85.35,88.62
2026-03-31,REMSONSIND,1.065528,83.58,78.44
2026-06-26,REMSONSIND,1.034151,84.79,81.99
2025-11-05,REMUS,0.947754,770.05,812.5
2026-01-26,REMUS,1.032302,677.5,656.3
2026-03-03,REMUS,1.101416,669.0,607.4
2026-03-26,REMUS,0.927907,628.1,676.9
2026-03-31,REMUS,0.975872,612.75,627.9
2026-04-14,REMUS,1.026929,654.0,636.85
2026-05-01,REMUS,1.021159,699.8,685.3
2026-05-28,REMUS,1.037822,739.5,712.55
2026-01-26,RENUKA,1.031236,23.77,23.05
2026-03-03,RENUKA,1.035349,24.31,23.48
2026-03-26,RENUKA,0.967742,24.3,25.11
2026-03-31,RENUKA,0.963273,26.49,27.5
2026-05-01,RENUKA,0.969189,28.31,29.21
2026-06-26,RENUKA,1.022321,22.9,22.4
2025-11-05,REPCOHOME,0.973234,438.15,450.2
2026-02-02,REPCOHOME,0.978355,395.5,404.25
2026-03-03,REPCOHOME,1.02849,380.85,370.3
2026-03-26,REPCOHOME,0.969104,359.15,370.6
2026-03-31,REPCOHOME,1.059178,369.6,348.95
2026-06-26,REPCOHOME,0.930714,390.9,420.0
2026-01-26,REPL,0.965022,90.77,94.06
2026-02-02,REPL,0.974343,109.75,112.64
2026-03-03,REPL,1.020916,87.37,85.58
2026-03-26,REPL,0.962313,63.58,66.07
2026-04-03,REPL,0.906001,69.3,76.49
2026-05-01,REPL,0.962945,78.74,81.77
2025-10-22,REPRO,0.943011,517.1,548.35
2026-03-03,REPRO,1.040779,398.15,382.55
2026-03-26,REPRO,0.95294,349.3,366.55
2026-03-31,REPRO,1.111165,345.85,311.25
2026-04-03,REPRO,0.968345,347.2,358.55
2026-05-01,REPRO,1.022797,365.65,357.5
2026-01-15,RESPONIND,1.020099,187.79,184.09
2026-01-26,RESPONIND,1.046738,171.33,163.68
2026-03-03,RESPONIND,1.02701,174.53,169.94
2026-03-31,RESPONIND,1.05724,134.28,127.01
2026-04-14,RESPONIND,0.956171,140.93,147.39
2026-05-28,RESPONIND,0.954147,184.99,193.88
2026-06-26,RESPONIND,1.055096,204.14,193.48
2026-03-03,RETAIL,1.075521,24.78,23.04
2026-03-31,RETAIL,1.063275,17.14,16.12
2026-04-03,RETAIL,1.050597,18.48,17.59
2026-04-14,RETAIL,0.969563,21.98,22.67
2026-05-01,RETAIL,1.039816,20.37,19.59
2026-01-15,REXPIPES,0.964828,139.9,145.0
2026-01-26,REXPIPES,1.052269,144.95,137.75
2026-02-02,REXPIPES,0.95,142.5,150.0
2026-03-26,REXPIPES,0.954872,186.2,195.0
2026-04-03,REXPIPES,0.965347,195.0,202.0
2026-05-01,REXPIPES,0.974384,197.8,203.0
2026-05-28,REXPIPES,1.052345,193.0,183.4
2025-12-25,REXPRO,0.891304,65.6,73.6
2026-01-15,REXPRO,1.036538,53.9,52.0
2026-03-03,REXPRO,1.048729,49.5,47.2
2026-04-14,REXPRO,0.952811,47.45,49.8
2026-05-01,REXPRO,0.961969,43.0,44.7
2026-06-26,REXPRO,1.025543,40.15,39.15
2026-05-28,RFBL,1.052513,70.15,66.65
2026-01-26,RGL,1.049284,110.71,105.51
2026-02-02,RGL,0.962457,104.34,108.41
2026-03-03,RGL,1.04645,118.5,113.24
2026-03-26,RGL,0.940911,93.79,99.68
2026-03-31,RGL,1.046361,101.79,97.28
2026-05-28,RGL,0.965836,102.34,105.96
2025-10-22,RHETAN,0.9783,21.64,22.12
2026-01-15,RHETAN,0.967572,25.66,26.52
2026-01-26,RHETAN,1.021995,26.95,26.37
2026-03-31,RHETAN,1.020636,24.73,24.23
2026-06-26,RHETAN,1.034652,27.47,26.55
2025-11-05,RHFL,1.053731,3.53,3.35
2026-01-15,RHFL,0.956679,2.65,2.77
2026-01-26,RHFL,1.023973,2.99,2.92
2026-02-02,RHFL,1.043956,2.85,2.73
2026-03-03,RHFL,1.04902,2.14,2.04
2026-03-31,RHFL,1.04898,2.57,2.45
2026-04-14,RHFL,1.04955,2.33,2.22
2026-01-15,RHIM,0.972726,447.6,460.15
2026-01-26,RHIM,1.033075,432.6,418.75
2026-02-02,RHIM,0.972703,432.95,445.1
2026-03-03,RHIM,1.041327,434.65,417.4
2026-03-26,RHIM,0.978702,344.65,352.15
2026-05-28,RHIM,0.978764,405.6,414.4
2026-01-15,RHL,1.024098,204.84,200.02
2026-01-26,RHL,1.056973,183.11,173.24
2026-03-03,RHL,1.048652,193.77,184.78
2026-03-26,RHL,0.971858,169.56,174.47
2026-04-14,RHL,0.978492,184.25,188.3
2026-05-01,RHL,0.975291,180.38,184.95
2025-10-22,RICHA,0.953001,65.9,69.15
2026-01-26,RICHA,1.048938,56.8,54.15
2026-02-02,RICHA,1.048305,61.85,59.0
2026-03-26,RICHA,1.051883,62.85,59.75
2026-04-03,RICHA,0.953005,61.85,64.9
2026-05-01,RICHA,0.951824,69.15,72.65
2025-10-22,RICOAUTO,0.96824,86.58,89.42
2025-11-05,RICOAUTO,1.020327,84.33,82.65
2026-01-26,RICOAUTO,1.062949,122.93,115.65
2026-03-03,RICOAUTO,1.057337,132.22,125.05
2026-03-31,RICOAUTO,1.045676,105.08,100.49
2026-05-28,RICOAUTO,0.96552,119.57,123.84
2026-06-26,RICOAUTO,1.044976,140.8,134.74
2026-03-03,RIIL,1.030103,703.2,682.65
2026-03-26,RIIL,0.978294,667.05,681.85
2026-03-31,RIIL,1.045644,652.9,624.4
2026-06-26,RIIL,1.02273,852.65,833.7
2025-10-22,RILINFRA,0.969697,35.2,36.3
2026-01-15,RILINFRA,1.026426,36.9,35.95
2026-02-02,RILINFRA,0.974926,33.05,33.9
2026-03-03,RILINFRA,1.06213,35.9,33.8
2026-03-26,RILINFRA,0.958108,35.45,37.0
2026-03-31,RILINFRA,1.058394,36.25,34.25
2026-04-14,RILINFRA,1.021802,35.15,34.4
2026-05-28,RILINFRA,1.031065,34.85,33.8
2026-06-26,RILINFRA,1.028835,44.6,43.35
2025-11-05,RISHABH,1.032357,403.6,390.95
2025-12-25,RISHABH,1.024679,402.75,393.05
2026-01-26,RISHABH,1.037908,346.35,333.7
2026-02-02,RISHABH,1.068234,395.3,370.05
2026-03-03,RISHABH,1.022775,417.65,408.35
2026-03-26,RISHABH,0.979589,379.15,387.05
2026-03-31,RISHABH,1.066886,372.45,349.1
2026-04-03,RISHABH,0.97253,377.05,387.7
2026-04-14,RISHABH,0.963044,440.4,457.3
2026-05-01,RISHABH,1.025111,483.75,471.9
2026-05-28,RISHABH,0.958326,530.05,553.1
2026-06-26,RISHABH,1.031107,585.05,567.4
2026-01-26,RITCO,1.02912,243.85,236.95
2026-03-03,RITCO,1.031464,219.64,212.94
2026-03-31,RITCO,1.046078,186.84,178.61
2026-04-03,RITCO,1.038104,184.17,177.41
2026-05-01,RITCO,0.970012,211.55,218.09
2026-01-15,RITES,0.977825,226.65,231.79
2026-02-02,RITES,0.956046,218.38,228.42
2026-03-03,RITES,1.04899,213.91,203.92
2026-03-31,RITES,1.048967,184.23,175.63
2026-01-15,RITEZONE,1.050228,23.0,21.9
2026-03-31,RITEZONE,1.051903,15.2,14.45
2026-04-03,RITEZONE,1.047101,14.45,13.8
2026-04-14,RITEZONE,0.967164,16.2,16.75
2026-05-01,RITEZONE,0.953398,24.55,25.75
2026-05-28,RITEZONE,1.023474,21.8,21.3
2026-06-26,RITEZONE,0.952507,18.05,18.95
2025-10-22,RKDL,0.979447,26.21,26.76
2026-02-02,RKDL,1.054135,21.03,19.95
2026-03-03,RKDL,1.081586,19.09,17.65
2026-03-26,RKDL,0.936891,18.26,19.49
2026-03-31,RKDL,1.021978,18.6,18.2
2026-05-28,RKDL,1.022823,21.96,21.47
2025-12-25,RKEC,1.048798,59.75,56.97
2026-01-26,RKEC,1.033947,47.21,45.66
2026-03-03,RKEC,1.037509,43.15,41.59
2026-03-26,RKEC,0.961958,30.85,32.07
2026-03-31,RKEC,1.135385,29.52,26.0
2026-04-03,RKEC,0.969109,29.49,30.43
2026-05-01,RKEC,1.02385,36.06,35.22
2026-05-28,RKEC,1.044256,33.27,31.86
2026-06-26,RKEC,1.079869,29.61,27.42
2026-03-26,RKFORGE,0.952598,481.3,505.25
2026-03-31,RKFORGE,1.045757,487.95,466.6
2026-04-14,RKFORGE,1.021115,544.05,532.8
2026-01-15,RKSWAMY,0.977026,108.02,110.56
2026-03-26,RKSWAMY,0.968028,76.3,78.82
2026-03-31,RKSWAMY,1.06375,73.42,69.02
2026-04-03,RKSWAMY,0.927702,74.68,80.5
2026-04-14,RKSWAMY,1.021905,88.17,86.28
2026-04-03,RMC,0.95347,370.9,389.0
2026-04-14,RMC,1.033342,412.2,398.9
2026-05-01,RMC,1.02786,485.15,472.0
2026-05-28,RMC,0.952452,381.6,400.65
2026-06-26,RMC,1.048471,342.85,327.0
2025-10-22,RMDRIP,0.977021,69.73,71.37
2026-01-26,RMDRIP,0.979659,98.73,100.78
2026-03-03,RMDRIP,1.111059,70.53,63.48
2026-03-26,RMDRIP,1.027343,38.7,37.67
2026-03-31,RMDRIP,0.9625,37.73,39.2
2026-04-03,RMDRIP,0.958324,41.16,42.95
2026-04-14,RMDRIP,1.03879,26.78,25.78
2026-05-01,RMDRIP,0.952468,20.84,21.88
2025-11-05,RML,0.973912,821.3,843.3
2025-12-25,RML,0.946531,746.15,788.3
2026-01-26,RML,1.038571,768.75,740.2
2026-03-03,RML,1.026186,840.6,819.15
2026-03-31,RML,1.067339,661.75,620.0
2025-10-22,RNBDENIMS,0.935491,124.86,133.47
2026-01-15,RNBDENIMS,0.934986,124.11,132.74
2026-01-26,RNBDENIMS,1.057209,147.1,139.14
2026-03-03,RNBDENIMS,1.052628,170.81,162.27
2026-03-26,RNBDENIMS,1.052602,75.24,71.48
2026-03-31,RNBDENIMS,1.052542,67.91,64.52
2026-04-03,RNBDENIMS,3.158166,61.3,19.41
2026-05-01,RNBDENIMS,1.049896,15.15,14.43
2026-05-28,RNBDENIMS,0.952583,11.25,11.81
2026-06-26,RNBDENIMS,1.029135,10.95,10.64
2026-01-26,RNFI,1.039058,278.0,267.55
2026-03-31,RNFI,1.106655,242.8,219.4
2026-04-03,RNFI,0.971396,253.0,260.45
2025-11-05,RNPL,0.9093,118.8,130.65
2026-05-01,RNPL,1.023985,138.75,135.5
2026-05-28,RNPL,1.052392,92.4,87.8
2026-06-26,RNPL,1.052271,84.55,80.35
2025-10-22,ROCKINGDCE,0.978474,250.0,255.5
2025-11-05,ROCKINGDCE,0.855389,202.0,236.15
2025-12-25,ROCKINGDCE,0.947915,237.5,250.55
2026-01-15,ROCKINGDCE,1.045455,207.0,198.0
2026-01-26,ROCKINGDCE,1.051013,205.0,195.05
2026-03-03,ROCKINGDCE,1.038919,192.2,185.0
2026-03-26,ROCKINGDCE,1.038062,150.0,144.5
2026-03-31,ROCKINGDCE,1.052511,137.3,130.45
2026-04-03,ROCKINGDCE,1.03083,130.4,126.5
2026-04-14,ROCKINGDCE,0.931454,156.95,168.5
2026-05-28,ROCKINGDCE,0.975331,217.45,222.95
2026-06-26,ROCKINGDCE,0.931346,175.0,187.9
2026-01-15,ROHLTD,0.969029,380.15,392.3
2026-01-26,ROHLTD,1.03029,363.95,353.25
2026-03-03,ROHLTD,1.044531,362.4,346.95
2026-03-31,ROHLTD,1.071692,290.75,271.3
2026-04-03,ROHLTD,0.978605,306.45,313.15
2026-04-14,ROHLTD,1.037442,369.9,356.55
2026-05-28,ROHLTD,0.971407,319.35,328.75
2026-03-03,ROLEXRINGS,1.022812,134.51,131.51
2026-03-26,ROLEXRINGS,0.972046,115.1,118.41
2026-03-31,ROLEXRINGS,1.039009,115.33,111.0
2026-01-15,ROLLT,0.955414,1.5,1.57
2026-01-26,ROLLT,1.048,1.31,1.25
2026-02-02,ROLLT,1.033613,1.23,1.19
2026-03-03,ROLLT,1.052239,1.41,1.34
2026-03-31,ROLLT,1.045872,1.14,1.09
2026-05-01,ROLLT,0.953125,1.83,1.92
2026-05-28,ROLLT,1.048128,1.96,1.87
2026-06-26,ROLLT,1.052117,3.23,3.07
2025-12-25,ROML,0.97722,50.19,51.36
2026-01-15,ROML,1.021366,48.76,47.74
2026-03-03,ROML,1.045988,43.67,41.75
2026-03-31,ROML,1.09554,39.79,36.32
2026-04-14,ROML,1.038018,45.05,43.4
2026-02-02,ROSSARI,0.948795,535.5,564.4
2026-03-03,ROSSARI,1.023196,496.25,485.0
2026-03-26,ROSSARI,0.957987,397.9,415.35
2026-03-31,ROSSARI,1.051241,398.0,378.6
2026-04-03,ROSSARI,0.944406,404.3,428.1
2026-04-14,ROSSARI,1.02025,453.45,444.45
2026-05-01,ROSSARI,0.97505,467.0,478.95
2026-01-26,ROSSELLIND,1.026481,44.19,43.05
2026-03-03,ROSSELLIND,1.077818,48.2,44.72
2026-03-26,ROSSELLIND,0.979605,44.19,45.11
2026-03-31,ROSSELLIND,1.048603,44.66,42.59
2025-11-05,ROSSTECH,1.028028,643.7,626.15
2026-01-15,ROSSTECH,0.904683,576.6,637.35
2026-01-26,ROSSTECH,1.048867,650.35,620.05
2026-03-31,ROSSTECH,1.020368,681.3,667.7
2026-04-03,ROSSTECH,0.978594,708.6,724.1
2026-04-14,ROSSTECH,0.978433,916.4,936.6
2026-05-28,ROSSTECH,0.959193,1015.45,1058.65
2025-11-05,ROTO,1.024059,70.23,68.58
2026-01-26,ROTO,1.020688,58.71,57.52
2026-03-31,ROTO,1.074683,51.66,48.07
2026-04-03,ROTO,0.954744,50.21,52.59
2026-06-26,ROTO,1.024607,76.2,74.37
2026-01-26,ROUTE,1.029231,617.95,600.4
2026-03-03,ROUTE,1.038116,507.95,489.3
2026-03-31,ROUTE,1.060274,440.65,415.6
2025-10-22,ROXHITECH,0.97672,46.15,47.25
2025-12-25,ROXHITECH,1.025814,45.7,44.55
2026-01-15,ROXHITECH,0.96,36.0,37.5
2026-02-02,ROXHITECH,0.962857,33.7,35.0
2026-03-31,ROXHITECH,1.060606,26.25,24.75
2026-05-28,ROXHITECH,0.953361,34.75,36.45
2026-06-26,ROXHITECH,0.953083,35.55,37.3
2026-01-26,ROYALARC,1.096154,171.0,156.0
2026-03-03,ROYALARC,1.06,159.0,150.0
2026-03-26,ROYALARC,0.860759,136.0,158.0
2026-03-31,ROYALARC,0.930074,156.95,168.75
2026-04-03,ROYALARC,1.062341,167.0,157.2
2025-11-05,RPEL,0.970642,876.15,902.65
2026-01-15,RPEL,1.05762,904.9,855.6
2026-01-26,RPEL,1.038514,721.3,694.55
2026-03-03,RPEL,1.031239,706.45,685.05
2026-03-26,RPEL,0.968936,609.8,629.35
2026-03-31,RPEL,1.05941,600.05,566.4
2026-05-28,RPEL,0.979505,946.3,966.1
2026-01-26,RPGLIFE,1.037693,2216.2,2135.7
2026-03-03,RPGLIFE,1.037989,1874.4,1805.8
2026-03-26,RPGLIFE,0.927036,1781.3,1921.5
2026-04-03,RPGLIFE,0.977306,1877.6,1921.2
2026-05-01,RPGLIFE,0.884749,2030.5,2295.0
2025-11-05,RPOWER,1.077849,43.89,40.72
2025-12-25,RPOWER,0.950734,36.28,38.16
2026-01-26,RPOWER,1.060134,29.97,28.27
2026-02-02,RPOWER,0.964956,27.26,28.25
2026-03-03,RPOWER,1.043081,23.97,22.98
2026-03-26,RPOWER,0.943979,21.4,22.67
2026-03-31,RPOWER,1.048625,21.35,20.36
2026-04-14,RPOWER,0.96553,25.21,26.11
2026-05-28,RPOWER,0.96528,26.69,27.65
2025-10-22,RPPINFRA,0.973308,119.97,123.26
2026-03-03,RPPINFRA,1.05774,76.94,72.74
2026-03-31,RPPINFRA,1.068031,59.5,55.71
2026-04-03,RPPINFRA,0.967353,62.52,64.63
2026-05-28,RPPINFRA,0.974684,73.15,75.05
2026-06-26,RPPINFRA,1.020169,66.26,64.95
2025-10-22,RPPL,0.966403,19.56,20.24
2025-12-25,RPPL,0.965098,18.25,18.91
2026-02-02,RPPL,1.020189,16.17,15.85
2026-03-03,RPPL,1.086387,16.6,15.28
2026-03-26,RPPL,0.979234,15.09,15.41
2026-03-31,RPPL,0.964056,15.02,15.58
2026-06-26,RPPL,1.049188,21.97,20.94
2025-12-25,RPSGVENT,0.972822,748.1,769.0
2026-01-15,RPSGVENT,1.026893,723.6,704.65
2026-01-26,RPSGVENT,0.966768,686.55,710.15
2026-02-02,RPSGVENT,0.971549,703.45,724.05
2026-03-03,RPSGVENT,1.041622,681.95,654.7
2026-03-26,RPSGVENT,0.833333,600.75,720.9
2026-04-03,RPSGVENT,0.927193,946.85,1021.2
2026-06-26,RPSGVENT,0.964203,857.9,889.75
2025-12-25,RPTECH,0.965542,339.05,351.15
2026-01-26,RPTECH,1.045138,353.1,337.85
2026-03-03,RPTECH,1.033754,369.05,357.0
2026-03-26,RPTECH,0.958397,345.55,360.55
2026-03-31,RPTECH,1.025303,346.45,337.9
2026-04-03,RPTECH,0.973266,354.95,364.7
2026-04-14,RPTECH,0.955388,404.75,423.65
2026-05-01,RPTECH,1.020076,467.45,458.25
2026-06-26,RPTECH,0.975861,762.05,780.9
2025-11-05,RRKABEL,0.978126,1390.7,1421.8
2026-01-26,RRKABEL,1.054084,1424.7,1351.6
2026-03-03,RRKABEL,1.020107,1562.6,1531.8
2026-05-01,RRKABEL,1.035391,1626.6,1571.0
2026-06-26,RRKABEL,0.979785,2438.0,2488.3
2026-05-28,RSDFIN,1.075406,86.14,80.1
2026-06-26,RSDFIN,0.966429,81.18,84.0
2026-04-03,RSL,0.903309,108.09,119.66
2026-05-28,RSL,1.036585,131.75,127.1
2025-12-25,RSSOFTWARE,1.029851,54.51,52.93
2026-01-26,RSSOFTWARE,1.023292,39.98,39.07
2026-03-31,RSSOFTWARE,1.05244,23.08,21.93
2026-04-03,RSSOFTWARE,0.95242,23.02,24.17
2026-04-14,RSSOFTWARE,0.952396,30.81,32.35
2026-05-01,RSSOFTWARE,1.05255,40.66,38.63
2026-06-26,RSSOFTWARE,1.020166,36.93,36.2
2026-01-26,RSWM,1.033359,134.44,130.1
2026-04-14,RSWM,1.043109,157.04,150.55
2026-06-26,RSWM,1.041218,201.33,193.36
2025-11-05,RSYSTEMS,1.022596,425.4,416.0
2026-01-26,RSYSTEMS,1.042315,371.95,356.85
2026-02-02,RSYSTEMS,0.969429,367.85,379.45
2026-03-03,RSYSTEMS,1.043682,289.1,277.0
2026-03-31,RSYSTEMS,1.060535,247.9,233.75
2026-04-03,RSYSTEMS,0.960307,255.24,265.79
2025-12-25,RTL,0.960699,66.0,68.7
2026-02-02,RTL,0.959874,61.0,63.55
2026-03-03,RTL,0.961798,85.6,89.0
2026-03-26,RTL,1.036535,87.95,84.85
2026-04-03,RTL,0.967366,83.0,85.8
2026-01-26,RTNINDIA,1.059199,34.89,32.94
2026-03-03,RTNINDIA,1.04708,28.69,27.4
2026-03-31,RTNINDIA,1.05339,27.03,25.66
2026-01-26,RTNPOWER,1.027397,8.25,8.03
2026-02-02,RTNPOWER,1.029377,8.76,8.51
2026-03-03,RTNPOWER,1.037547,8.29,7.99
2026-03-26,RTNPOWER,0.970696,7.95,8.19
2026-03-31,RTNPOWER,1.05291,7.96,7.56
2026-05-28,RTNPOWER,0.941057,9.26,9.84
2025-10-22,RUBFILA,0.978552,80.3,82.06
2025-11-05,RUBFILA,1.021134,80.69,79.02
2026-03-31,RUBFILA,0.963117,57.97,60.19
2026-04-03,RUBFILA,0.973763,61.98,63.65
2026-01-26,RUBICON,1.022383,664.6,650.05
2026-03-26,RUBICON,1.021975,790.6,773.6
2026-01-15,RUBYMILLS,1.020354,209.04,204.87
2026-01-26,RUBYMILLS,1.023323,195.69,191.23
2026-03-03,RUBYMILLS,1.057858,179.73,169.9
2026-04-14,RUBYMILLS,1.023223,233.08,227.79
2025-10-22,RUCHINFRA,0.970628,7.27,7.49
2026-03-03,RUCHINFRA,1.023173,5.74,5.61
2026-03-31,RUCHINFRA,1.125908,4.65,4.13
2026-04-03,RUCHINFRA,0.833333,4.95,5.94
2026-04-14,RUCHINFRA,1.067881,6.45,6.04
2026-05-01,RUCHINFRA,1.021909,6.53,6.39
2026-01-26,RUCHIRA,1.026581,118.18,115.12
2026-03-03,RUCHIRA,1.035212,109.66,105.93
2026-03-31,RUCHIRA,1.021562,98.07,96.0
2026-04-03,RUCHIRA,0.975866,100.28,102.76
2026-06-26,RUCHIRA,0.974101,109.45,112.36
2026-01-26,RUDRA,1.054451,22.27,21.12
2026-03-03,RUDRA,1.090608,19.74,18.1
2026-03-26,RUDRA,0.970785,15.95,16.43
2026-03-31,RUDRA,1.037838,15.36,14.8
2026-04-03,RUDRA,0.959732,15.73,16.39
2025-12-25,RULKA,0.964335,104.1,107.95
2026-03-03,RULKA,0.978836,92.5,94.5
2026-03-26,RULKA,0.951744,81.85,86.0
2026-03-31,RULKA,1.054667,79.1,75.0
2026-04-03,RULKA,1.052563,81.1,77.05
2026-04-14,RULKA,1.064764,97.0,91.1
2026-03-03,RUPA,1.029066,138.43,134.52
2026-03-31,RUPA,1.037405,114.82,110.68
2026-04-03,RUPA,0.977044,119.6,122.41
2026-05-28,RUPA,0.973201,151.07,155.23
2025-11-05,RUSHIL,1.024055,26.82,26.19
2025-12-25,RUSHIL,1.02474,23.61,23.04
2026-01-26,RUSHIL,1.024525,20.47,19.98
2026-03-03,RUSHIL,1.038056,17.73,17.08
2026-03-31,RUSHIL,1.063133,13.64,12.83
2026-04-03,RUSHIL,0.955224,14.72,15.41
2025-12-25,RUSTOMJEE,1.020342,531.7,521.1
2026-01-26,RUSTOMJEE,1.031184,491.05,476.2
2026-02-02,RUSTOMJEE,0.979639,488.35,498.5
2026-03-03,RUSTOMJEE,0.960696,416.75,433.8
2026-03-26,RUSTOMJEE,0.950526,370.8,390.1
2025-10-22,RVHL,0.971202,56.32,57.99
2026-03-03,RVHL,1.072333,41.51,38.71
2026-03-31,RVHL,1.088836,31.99,29.38
2026-04-03,RVHL,0.925986,34.28,37.02
2026-04-14,RVHL,1.024346,39.97,39.02
2026-05-28,RVHL,0.945324,37.0,39.14
2026-01-15,RVNL,0.976057,330.2,338.3
2026-02-02,RVNL,0.950932,326.55,343.4
2026-03-03,RVNL,1.056437,316.35,299.45
2026-03-26,RVNL,0.961317,258.45,268.85
2026-03-31,RVNL,1.057681,264.05,249.65
2026-05-28,RVNL,1.029528,259.75,252.3
2025-10-22,RVTH,0.976767,979.6,1002.9
2025-12-25,RVTH,1.02104,725.5,710.55
2026-01-15,RVTH,1.029364,701.1,681.1
2026-03-31,RVTH,0.975428,518.05,531.1
2026-05-28,RVTH,1.041353,823.45,790.75
2025-10-22,S&SPOWER,0.956243,343.1,358.8
2025-12-25,S&SPOWER,0.952404,259.73,272.71
2026-01-15,S&SPOWER,1.052572,280.3,266.3
2026-01-26,S&SPOWER,1.048648,279.15,266.2
2026-02-02,S&SPOWER,0.958326,258.7,269.95
2026-03-03,S&SPOWER,1.030659,302.55,293.55
2026-03-31,S&SPOWER,1.020323,331.35,324.75
2026-06-26,S&SPOWER,1.021136,386.5,378.5
2025-11-05,SAAKSHI,1.020731,177.25,173.65
2026-01-15,SAAKSHI,1.020414,174.95,171.45
2026-01-26,SAAKSHI,1.038034,186.95,180.1
2026-02-02,SAAKSHI,1.047832,199.35,190.25
2026-03-31,SAAKSHI,1.077557,189.65,176.0
2026-04-03,SAAKSHI,1.073493,195.0,181.65
2026-05-01,SAAKSHI,0.896455,207.35,231.3
2026-05-28,SAAKSHI,0.956014,229.3,239.85
2026-02-02,SAATVIKGL,0.97838,384.65,393.15
2026-03-03,SAATVIKGL,1.03439,366.95,354.75
2026-03-26,SAATVIKGL,0.970596,368.05,379.2
2026-05-01,SAATVIKGL,1.043469,480.1,460.1
2026-06-26,SAATVIKGL,1.025876,487.65,475.35
2025-11-05,SABAR,0.955752,5.4,5.65
2026-01-15,SABAR,1.044444,4.7,4.5
2026-01-26,SABAR,0.952381,5.0,5.25
2026-02-03,SABAR,0.958333,5.75,6.0
2026-03-31,SABAR,1.045872,5.7,5.45
2026-05-01,SABAR,1.048544,5.4,5.15
2025-11-05,SABEVENTS,1.032573,6.34,6.14
2026-03-26,SABEVENTS,1.051852,9.94,9.45
2026-03-31,SABEVENTS,1.051522,8.98,8.54
2026-04-03,SABEVENTS,0.953052,8.12,8.52
2026-06-26,SABEVENTS,0.954279,8.14,8.53
2025-11-05,SABTNL,1.020916,785.85,769.75
2026-01-26,SABTNL,1.050938,2129.2,2026.0
2026-02-02,SABTNL,0.950012,1567.9,1650.4
2025-11-05,SACHEEROME,1.050677,224.95,214.1
2026-01-15,SACHEEROME,0.952393,378.1,397.0
2026-01-26,SACHEEROME,1.038115,379.95,366.0
2026-03-26,SACHEEROME,1.030158,268.15,260.3
2026-03-31,SACHEEROME,1.061932,280.35,264.0
2026-04-03,SACHEEROME,0.909205,290.4,319.4
2026-04-14,SACHEEROME,0.96229,389.15,404.4
2026-05-01,SACHEEROME,1.022556,340.0,332.5
2026-05-28,SACHEEROME,0.969504,327.45,337.75
2025-12-25,SADBHAV,1.052262,13.49,12.82
2026-01-15,SADBHAV,1.033121,8.11,7.85
2026-01-26,SADBHAV,0.970497,6.25,6.44
2026-03-03,SADBHAV,1.052114,10.7,10.17
2026-03-26,SADBHAV,0.95297,7.7,8.08
2026-03-31,SADBHAV,1.052055,7.68,7.3
2026-04-03,SADBHAV,0.952736,7.66,8.04
2026-05-28,SADBHAV,1.022269,9.64,9.43
2025-10-22,SADBHIN,0.979058,3.74,3.82
2026-01-15,SADBHIN,1.022535,3.63,3.55
2026-01-26,SADBHIN,1.020896,3.42,3.35
2026-02-02,SADBHIN,1.07485,3.59,3.34
2026-03-03,SADBHIN,0.95858,3.24,3.38
2026-03-31,SADBHIN,1.051163,2.26,2.15
2026-04-14,SADBHIN,0.954861,2.75,2.88
2026-05-01,SADBHIN,1.02952,2.79,2.71
2025-12-25,SADHAV,1.020813,103.0,100.9
2026-01-15,SADHAV,0.965645,104.0,107.7
2026-03-03,SADHAV,1.060094,112.9,106.5
2026-03-26,SADHAV,0.97586,95.0,97.35
2026-04-03,SADHAV,0.932273,102.55,110.0
2026-04-14,SADHAV,1.02774,113.0,109.95
2026-05-01,SADHAV,0.954797,111.95,117.25
2026-05-28,SADHAV,0.932203,110.0,118.0
2026-03-03,SADHNA-RE,1.641026,0.64,0.39
2025-10-22,SADHNANIQ,0.975941,9.33,9.56
2025-11-05,SADHNANIQ,1.053352,7.7,7.31
2025-12-25,SADHNANIQ,1.044156,8.04,7.7
2026-01-26,SADHNANIQ,1.08377,6.21,5.73
2026-03-03,SADHNANIQ,1.048128,1.96,1.87
2026-04-03,SADHNANIQ,0.953333,1.43,1.5
2026-06-26,SADHNANIQ,1.020202,3.03,2.97
2025-11-05,SAFARI,1.02342,2154.3,2105.0
2025-12-25,SAFARI,0.968904,2199.8,2270.4
2026-01-15,SAFARI,1.021303,2123.8,2079.5
2026-03-03,SAFARI,1.035194,1797.2,1736.1
2026-03-26,SAFARI,0.969207,1479.3,1526.3
2025-11-05,SAFEENTP,1.023387,199.1,194.55
2026-01-15,SAFEENTP,1.050173,258.5,246.15
2026-01-26,SAFEENTP,1.050804,225.45,214.55
2026-02-02,SAFEENTP,0.957612,215.75,225.3
2026-03-03,SAFEENTP,1.031661,239.5,232.15
2026-03-26,SAFEENTP,0.932803,199.2,213.55
2026-04-03,SAFEENTP,1.02385,212.5,207.55
2026-04-14,SAFEENTP,1.026644,242.75,236.45
2026-05-01,SAFEENTP,1.021008,243.0,238.0
2026-05-28,SAFEENTP,0.966248,269.1,278.5
2025-11-05,SAGARDEEP,1.024356,29.44,28.74
2026-01-26,SAGARDEEP,0.969673,24.62,25.39
2026-03-31,SAGARDEEP,1.039055,22.88,22.02
2026-05-28,SAGARDEEP,0.977461,26.02,26.62
2026-06-26,SAGARDEEP,1.026063,25.59,24.94
2025-12-25,SAGCEM,1.021248,210.04,205.67
2026-01-26,SAGCEM,1.022643,190.59,186.37
2026-03-26,SAGCEM,0.914495,150.16,164.2
2026-03-31,SAGCEM,1.042048,159.6,153.16
2026-05-01,SAGCEM,1.021916,184.18,180.23
2026-06-26,SAGCEM,0.976727,174.17,178.32
2026-02-02,SAGILITY,0.970158,48.44,49.93
2026-03-26,SAGILITY,0.935573,37.32,39.89
2026-03-31,SAGILITY,1.045056,41.75,39.95
2026-01-15,SAHAJSOLAR,1.035495,160.45,154.95
2026-03-03,SAHAJSOLAR,1.06408,122.05,114.7
2026-03-31,SAHAJSOLAR,1.109485,102.35,92.25
2026-04-03,SAHAJSOLAR,0.929207,104.35,112.3
2026-04-14,SAHAJSOLAR,1.025082,141.0,137.55
2026-05-01,SAHAJSOLAR,1.030537,160.3,155.55
2026-05-28,SAHAJSOLAR,1.04069,150.9,145.0
2026-06-26,SAHAJSOLAR,1.027027,134.9,131.35
2025-10-22,SAHANA,0.942135,950.85,1009.25
2025-11-05,SAHANA,0.965892,1137.0,1177.15
2025-12-25,SAHANA,1.02609,949.8,925.65
2026-01-15,SAHANA,0.954456,706.25,739.95
2026-03-26,SAHANA,1.066295,928.05,870.35
2026-03-31,SAHANA,1.050169,808.0,769.4
2026-04-03,SAHANA,0.933909,837.95,897.25
2026-04-14,SAHANA,1.03088,898.0,871.1
2026-05-28,SAHANA,0.934586,770.8,824.75
2025-10-22,SAHASRA,0.970282,261.2,269.2
2026-01-15,SAHASRA,0.97996,271.4,276.95
2026-02-02,SAHASRA,1.061847,264.4,249.0
2026-03-03,SAHASRA,1.041624,254.0,243.85
2026-03-26,SAHASRA,0.971385,220.65,227.15
2026-03-31,SAHASRA,1.119268,217.25,194.1
2026-04-14,SAHASRA,1.040825,247.3,237.6
2026-04-14,SAHLIBHFI,1.034864,84.3,81.46
2026-06-26,SAHLIBHFI,0.956516,76.99,80.49
2025-10-22,SAHYADRI,0.974913,252.6,259.1
2026-02-02,SAHYADRI,0.966166,241.01,249.45
2026-03-03,SAHYADRI,1.034373,250.37,242.05
2026-03-31,SAHYADRI,1.070007,217.8,203.55
2026-04-03,SAHYADRI,0.964389,209.34,217.07
2026-05-28,SAHYADRI,1.066345,298.15,279.6
2025-11-05,SAIFL,1.024561,14.6,14.25
2025-12-25,SAIFL,1.045455,14.95,14.3
2026-01-15,SAIFL,0.961702,11.3,11.75
2026-03-03,SAIFL,1.037234,9.75,9.4
2026-03-26,SAIFL,0.957447,9.0,9.4
2026-03-31,SAIFL,1.066667,8.8,8.25
2026-04-03,SAIFL,0.977901,8.85,9.05
2026-04-14,SAIFL,1.099138,12.75,11.6
2026-05-01,SAIFL,1.041176,8.85,8.5
2026-05-28,SAIFL,1.037037,5.6,5.4
2026-06-26,SAIFL,1.04386,5.95,5.7
2026-01-15,SAIL,0.969299,147.76,152.44
2026-03-26,SAIL,0.960583,145.73,151.71
2026-03-31,SAIL,0.967309,146.47,151.42
2026-01-26,SAILIFE,1.039057,826.05,795.0
2026-04-03,SAIPARENT,0.966231,392.0,405.7
2026-01-26,SAJHOTELS,1.042553,49.0,47.0
2026-02-03,SAJHOTELS,1.021277,48.0,47.0
2026-03-26,SAJHOTELS,0.971759,37.85,38.95
2026-03-31,SAJHOTELS,0.918314,34.85,37.95
2026-05-28,SAJHOTELS,1.027027,38.0,37.0
2026-06-26,SAJHOTELS,0.834302,28.7,34.4
2026-01-15,SAKAR,0.927212,375.15,404.6
2026-01-26,SAKAR,1.05255,408.6,388.2
2026-03-03,SAKAR,0.943803,494.6,524.05
2026-03-26,SAKAR,0.95172,510.55,536.45
2026-03-31,SAKAR,1.040024,518.4,498.45
2026-04-14,SAKAR,0.952877,589.45,618.6
2026-06-26,SAKAR,1.024565,827.9,808.05
2026-01-26,SAKHTISUG,1.024376,17.65,17.23
2026-04-14,SAKHTISUG,0.895587,16.64,18.58
2026-05-01,SAKHTISUG,0.940816,18.44,19.6
2026-01-26,SAKSOFT,1.028204,171.71,167.0
2026-03-03,SAKSOFT,1.041844,141.67,135.98
2026-03-26,SAKSOFT,0.950688,117.41,123.5
2026-03-31,SAKSOFT,1.06491,116.81,109.69
2026-06-26,SAKSOFT,0.868993,139.43,160.45
2025-11-05,SAKUMA,1.039711,2.88,2.77
2026-03-03,SAKUMA,1.045714,1.83,1.75
2026-03-31,SAKUMA,1.144144,1.27,1.11
2026-04-03,SAKUMA,0.836478,1.33,1.59
2026-04-14,SAKUMA,1.045226,2.08,1.99
2026-05-01,SAKUMA,1.020942,1.95,1.91
2026-05-28,SAKUMA,0.958333,1.84,1.92
2025-10-22,SALASAR,0.973029,9.38,9.64
2025-12-25,SALASAR,0.96162,9.02,9.38
2026-01-26,SALASAR,1.022193,7.83,7.66
2026-02-02,SALASAR,0.97604,7.74,7.93
2026-03-03,SALASAR,1.039422,7.91,7.61
2026-03-31,SALASAR,1.060284,5.98,5.64
2026-06-26,SALASAR,1.04376,6.44,6.17
2025-10-22,SALONA,0.949278,276.05,290.8
2026-04-03,SALONA,0.967582,264.15,273.0
2026-05-01,SALONA,1.056643,277.95,263.05
2025-10-22,SALSTEEL,0.952577,32.34,33.95
2026-02-02,SALSTEEL,0.951903,37.01,38.88
2026-03-26,SALSTEEL,0.953146,36.21,37.99
2026-03-31,SALSTEEL,1.032065,37.98,36.8
2026-04-03,SALSTEEL,0.949452,38.13,40.16
2026-04-14,SALSTEEL,0.914037,45.19,49.44
2026-05-28,SALSTEEL,0.95249,54.13,56.83
2026-01-15,SALZERELEC,1.026322,619.95,604.05
2026-01-26,SALZERELEC,1.036452,564.4,544.55
2026-02-02,SALZERELEC,0.976056,552.35,565.9
2026-03-03,SALZERELEC,1.04013,658.35,632.95
2026-03-31,SALZERELEC,1.050295,515.8,491.1
2025-10-22,SAMAY,1.021277,48.0,47.0
2025-11-05,SAMAY,1.052049,47.5,45.15
2025-12-25,SAMAY,0.965517,42.0,43.5
2026-03-26,SAMAY,1.049285,33.0,31.45
2026-03-31,SAMAY,1.052632,30.0,28.5
2026-04-03,SAMAY,0.974359,28.5,29.25
2026-05-28,SAMAY,0.952874,41.45,43.5
2026-06-26,SAMAY,0.979167,47.0,48.0
2025-10-22,SAMBHAAV,0.976077,8.16,8.36
2026-02-02,SAMBHAAV,1.026482,8.14,7.93
2026-03-03,SAMBHAAV,1.051821,7.51,7.14
2026-03-31,SAMBHAAV,1.023033,5.33,5.21
2026-04-03,SAMBHAAV,0.963028,5.47,5.68
2026-04-14,SAMBHAAV,1.034435,7.51,7.26
2026-05-01,SAMBHAAV,0.962264,6.63,6.89
2025-11-05,SAMBHV,0.972563,114.14,117.36
2025-12-25,SAMBHV,0.957745,96.33,100.58
2026-02-02,SAMBHV,0.959078,86.95,90.66
2026-03-03,SAMBHV,1.027886,99.89,97.18
2026-03-31,SAMBHV,1.033057,93.44,90.45
2026-04-14,SAMBHV,0.972273,112.21,115.41
2026-03-26,SAMHI,0.978839,135.53,138.46
2026-03-31,SAMHI,1.0476,134.25,128.15
2026-05-01,SAMHI,1.021821,159.68,156.27
2026-05-28,SAMHI,1.032503,169.95,164.6
2026-06-26,SAMHI,1.024354,184.23,179.85
2026-02-02,SAMMAANCAP,0.948112,142.89,150.71
2026-03-03,SAMMAANCAP,1.027062,149.91,145.96
2026-03-26,SAMMAANCAP,0.943015,138.51,146.88
2026-05-01,SAMMAANCAP,0.975659,141.09,144.61
2026-05-28,SAMMAANCAP,0.967632,167.71,173.32
2025-10-22,SAMPANN,0.978261,32.4,33.12
2025-11-05,SAMPANN,1.051364,42.78,40.69
2026-03-03,SAMPANN,1.045439,29.91,28.61
2026-03-31,SAMPANN,1.084258,26.38,24.33
2026-05-01,SAMPANN,0.976372,26.86,27.51
2026-06-26,SAMPANN,1.033031,28.46,27.55
2025-12-25,SANATHAN,1.023774,443.55,433.25
2026-01-26,SANATHAN,0.973745,419.1,430.4
2026-03-26,SANATHAN,0.975735,369.95,379.15
2026-03-31,SANATHAN,1.03604,380.9,367.65
2026-04-03,SANATHAN,0.937142,392.85,419.2
2026-05-28,SANATHAN,1.021055,417.05,408.45
2025-11-05,SANCO,0.977778,1.76,1.8
2026-03-26,SANCO,1.020921,2.44,2.39
2026-03-31,SANCO,1.050228,2.3,2.19
2026-04-03,SANCO,1.041284,2.27,2.18
2026-05-01,SANCO,0.956044,2.61,2.73
2026-05-28,SANCO,1.052478,3.61,3.43
2026-01-26,SANDESH,1.022079,1032.3,1010.0
2026-03-31,SANDESH,1.07228,881.2,821.8
2026-04-03,SANDESH,0.976789,869.0,889.65
2026-05-01,SANDESH,0.976811,1074.15,1099.65
2026-06-26,SANDESH,1.026635,998.3,972.4
2025-10-22,SANDHAR,0.977698,517.3,529.1
2025-12-25,SANDHAR,1.047417,580.95,554.65
2026-01-26,SANDHAR,1.061239,525.95,495.6
2026-03-31,SANDHAR,1.05881,462.7,437.0
2026-05-28,SANDHAR,0.97318,691.25,710.3
2025-10-22,SANDUMA,0.977663,220.59,225.63
2025-11-05,SANDUMA,1.02569,225.58,219.93
2025-12-25,SANDUMA,0.945193,227.3,240.48
2026-01-26,SANDUMA,1.047874,215.16,205.33
2026-02-02,SANDUMA,0.963178,213.71,221.88
2026-03-03,SANDUMA,1.045329,216.08,206.71
2026-03-31,SANDUMA,1.04125,178.97,171.88
2025-10-22,SANGAMIND,0.975604,419.9,430.4
2025-12-25,SANGAMIND,0.976381,440.25,450.9
2026-03-03,SANGAMIND,1.041825,467.05,448.3
2026-03-31,SANGAMIND,1.039185,430.95,414.7
2025-10-22,SANGANI,0.972933,66.5,68.35
2025-11-05,SANGANI,0.968998,60.95,62.9
2025-12-25,SANGANI,1.051754,59.95,57.0
2026-01-15,SANGANI,1.051948,48.6,46.2
2026-02-03,SANGANI,1.048045,46.9,44.75
2026-03-26,SANGANI,0.95679,38.75,40.5
2026-03-31,SANGANI,1.028278,40.0,38.9
2026-04-03,SANGANI,1.038462,40.5,39.0
2026-05-28,SANGANI,0.968627,49.4,51.0
2026-06-26,SANGANI,1.046512,45.0,43.0
2026-01-26,SANGHIIND,1.061549,64.16,60.44
2026-02-02,SANGHIIND,0.971751,58.48,60.18
2026-03-26,SANGHIIND,0.963927,48.9,50.73
2026-03-31,SANGHIIND,1.033514,49.65,48.04
2025-10-22,SANGHVIMOV,0.978695,362.9,370.8
2025-12-25,SANGHVIMOV,1.031925,365.25,353.95
2026-01-26,SANGHVIMOV,1.060018,294.95,278.25
2026-03-03,SANGHVIMOV,1.035481,261.2,252.25
2026-03-26,SANGHVIMOV,0.93406,248.6,266.15
2026-03-31,SANGHVIMOV,1.054234,245.9,233.25
2026-04-03,SANGHVIMOV,0.93278,267.4,286.67
2026-04-14,SANGHVIMOV,0.95751,297.46,310.66
2026-05-01,SANGHVIMOV,0.978618,313.06,319.9
2026-06-26,SANGHVIMOV,1.021284,419.85,411.1
2025-11-05,SANGINITA,0.964795,10.14,10.51
2025-12-25,SANGINITA,1.027668,10.4,10.12
2026-01-15,SANGINITA,0.975177,11.0,11.28
2026-01-26,SANGINITA,0.978855,11.11,11.35
2026-02-02,SANGINITA,0.969027,10.95,11.3
2026-03-03,SANGINITA,1.052554,14.22,13.51
2026-05-01,SANGINITA,1.020267,20.64,20.23
2026-03-03,SANOFI,1.027361,3965.1,3859.5
2026-03-26,SANOFI,0.979414,3249.5,3317.8
2025-11-05,SANOFICONR,0.979588,4784.7,4884.4
2026-03-31,SANOFICONR,0.950514,4085.5,4298.2
2026-05-28,SANOFICONR,1.027594,4654.9,4529.9
2025-10-22,SANSERA,0.973539,1449.6,1489.0
2026-01-15,SANSERA,1.024969,1822.6,1778.2
2026-01-26,SANSERA,1.020951,1695.8,1661.0
2026-02-02,SANSERA,0.979253,1699.2,1735.2
2026-03-03,SANSERA,1.050361,2342.2,2229.9
2026-03-26,SANSERA,0.969262,2115.9,2183.0
2026-03-31,SANSERA,1.040829,2159.2,2074.5
2026-05-28,SANSERA,0.978958,2879.8,2941.7
2026-01-15,SANSTAR,0.976231,92.82,95.08
2026-03-31,SANSTAR,1.046054,79.27,75.78
2026-04-03,SANSTAR,0.979172,76.16,77.78
2026-05-01,SANSTAR,0.958042,86.31,90.09
2026-05-28,SANSTAR,0.929365,107.1,115.24
2025-11-05,SANWARIA,1.035714,0.29,0.28
2026-01-26,SANWARIA,0.96,0.24,0.25
2026-02-02,SANWARIA,1.038462,0.27,0.26
2026-03-03,SANWARIA,1.047619,0.22,0.21
2026-03-31,SANWARIA,1.043478,0.24,0.23
2026-04-14,SANWARIA,1.047619,0.22,0.21
2025-10-22,SAPPHIRE,0.973519,286.75,294.55
2025-12-25,SAPPHIRE,0.979174,247.31,252.57
2026-01-26,SAPPHIRE,1.048134,193.8,184.9
2026-03-03,SAPPHIRE,1.039062,204.29,196.61
2026-03-31,SAPPHIRE,1.058569,159.23,150.42
2026-04-14,SAPPHIRE,0.979435,170.03,173.6
2026-06-26,SAPPHIRE,1.030327,185.84,180.37
2026-05-28,SAPPL,0.969457,293.6,302.85
2025-10-22,SARDAEN,0.9648,526.25,545.45
2026-02-02,SARDAEN,0.964679,472.5,489.8
2026-04-14,SARDAEN,0.957858,554.6,579.0
2026-05-28,SARDAEN,1.021762,532.9,521.55
2026-03-26,SAREGAMA,1.023361,339.5,331.75
2026-03-31,SAREGAMA,1.034607,330.35,319.3
2026-04-03,SAREGAMA,1.022153,327.6,320.5
2026-05-28,SAREGAMA,0.949077,396.05,417.3
2026-01-26,SARLAPOLY,1.041724,82.89,79.57
2026-02-02,SARLAPOLY,0.960813,86.06,89.57
2026-03-31,SARLAPOLY,1.051521,73.27,69.68
2026-04-03,SARLAPOLY,0.965848,75.51,78.18
2025-10-22,SAROJA,0.979775,43.6,44.5
2026-03-26,SAROJA,0.959114,28.15,29.35
2026-03-31,SAROJA,1.048214,29.35,28.0
2025-11-05,SARTELE,0.978056,176.05,180.0
2025-12-25,SARTELE,0.977115,232.7,238.15
2026-01-26,SARTELE,1.034576,228.9,221.25
2026-03-03,SARTELE,1.039774,211.75,203.65
2026-03-31,SARTELE,1.087599,158.3,145.55
2026-04-14,SARTELE,1.047354,169.2,161.55
2025-10-22,SARVESHWAR,0.977486,5.21,5.33
2025-12-25,SARVESHWAR,1.038462,4.59,4.42
2026-03-03,SARVESHWAR,1.046575,3.82,3.65
2026-03-31,SARVESHWAR,1.063745,2.67,2.51
2026-04-03,SARVESHWAR,0.86,3.01,3.5
2026-05-28,SARVESHWAR,0.978947,3.72,3.8
2025-12-25,SASKEN,0.910463,1369.7,1504.4
2026-01-15,SASKEN,1.025329,1396.6,1362.1
2026-01-26,SASKEN,1.041412,1295.1,1243.6
2026-02-02,SASKEN,1.039834,1279.1,1230.1
2026-03-03,SASKEN,1.028292,1144.9,1113.4
2026-03-26,SASKEN,1.029842,1169.9,1136.0
2026-03-31,SASKEN,1.024518,1136.6,1109.4
2026-04-03,SASKEN,0.964698,1145.0,1186.9
2026-05-28,SASKEN,0.928119,2006.5,2161.9
2026-01-15,SASTASUNDR,1.024212,329.95,322.15
2026-03-31,SASTASUNDR,1.069663,274.85,256.95
2026-03-03,SATECH,1.045556,47.05,45.0
2026-03-26,SATECH,1.037736,38.5,37.1
2026-03-31,SATECH,1.073529,36.5,34.0
2026-04-03,SATECH,0.978836,37.0,37.8
2026-04-14,SATECH,1.051724,48.8,46.4
2026-06-26,SATECH,1.045455,33.35,31.9
2026-01-26,SATIA,1.079618,64.41,59.66
2026-03-03,SATIA,1.045455,66.24,63.36
2026-03-31,SATIA,1.06079,54.27,51.16
2026-04-03,SATIA,0.971234,55.71,57.36
2026-02-02,SATIN,0.972656,154.02,158.35
2026-03-26,SATIN,0.972907,142.56,146.53
2026-03-31,SATIN,1.020019,142.67,139.87
2026-05-01,SATIN,1.03003,181.45,176.16
2026-06-26,SATIN,1.03584,239.31,231.03
2026-01-15,SATIPOLY,1.05973,55.0,51.9
2026-03-31,SATIPOLY,1.046099,29.5,28.2
2026-04-03,SATIPOLY,0.952769,29.25,30.7
2026-05-01,SATIPOLY,1.029851,34.5,33.5
2026-06-26,SATIPOLY,1.051071,31.9,30.35
2026-02-02,SATKARTAR,0.9768,143.15,146.55
2026-03-03,SATKARTAR,1.063559,175.7,165.2
2026-03-31,SATKARTAR,1.066556,160.25,150.25
2026-04-03,SATKARTAR,0.944129,158.0,167.35
2026-04-14,SATKARTAR,0.928205,181.0,195.0
2026-05-01,SATKARTAR,1.0217,200.1,195.85
2026-05-28,SATKARTAR,0.974468,183.2,188.0
2026-06-26,SATKARTAR,1.021911,142.25,139.2
2025-10-22,SATTVAENGG,0.954545,84.0,88.0
2026-01-15,SATTVAENGG,1.071171,59.45,55.5
2026-01-26,SATTVAENGG,1.114,55.7,50.0
2026-02-02,SATTVAENGG,0.972973,54.0,55.5
2026-03-03,SATTVAENGG,1.052632,48.0,45.6
2026-03-26,SATTVAENGG,0.861873,45.55,52.85
2026-04-03,SATTVAENGG,0.975143,51.0,52.3
2026-04-14,SATTVAENGG,0.938462,61.0,65.0
2026-05-01,SATTVAENGG,1.021127,72.5,71.0
2025-12-25,SAURASHCEM,1.033079,84.01,81.32
2026-01-26,SAURASHCEM,1.029134,73.12,71.05
2026-03-03,SAURASHCEM,1.035551,65.54,63.29
2026-03-31,SAURASHCEM,1.090419,52.58,48.22
2026-04-03,SAURASHCEM,1.03036,54.98,53.36
2025-12-25,SAVY,1.035346,165.5,159.85
2026-01-15,SAVY,0.979153,150.3,153.5
2026-01-26,SAVY,1.049408,150.8,143.7
2026-04-03,SAVY,0.934915,130.0,139.05
2026-06-26,SAVY,1.032193,128.25,124.25
2026-01-26,SAWALIYA,0.940822,304.45,323.6
2026-05-01,SAWALIYA,1.026805,281.55,274.2
2026-05-01,SAYAJIHOTL,1.021661,283.0,277.0
2026-06-26,SAYAJIHOTL,0.967532,298.0,308.0
2026-03-31,SBC,1.025157,30.97,30.21
2026-05-28,SBC,0.96716,38.58,39.89
2025-11-05,SBCL,1.039412,483.95,465.6
2025-12-25,SBCL,1.030272,445.85,432.75
2026-03-03,SBCL,1.029715,448.75,435.8
2026-03-31,SBCL,0.97022,376.3,387.85
2025-10-22,SBFC,0.959845,111.15,115.8
2026-03-31,SBFC,1.031254,83.48,80.95
2026-01-15,SBGLP,1.037631,35.57,34.28
2026-03-03,SBGLP,1.03653,29.51,28.47
2026-03-26,SBGLP,1.026969,23.99,23.36
2026-03-31,SBGLP,1.203883,22.32,18.54
2026-04-03,SBGLP,0.953297,20.82,21.84
2026-05-28,SBGLP,0.97678,25.66,26.27
2026-01-15,SBIBPB,0.973588,50.5,51.87
2026-01-26,SBIBPB,1.020723,52.21,51.15
2026-02-02,SBIBPB,0.952818,49.88,52.35
2026-03-26,SBIBPB,0.976008,48.41,49.6
2026-03-31,SBIBPB,1.046025,47.5,45.41
2026-01-26,SBICARD,1.024074,789.1,770.55
2026-02-02,SBICARD,0.978502,737.35,753.55
2026-03-03,SBICARD,1.037374,774.4,746.5
2026-03-26,SBICARD,0.961868,673.5,700.2
2026-03-31,SBICARD,1.060587,673.95,635.45
2026-06-26,SBICARD,0.972393,607.6,624.85
2026-03-26,SBIETFCON,0.978815,108.58,110.93
2026-04-03,SBIETFIT,0.977495,327.5,335.04
2026-03-31,SBIETFPB,1.038075,254.92,245.57
2026-01-26,SBIETFQLTY,1.035661,234.95,226.86
2026-02-02,SBIETFQLTY,0.976817,222.89,228.18
2026-03-31,SBIETFQLTY,1.031139,202.33,196.22
2026-03-31,SBILIFE,1.033928,1837.6,1777.3
2026-03-26,SBIMIDMOM,0.97753,56.12,57.41
2026-03-31,SBIMIDMOM,1.021246,56.24,55.07
2026-02-02,SBIN,0.945272,1018.2,1077.15
2026-03-26,SBIN,0.971903,1030.8,1060.6
2026-03-31,SBIN,1.040943,1019.5,979.4
2026-04-03,SBINEQWETF,1.064081,32.38,30.43
2025-10-22,SBISILVER,1.028177,151.8,147.64
2025-12-25,SBISILVER,0.96539,206.97,214.39
2026-01-15,SBISILVER,0.946295,255.14,269.62
2026-01-26,SBISILVER,0.947719,285.87,301.64
2026-02-02,SBISILVER,0.910256,259.25,284.81
2026-03-03,SBISILVER,0.91975,258.79,281.37
2026-03-26,SBISILVER,0.957898,217.28,226.83
2026-04-03,SBISILVER,1.03839,229.91,221.41
2026-06-26,SBISILVER,1.0312,218.47,211.86
2025-11-05,SCHAEFFLER,1.034052,4278.7,4137.8
2026-03-26,SCHAEFFLER,0.979277,3978.9,4063.1
2026-03-31,SCHAEFFLER,1.036491,3985.1,3844.8
2026-04-03,SCHAEFFLER,1.028212,3870.6,3764.4
2026-05-01,SCHAEFFLER,1.048972,4326.8,4124.8
2025-10-22,SCHAND,0.974906,174.05,178.53
2025-12-25,SCHAND,1.038272,164.13,158.08
2026-01-15,SCHAND,1.026893,161.9,157.66
2026-01-26,SCHAND,1.032801,157.75,152.74
2026-03-31,SCHAND,1.032123,135.59,131.37
2026-04-03,SCHAND,1.029795,139.98,135.93
2026-04-14,SCHAND,1.049612,164.81,157.02
2026-06-26,SCHAND,1.024506,150.92,147.31
2025-11-05,SCHNEIDER,0.969324,862.65,889.95
2026-01-26,SCHNEIDER,1.026537,622.8,606.7
2026-03-03,SCHNEIDER,1.038078,906.45,873.2
2026-03-31,SCHNEIDER,1.036593,876.75,845.8
2026-04-03,SCHNEIDER,0.966889,876.05,906.05
2026-05-01,SCHNEIDER,0.957827,1191.25,1243.7
2026-06-26,SCHNEIDER,1.028907,1373.9,1335.3
2025-10-22,SCI,0.976472,226.19,231.64
2025-11-05,SCI,1.026978,256.95,250.2
2026-01-26,SCI,1.028254,207.44,201.74
2026-02-02,SCI,0.94773,213.59,225.37
2026-03-03,SCI,1.028577,263.47,256.15
2026-03-31,SCI,1.041648,228.85,219.7
2026-06-26,SCI,1.036241,323.1,311.8
2026-03-03,SCILAL,1.034553,45.81,44.28
2026-03-31,SCILAL,1.075029,37.54,34.92
2025-10-22,SCML,0.911145,121.0,132.8
2026-02-02,SCML,1.03125,132.0,128.0
2026-04-03,SCML,0.940375,138.0,146.75
2026-05-28,SCML,1.110895,85.65,77.1
2025-10-22,SCODATUBES,0.975634,157.36,161.29
2025-12-25,SCODATUBES,0.969625,155.14,160.0
2026-01-26,SCODATUBES,1.073307,140.41,130.82
2026-02-02,SCODATUBES,0.954748,124.06,129.94
2026-03-03,SCODATUBES,1.039768,136.22,131.01
2026-03-26,SCODATUBES,0.950866,125.21,131.68
2026-04-14,SCODATUBES,0.97676,146.26,149.74
2026-05-28,SCODATUBES,1.102319,138.33,125.49
2026-06-26,SCODATUBES,1.023117,147.38,144.05
2025-12-25,SCPL,0.969082,306.54,316.32
2026-01-15,SCPL,1.031325,301.25,292.1
2026-03-26,SCPL,0.954603,300.7,315.0
2026-05-01,SCPL,0.962794,368.75,383.0
2025-12-25,SDBL,0.97074,107.16,110.39
2026-01-26,SDBL,1.022133,91.9,89.91
2026-02-02,SDBL,0.969125,86.32,89.07
2026-03-31,SDBL,1.077676,67.15,62.31
2026-04-14,SDBL,1.024696,81.74,79.77
2026-01-26,SDREAMS,0.94781,79.0,83.35
2026-02-02,SDREAMS,1.04881,85.95,81.95
2026-03-03,SDREAMS,0.965909,85.0,88.0
2026-04-03,SDREAMS,0.978177,76.2,77.9
2026-05-01,SDREAMS,0.958794,95.4,99.5
2025-11-05,SEAMECLTD,1.021478,887.0,868.35
2026-01-15,SEAMECLTD,0.963253,1032.8,1072.2
2026-03-03,SEAMECLTD,0.977285,1316.5,1347.1
2026-03-26,SEAMECLTD,0.968627,1377.0,1421.6
2026-04-03,SEAMECLTD,0.964565,1442.7,1495.7
2026-05-28,SEAMECLTD,0.976494,1595.2,1633.6
2026-06-26,SEAMECLTD,0.972715,1447.4,1488.0
2026-03-31,SECL,1.041667,3.75,3.6
2025-12-25,SECMARK,1.046838,118.68,113.37
2026-01-15,SECMARK,1.025253,111.24,108.5
2026-03-03,SECMARK,1.075314,128.5,119.5
2026-03-31,SECMARK,0.884706,97.53,110.24
2026-04-14,SECMARK,0.973146,130.82,134.43
2026-05-01,SECMARK,0.952396,122.44,128.56
2026-05-28,SECMARK,0.955377,121.61,127.29
2026-06-26,SECMARK,1.037895,128.18,123.5
2026-01-26,SECURKLOUD,0.967615,22.11,22.85
2026-02-02,SECURKLOUD,1.034144,22.11,21.38
2026-03-03,SECURKLOUD,1.07245,22.5,20.98
2026-03-31,SECURKLOUD,1.096372,19.34,17.64
2026-03-26,SEDEMAC,0.977001,1503.8,1539.2
2026-06-26,SEDEMAC,1.074713,2865.4,2666.2
2026-05-01,SEIL,1.02399,196.35,191.75
2026-06-26,SEIL,1.037778,220.59,212.56
2025-10-22,SEJALLTD,0.952414,812.6,853.2
2025-11-05,SEJALLTD,1.040993,888.8,853.8
2026-01-26,SEJALLTD,1.040212,715.25,687.6
2026-02-02,SEJALLTD,1.05,736.05,701.0
2026-03-03,SEJALLTD,1.030044,560.55,544.2
2026-03-31,SEJALLTD,1.052588,444.35,422.15
2026-04-03,SEJALLTD,0.952387,401.05,421.1
2026-04-14,SEJALLTD,0.952443,617.85,648.7
2026-05-01,SEJALLTD,1.048971,884.65,843.35
2026-06-26,SEJALLTD,1.022957,757.5,740.5
2025-11-05,SEL,0.966068,242.0,250.5
2025-12-25,SEL,1.081373,220.6,204.0
2026-01-15,SEL,0.963636,212.0,220.0
2026-01-26,SEL,1.038172,193.1,186.0
2026-02-02,SEL,1.044724,207.9,199.0
2026-03-03,SEL,1.040462,180.0,173.0
2026-03-31,SEL,1.090833,130.9,120.0
2026-04-03,SEL,0.835443,132.0,158.0
2026-04-14,SEL,1.110821,213.0,191.75
2026-05-01,SEL,0.954801,178.5,186.95
2026-05-28,SEL,1.020148,200.0,196.05
2026-01-26,SELECTIPO,1.030514,42.89,41.62
2026-03-03,SELECTIPO,1.020546,42.22,41.37
2026-03-31,SELECTIPO,1.031971,39.38,38.16
2025-12-25,SELLOWRAP,1.047923,82.0,78.25
2026-01-15,SELLOWRAP,1.085282,78.9,72.7
2026-01-26,SELLOWRAP,1.026712,74.95,73.0
2026-03-26,SELLOWRAP,1.036814,69.0,66.55
2026-03-31,SELLOWRAP,1.035938,66.3,64.0
2026-04-03,SELLOWRAP,1.02482,64.0,62.45
2026-05-28,SELLOWRAP,1.025641,72.0,70.2
2025-10-22,SELMC,0.952542,39.34,41.3
2025-11-05,SELMC,1.027127,35.97,35.02
2026-01-15,SELMC,0.976783,29.03,29.72
2026-01-26,SELMC,1.033948,28.02,27.1
2026-03-03,SELMC,1.041768,29.93,28.73
2026-03-31,SELMC,1.052219,28.21,26.81
2026-04-03,SELMC,0.961079,28.15,29.29
2025-10-22,SEMAC,0.973113,461.45,474.2
2026-01-15,SEMAC,1.084068,288.85,266.45
2026-01-26,SEMAC,0.96834,250.8,259.0
2026-03-03,SEMAC,1.094528,241.65,220.78
2026-03-26,SEMAC,1.038165,255.7,246.3
2026-03-31,SEMAC,1.052587,233.99,222.3
2026-04-14,SEMAC,1.035526,271.37,262.06
2026-05-01,SEMAC,1.029615,292.74,284.32
2026-06-26,SEMAC,0.952408,336.2,353.0
2026-03-03,SENCO,1.033388,317.25,307.0
2026-03-31,SENCO,1.022951,285.25,278.85
2026-05-28,SENCO,1.026312,349.1,340.15
2025-10-22,SENORES,0.972674,729.7,750.2
2026-01-26,SENORES,1.045075,838.15,802.0
2026-03-26,SENORES,0.938012,732.4,780.8
2026-03-31,SENORES,1.037388,788.0,759.6
2026-05-28,SENORES,1.037544,1155.15,1113.35
2026-03-31,SENSEXADD,1.02274,75.56,73.88
2026-03-26,SENSEXBETA,0.979814,813.05,829.8
2026-03-31,SENSEXBETA,1.026294,812.24,791.43
2026-03-31,SENSEXETF,1.021377,75.49,73.91
2026-03-31,SENSEXIETF,1.02474,842.9,822.55
2026-01-26,SEPC,1.035669,8.13,7.85
2026-03-03,SEPC,1.041841,7.47,7.17
2026-03-26,SEPC,0.909253,5.11,5.62
2026-03-31,SEPC,1.063786,5.17,4.86
2026-04-03,SEPC,0.953571,5.34,5.6
2026-04-14,SEPC,1.03103,7.31,7.09
2026-05-01,SEPC,1.033292,8.38,8.11
2026-05-28,SEPC,0.955446,7.72,8.08
2026-06-26,SEPC,1.033384,6.81,6.59
2025-10-22,SEQUENT,0.965918,198.67,205.68
2025-11-05,SERVICE,1.055046,46.0,43.6
2026-03-26,SERVICE,0.962281,54.85,57.0
2026-04-03,SERVICE,1.048804,54.8,52.25
2026-05-28,SERVICE,0.969142,50.25,51.85
2026-06-26,SERVICE,1.0286,52.15,50.7
2025-11-05,SERVOTECH,1.023687,119.28,116.52
2026-01-26,SERVOTECH,1.05914,63.04,59.52
2026-02-02,SERVOTECH,1.2,70.86,59.05
2026-03-03,SERVOTECH,1.07666,75.56,70.18
2026-03-26,SERVOTECH,0.967994,68.05,70.3
2026-03-31,SERVOTECH,1.068528,66.58,62.31
2026-05-01,SERVOTECH,1.023596,97.17,94.93
2026-01-15,SESHAPAPER,1.028828,237.33,230.68
2026-01-26,SESHAPAPER,1.031047,228.48,221.6
2026-03-31,SESHAPAPER,1.076658,265.45,246.55
2026-06-26,SESHAPAPER,0.957468,213.86,223.36
2026-01-26,SETCO,0.952381,12.2,12.81
2026-02-02,SETCO,1.049774,13.92,13.26
2026-03-03,SETCO,0.952703,16.92,17.76
2026-03-26,SETCO,0.952381,17.2,18.06
2026-03-31,SETCO,0.95274,18.95,19.89
2026-04-03,SETCO,0.968011,20.88,21.57
2026-04-14,SETCO,0.952381,23.0,24.15
2026-01-26,SETFGOLD,0.978101,128.63,131.51
2026-02-02,SETFGOLD,0.925513,126.24,136.4
2026-03-03,SETFGOLD,0.95118,135.8,142.77
2026-03-26,SETFGOLD,0.969823,119.23,122.94
2026-03-31,SETFGOLD,0.970661,121.42,125.09
2026-04-03,SETFGOLD,1.024212,127.33,124.32
2026-06-26,SETFGOLD,1.024506,121.24,118.34
2026-03-31,SETFNIF50,1.02206,244.63,239.35
2026-02-02,SETFNIFBK,0.978828,598.24,611.18
2026-03-31,SETFNIFBK,1.041466,537.24,515.85
2026-02-02,SETFNN50,0.974037,719.19,738.36
2026-03-26,SETFNN50,0.979257,665.16,679.25
2026-03-31,SETFNN50,1.035275,665.34,642.67
2026-01-26,SETL,1.031939,125.36,121.48
2026-03-31,SETL,1.041552,110.04,105.65
2026-04-03,SETL,0.957111,121.4,126.84
2026-05-28,SETL,0.965141,135.39,140.28
2026-06-26,SETL,1.04814,224.26,213.96
2025-12-25,SETUINFRA,0.959184,0.47,0.49
2026-01-15,SETUINFRA,0.954545,0.42,0.44
2026-01-26,SETUINFRA,0.975,0.39,0.4
2026-03-03,SETUINFRA,0.952381,0.4,0.42
2026-03-26,SETUINFRA,0.975,0.39,0.4
2026-03-31,SETUINFRA,1.052632,0.4,0.38
2026-04-03,SETUINFRA,0.974359,0.38,0.39
2026-04-14,SETUINFRA,0.959184,0.47,0.49
2026-06-26,SETUINFRA,0.977273,0.43,0.44
2025-10-22,SEYAIND,0.977729,18.0,18.41
2025-11-05,SEYAIND,0.952735,21.77,22.85
2026-02-02,SEYAIND,1.032807,17.0,16.46
2026-03-03,SEYAIND,1.052538,11.82,11.23
2026-01-26,SFL,1.047918,542.35,517.55
2026-03-31,SFL,1.061821,493.8,465.05
2026-04-03,SFL,0.974135,485.85,498.75
2026-01-26,SFML,0.972222,28.0,28.8
2026-03-03,SFML,1.169388,28.65,24.5
2026-03-31,SFML,1.112994,19.7,17.7
2026-04-14,SFML,1.044444,23.5,22.5
2026-05-28,SFML,1.048485,25.95,24.75
2026-06-26,SFML,1.049251,24.5,23.35
2025-10-22,SGFIN,0.962475,383.45,398.4
2026-03-26,SGFIN,0.960349,412.95,430.0
2026-03-31,SGFIN,1.094044,453.7,414.7
2026-01-15,SGIL,0.971948,507.6,522.25
2026-01-26,SGIL,0.975386,499.3,511.9
2026-03-31,SGIL,1.021043,487.65,477.6
2025-12-25,SGL,1.020602,12.88,12.62
2026-01-26,SGL,1.039585,11.03,10.61
2026-02-02,SGL,1.021678,10.84,10.61
2026-03-03,SGL,1.053601,12.58,11.94
2026-03-31,SGL,1.088993,9.3,8.54
2026-04-03,SGL,0.945178,9.31,9.85
2026-04-14,SGL,1.052585,12.01,11.41
2025-10-22,SGLTL,0.971166,176.49,181.73
2025-11-05,SGLTL,1.023687,182.38,178.16
2025-12-25,SGLTL,1.034246,153.72,148.63
2025-11-05,SGMART,0.957274,334.95,349.9
2025-12-25,SGMART,0.953785,362.2,379.75
2026-01-26,SGMART,0.942027,329.05,349.3
2026-02-02,SGMART,0.96235,348.9,362.55
2026-03-03,SGMART,0.976833,461.7,472.65
2026-03-26,SGMART,0.959784,461.8,481.15
2026-03-31,SGMART,1.076882,499.35,463.7
2026-05-01,SGMART,0.972767,555.45,571.0
2026-02-02,SHADOWFAX,1.023917,109.17,106.62
2026-03-26,SHADOWFAX,0.970852,113.58,116.99
2026-04-14,SHADOWFAX,0.956559,132.34,138.35
2026-06-26,SHADOWFAX,1.033437,228.71,221.31
2026-03-26,SHAH,0.970772,4.65,4.79
2026-05-28,SHAH,0.979245,5.19,5.3
2026-06-26,SHAH,1.07598,4.39,4.08
2025-11-05,SHAHALLOYS,0.954432,76.24,79.88
2025-12-25,SHAHALLOYS,0.976116,68.66,70.34
2026-01-26,SHAHALLOYS,0.976647,61.06,62.52
2026-02-02,SHAHALLOYS,1.0233,65.0,63.52
2026-03-03,SHAHALLOYS,1.048066,65.85,62.83
2026-03-26,SHAHALLOYS,0.962988,57.5,59.71
2026-05-28,SHAHALLOYS,0.972954,69.43,71.36
2025-10-22,SHAILY,0.973102,2409.4,2476.0
2025-11-05,SHAILY,0.965897,2291.3,2372.2
2026-01-26,SHAILY,1.049833,1984.5,1890.3
2026-03-26,SHAILY,1.026859,2328.3,2267.4
2026-03-31,SHAILY,1.034638,2156.6,2084.4
2026-01-26,SHAKTIPUMP,1.022537,653.35,638.95
2026-03-03,SHAKTIPUMP,1.025264,515.4,502.7
2026-03-31,SHAKTIPUMP,1.050114,483.0,459.95
2026-04-14,SHAKTIPUMP,1.020806,510.25,499.85
2026-01-26,SHALBY,1.042367,171.73,164.75
2026-03-03,SHALBY,1.034269,154.83,149.7
2026-03-26,SHALBY,0.977776,135.95,139.04
2026-03-31,SHALBY,1.033438,131.04,126.8
2025-12-25,SHALPAINTS,1.029728,57.5,55.84
2026-01-15,SHALPAINTS,0.975014,67.9,69.64
2026-01-26,SHALPAINTS,1.086187,65.03,59.87
2026-03-03,SHALPAINTS,1.025731,55.41,54.02
2026-03-31,SHALPAINTS,1.085643,39.17,36.08
2026-04-03,SHALPAINTS,0.973553,40.86,41.97
2026-05-01,SHALPAINTS,1.023083,52.3,51.12
2025-10-22,SHANKARA,0.975642,132.18,135.48
2026-01-15,SHANKARA,0.972309,109.55,112.67
2026-03-31,SHANKARA,0.977764,108.17,110.63
2026-04-14,SHANKARA,1.038893,127.68,122.9
2026-05-28,SHANKARA,1.020408,126.0,123.48
2026-06-26,SHANKARA,1.020325,125.0,122.51
2025-11-05,SHANTHALA,0.95258,34.15,35.85
2026-01-26,SHANTHALA,1.044822,33.8,32.35
2026-03-03,SHANTHALA,1.224528,32.45,26.5
2026-03-26,SHANTHALA,0.834471,24.45,29.3
2026-03-31,SHANTHALA,1.064394,28.1,26.4
2026-04-03,SHANTHALA,0.942857,26.4,28.0
2026-01-26,SHANTI,1.033069,7.81,7.56
2026-02-02,SHANTI,1.02,7.14,7.0
2026-03-26,SHANTI,1.033088,5.62,5.44
2026-04-03,SHANTI,0.8854,5.64,6.37
2025-10-22,SHANTIGEAR,0.974283,526.6,540.5
2026-01-26,SHANTIGEAR,1.053105,473.95,450.05
2025-12-25,SHANTIGOLD,1.025434,196.75,191.87
2026-01-15,SHANTIGOLD,1.023769,210.19,205.31
2026-01-26,SHANTIGOLD,1.075879,206.87,192.28
2026-02-02,SHANTIGOLD,0.953343,195.34,204.9
2026-03-03,SHANTIGOLD,1.035138,207.98,200.92
2026-03-31,SHANTIGOLD,1.044372,163.58,156.63
2026-04-03,SHANTIGOLD,0.972472,164.62,169.28
2025-10-22,SHARDACROP,0.973012,816.6,839.25
2025-12-25,SHARDACROP,1.024368,893.3,872.05
2026-01-15,SHARDACROP,0.978287,811.0,829.0
2026-01-26,SHARDACROP,1.035841,835.25,806.35
2026-02-02,SHARDACROP,0.953613,987.8,1035.85
2026-03-03,SHARDACROP,1.048768,1191.4,1136.0
2026-03-26,SHARDACROP,0.959815,912.4,950.6
2026-03-31,SHARDACROP,1.050914,914.4,870.1
2026-05-01,SHARDACROP,1.07257,1150.6,1072.75
2026-05-28,SHARDACROP,1.033269,965.9,934.8
2025-11-05,SHARDAMOTR,0.96505,1046.5,1084.4
2026-03-03,SHARDAMOTR,1.039888,932.0,896.25
2026-03-26,SHARDAMOTR,0.962083,765.0,795.15
2026-03-31,SHARDAMOTR,1.06935,757.1,708.0
2026-04-14,SHARDAMOTR,1.021253,831.3,814.0
2026-06-26,SHARDAMOTR,1.020609,846.85,829.75
2026-05-28,SHARDUL,1.035346,28.12,27.16
2026-02-02,SHAREINDIA,0.95892,137.49,143.38
2026-03-03,SHAREINDIA,1.043871,131.58,126.05
2026-03-31,SHAREINDIA,1.053842,123.7,117.38
2026-05-01,SHAREINDIA,1.020007,140.2,137.45
2026-05-01,SHBAJRG,1.024927,174.75,170.5
2025-10-22,SHEEL,0.977327,81.9,83.8
2025-12-25,SHEEL,0.979021,70.0,71.5
2026-01-26,SHEEL,1.053077,68.45,65.0
2026-02-02,SHEEL,1.047547,69.4,66.25
2026-03-03,SHEEL,1.086285,59.8,55.05
2026-03-26,SHEEL,1.057627,46.8,44.25
2026-03-31,SHEEL,1.06,42.4,40.0
2026-04-03,SHEEL,0.95122,39.0,41.0
2026-04-14,SHEEL,1.084694,53.15,49.0
2026-05-28,SHEEL,0.953744,43.3,45.4
2026-06-26,SHEEL,1.052308,68.4,65.0
2025-12-25,SHEETAL,0.965688,146.35,151.55
2026-01-26,SHEETAL,1.042124,209.05,200.6
2026-04-03,SHEETAL,0.97562,232.1,237.9
2026-05-28,SHEETAL,1.039007,293.0,282.0
2025-10-22,SHEKHAWATI,0.976832,20.66,21.15
2026-01-26,SHEKHAWATI,0.976471,13.28,13.6
2026-03-03,SHEKHAWATI,1.030111,13.0,12.62
2026-03-31,SHEKHAWATI,1.116578,10.44,9.35
2026-04-14,SHEKHAWATI,0.932859,11.81,12.66
2026-05-01,SHEKHAWATI,1.021429,17.16,16.8
2026-05-28,SHEKHAWATI,0.952876,15.57,16.34
2026-03-03,SHEMAROO,1.021403,101.17,99.05
2026-03-31,SHEMAROO,1.068859,79.32,74.21
2026-05-28,SHEMAROO,0.974995,102.55,105.18
2025-12-25,SHERA,1.038117,133.45,128.55
2026-01-26,SHERA,0.97566,118.25,121.2
2026-03-03,SHERA,1.021021,119.0,116.55
2026-03-26,SHERA,0.938205,104.0,110.85
2026-03-31,SHERA,1.039441,104.1,100.15
2026-05-01,SHERA,0.977241,141.7,145.0
2026-03-03,SHETHJI,1.025881,114.95,112.05
2026-03-26,SHETHJI,1.026963,129.5,126.1
2026-04-03,SHETHJI,1.02148,128.4,125.7
2026-05-28,SHETHJI,0.977696,160.0,163.65
2026-06-26,SHETHJI,0.952412,148.1,155.5
2025-12-25,SHIGAN,0.935484,43.5,46.5
2026-01-15,SHIGAN,1.147695,61.0,53.15
2026-01-26,SHIGAN,1.048544,54.0,51.5
2026-02-02,SHIGAN,1.067164,71.5,67.0
2026-03-26,SHIGAN,0.953535,47.2,49.5
2026-03-31,SHIGAN,1.052072,49.5,47.05
2026-04-03,SHIGAN,0.957364,49.4,51.6
2026-04-14,SHIGAN,1.048023,55.65,53.1
2026-05-01,SHIGAN,0.954248,73.0,76.5
2026-05-28,SHIGAN,1.039344,79.25,76.25
2026-01-15,SHILCTECH,0.958794,3199.4,3336.9
2026-01-26,SHILCTECH,1.028193,3041.6,2958.2
2026-02-02,SHILCTECH,0.94076,3176.1,3376.1
2026-05-28,SHILCTECH,0.979049,3995.5,4081.0
2025-10-22,SHILPAMED,0.978735,361.3,369.15
2025-11-05,SHILPAMED,1.027133,367.2,357.5
2026-03-03,SHILPAMED,1.040488,336.65,323.55
2026-03-26,SHILPAMED,0.978859,338.0,345.3
2026-04-03,SHILPAMED,0.963487,374.7,388.9
2026-05-28,SHILPAMED,1.026535,504.85,491.8
2026-06-26,SHINDL,1.026519,147.87,144.05
2026-02-02,SHIVALIK,0.978443,304.1,310.8
2026-03-03,SHIVALIK,1.029086,288.35,280.2
2026-03-26,SHIVALIK,0.927915,227.2,244.85
2026-03-31,SHIVALIK,1.05244,231.8,220.25
2026-04-03,SHIVALIK,0.974297,233.5,239.66
2026-04-14,SHIVALIK,0.96296,264.66,274.84
2026-05-28,SHIVALIK,1.020644,264.5,259.15
2026-01-26,SHIVAMAUTO,1.044376,20.24,19.38
2026-02-02,SHIVAMAUTO,1.028706,21.86,21.25
2026-03-03,SHIVAMAUTO,1.03596,19.59,18.91
2026-03-26,SHIVAMAUTO,0.953125,15.25,16.0
2026-03-31,SHIVAMAUTO,1.075712,14.35,13.34
2026-04-03,SHIVAMAUTO,0.9375,15.45,16.48
2026-04-14,SHIVAMAUTO,1.039216,19.08,18.36
2025-11-05,SHIVAMILLS,1.026596,69.48,67.68
2026-01-15,SHIVAMILLS,0.968926,55.19,56.96
2026-03-03,SHIVAMILLS,1.022562,56.2,54.96
2026-03-31,SHIVAMILLS,0.970658,44.99,46.35
2025-10-22,SHIVASHRIT,0.974279,125.0,128.3
2026-03-31,SHIVASHRIT,1.035,113.85,110.0
2026-04-03,SHIVASHRIT,1.047143,109.95,105.0
2026-05-28,SHIVASHRIT,0.960247,124.4,129.55
2026-06-26,SHIVASHRIT,0.946845,123.8,130.75
2026-03-03,SHIVATEX,1.045634,159.02,152.08
2026-03-31,SHIVATEX,1.029826,130.86,127.07
2026-05-28,SHIVATEX,1.038817,166.19,159.98
2025-12-25,SHIVAUM,0.918901,281.0,305.8
2026-03-26,SHIVAUM,1.036568,360.0,347.3
2026-04-03,SHIVAUM,1.048453,344.05,328.15
2026-05-01,SHIVAUM,0.963944,342.2,355.0
2026-06-26,SHIVAUM,0.933457,378.05,405.0
2026-01-26,SHK,1.041491,148.6,142.68
2026-03-03,SHK,1.030749,147.83,143.42
2026-03-31,SHK,1.062667,119.38,112.34
2026-04-03,SHK,1.020526,123.3,120.82
2025-12-25,SHKSIL,0.910526,51.9,57.0
2026-02-02,SHKSIL,0.961905,50.5,52.5
2026-03-03,SHKSIL,0.977273,43.0,44.0
2026-03-26,SHKSIL,1.022444,41.0,40.1
2026-04-03,SHKSIL,0.969697,40.0,41.25
2025-11-05,SHOPERSTOP,1.040871,504.25,484.45
2025-12-25,SHOPERSTOP,1.026821,424.95,413.85
2026-01-15,SHOPERSTOP,0.954902,371.6,389.15
2026-02-02,SHOPERSTOP,0.960835,352.05,366.4
2026-05-28,SHOPERSTOP,0.943847,333.65,353.5
2025-10-22,SHRADHA,0.9557,44.01,46.05
2026-01-26,SHRADHA,1.021055,40.25,39.42
2026-02-02,SHRADHA,0.978611,38.89,39.74
2026-03-03,SHRADHA,1.031114,37.78,36.64
2026-03-26,SHRADHA,0.919694,28.86,31.38
2026-03-31,SHRADHA,1.043623,28.23,27.05
2026-04-14,SHRADHA,0.954658,38.53,40.36
2026-05-01,SHRADHA,1.063765,38.37,36.07
2026-01-26,SHREDIGCEM,1.033923,78.33,75.76
2026-04-03,SHREDIGCEM,0.967488,63.98,66.13
2026-02-02,SHREECEM,0.977765,26385.0,26985.0
2026-03-26,SHREECEM,0.96265,23325.0,24230.0
2026-03-31,SHREECEM,1.029757,23705.0,23020.0
2025-10-22,SHREEJISPG,0.964912,233.2,241.68
2025-12-25,SHREEJISPG,0.910355,320.9,352.5
2026-01-26,SHREEJISPG,1.065119,341.85,320.95
2026-02-02,SHREEJISPG,1.080627,331.05,306.35
2026-03-03,SHREEJISPG,1.021394,398.65,390.3
2026-03-31,SHREEJISPG,1.05255,340.5,323.5
2025-12-25,SHREEKARNI,0.968,484.0,500.0
2026-03-26,SHREEKARNI,0.957865,353.5,369.05
2026-04-03,SHREEKARNI,0.953765,361.0,378.5
2026-04-14,SHREEKARNI,0.97561,400.0,410.0
2026-06-26,SHREEKARNI,0.974421,462.85,475.0
2025-11-05,SHREEOSFM,1.040964,108.0,103.75
2026-02-02,SHREEOSFM,0.951743,71.0,74.6
2026-03-03,SHREEOSFM,1.037333,77.8,75.0
2026-03-26,SHREEOSFM,0.867235,71.2,82.1
2026-03-31,SHREEOSFM,1.160537,82.05,70.7
2026-04-03,SHREEOSFM,0.943813,70.55,74.75
2026-04-14,SHREEOSFM,1.059074,86.95,82.1
2026-05-28,SHREEOSFM,0.964815,52.1,54.0
2026-06-26,SHREEOSFM,1.02269,63.1,61.7
2026-01-26,SHREEPUSHK,1.03427,351.6,339.95
2026-02-02,SHREEPUSHK,1.061231,350.1,329.9
2026-03-03,SHREEPUSHK,1.024017,317.65,310.2
2026-03-26,SHREEPUSHK,0.928033,289.5,311.95
2026-03-31,SHREEPUSHK,1.020412,307.45,301.3
2026-04-03,SHREEPUSHK,1.03132,321.05,311.3
2026-05-01,SHREEPUSHK,0.967595,382.2,395.0
2026-06-26,SHREEPUSHK,0.978792,394.6,403.15
2025-10-22,SHREERAMA,0.975602,58.38,59.84
2025-11-05,SHREERAMA,1.023869,57.05,55.72
2025-12-25,SHREERAMA,0.966768,60.22,62.29
2026-01-26,SHREERAMA,1.028946,59.72,58.04
2026-03-03,SHREERAMA,1.04968,54.09,51.53
2026-03-26,SHREERAMA,0.95452,50.58,52.99
2026-03-31,SHREERAMA,1.073482,49.67,46.27
2026-04-03,SHREERAMA,1.02833,47.55,46.24
2025-12-25,SHRENIK,1.040816,0.51,0.49
2026-03-03,SHRENIK,1.047619,0.44,0.42
2026-03-26,SHRENIK,1.025641,0.4,0.39
2026-03-31,SHRENIK,1.027027,0.38,0.37
2026-04-03,SHRENIK,0.974359,0.38,0.39
2025-10-22,SHREYANIND,0.979889,223.16,227.74
2026-03-26,SHREYANIND,0.956543,139.33,145.66
2026-03-31,SHREYANIND,1.095723,136.56,124.63
2026-05-01,SHREYANIND,1.02792,174.51,169.77
2025-12-25,SHRIAHIMSA,0.946721,231.0,244.0
2026-01-26,SHRIAHIMSA,1.030145,237.5,230.55
2026-03-03,SHRIAHIMSA,1.041981,242.0,232.25
2026-03-26,SHRIAHIMSA,0.96075,246.0,256.05
2026-03-31,SHRIAHIMSA,1.040085,245.2,235.75
2026-06-26,SHRIAHIMSA,0.978083,419.5,428.9
2025-12-25,SHRIKANHA,1.249158,55.65,44.55
2026-01-15,SHRIKANHA,0.953632,30.85,32.35
2026-02-02,SHRIKANHA,1.04381,27.4,26.25
2026-03-03,SHRIKANHA,1.066946,25.5,23.9
2026-03-26,SHRIKANHA,1.032609,19.0,18.4
2026-03-31,SHRIKANHA,1.050473,16.65,15.85
2026-04-14,SHRIKANHA,0.95338,20.45,21.45
2026-05-01,SHRIKANHA,1.020979,29.2,28.6
2026-05-28,SHRIKANHA,0.952381,24.0,25.2
2026-06-26,SHRIKANHA,1.05176,25.4,24.15
2026-05-01,SHRIKRISH,1.0927,47.15,43.15
2026-06-26,SHRIKRISH,1.06279,43.5,40.93
2026-01-26,SHRINGARMS,1.03063,229.14,222.33
2026-03-03,SHRINGARMS,1.069221,234.17,219.01
2026-03-26,SHRINGARMS,0.965588,184.07,190.63
2026-03-31,SHRINGARMS,1.083228,180.78,166.89
2026-04-14,SHRINGARMS,1.034475,192.04,185.64
2026-05-28,SHRINGARMS,1.021224,217.49,212.97
2026-01-26,SHRIPISTON,1.049106,2832.9,2700.3
2026-02-02,SHRIPISTON,0.966355,2656.8,2749.3
2026-03-26,SHRIPISTON,0.961961,2984.1,3102.1
2026-04-03,SHRIPISTON,1.033056,3025.2,2928.4
2026-06-26,SHRIPISTON,0.973692,3926.9,4033.0
2026-02-02,SHRIRAMFIN,0.978039,997.6,1020.0
2026-03-03,SHRIRAMFIN,1.025558,1079.4,1052.5
2026-03-26,SHRIRAMFIN,0.945188,903.6,956.0
2026-03-31,SHRIRAMFIN,1.036349,903.8,872.1
2026-04-14,SHRIRAMFIN,1.023354,1027.55,1004.1
2026-05-01,SHRIRAMFIN,1.020803,956.85,937.35
2026-01-26,SHRIRAMPPS,1.045229,75.8,72.52
2026-02-02,SHRIRAMPPS,0.978188,72.65,74.27
2026-03-03,SHRIRAMPPS,1.037933,79.35,76.45
2026-03-26,SHRIRAMPPS,0.977722,66.71,68.23
2026-03-31,SHRIRAMPPS,1.079012,65.96,61.13
2026-04-03,SHRIRAMPPS,0.978849,66.18,67.61
2026-05-01,SHRIRAMPPS,1.020237,86.21,84.5
2026-05-28,SHRIRAMPPS,1.020693,92.73,90.85
2025-11-05,SHRITECH,1.029977,67.0,65.05
2025-12-25,SHRITECH,0.953137,60.0,62.95
2026-01-15,SHRITECH,1.045293,58.85,56.3
2026-02-03,SHRITECH,1.090555,56.0,51.35
2026-03-26,SHRITECH,0.975,58.5,60.0
2025-10-22,SHUBHLAXMI,1.046667,15.7,15.0
2026-03-31,SHUBHLAXMI,1.052632,26.0,24.7
2026-04-14,SHUBHLAXMI,0.964815,26.05,27.0
2026-05-01,SHUBHLAXMI,0.958785,22.1,23.05
2025-10-22,SHUBHSHREE,0.96881,406.9,420.0
2026-01-15,SHUBHSHREE,0.937219,333.65,356.0
2026-06-26,SHUBHSHREE,0.939394,310.0,330.0
2026-03-03,SHYAMCENT,1.04065,5.12,4.92
2026-03-31,SHYAMCENT,1.05163,3.87,3.68
2026-04-03,SHYAMCENT,0.953086,3.86,4.05
2026-01-15,SHYAMDHANI,1.032649,98.05,94.95
2026-01-26,SHYAMDHANI,1.023442,96.05,93.85
2026-02-02,SHYAMDHANI,1.033441,80.35,77.75
2026-03-03,SHYAMDHANI,1.05107,76.15,72.45
2026-03-26,SHYAMDHANI,1.065317,57.9,54.35
2026-03-31,SHYAMDHANI,1.0875,52.2,48.0
2026-04-03,SHYAMDHANI,0.946429,53.0,56.0
2026-04-14,SHYAMDHANI,1.025263,73.05,71.25
2026-05-28,SHYAMDHANI,1.032609,71.25,69.0
2026-01-15,SHYAMMETL,0.971557,812.95,836.75
2026-01-26,SHYAMMETL,1.031639,803.75,779.1
2026-03-03,SHYAMMETL,1.02551,860.3,838.9
2025-11-05,SHYAMTEL,1.023622,13.0,12.7
2026-01-15,SHYAMTEL,0.972705,11.76,12.09
2026-01-26,SHYAMTEL,0.96,10.08,10.5
2026-03-03,SHYAMTEL,0.976119,9.81,10.05
2026-03-31,SHYAMTEL,1.1,9.02,8.2
2026-04-03,SHYAMTEL,0.930603,8.18,8.79
2026-05-01,SHYAMTEL,0.952697,21.55,22.62
2026-06-26,SHYAMTEL,1.020408,21.0,20.58
2026-05-28,SICAGEN,0.976333,55.28,56.62
2026-03-03,SICAL-RE,1.58209,1.06,0.67
2025-11-05,SICALLOG,0.95244,91.92,96.51
2025-12-25,SICALLOG,1.025816,100.53,98.0
2026-01-15,SICALLOG,0.952462,89.56,94.03
2026-01-26,SICALLOG,1.037037,93.24,89.91
2026-02-02,SICALLOG,0.978555,88.98,90.93
2026-03-03,SICALLOG,0.977503,64.74,66.23
2026-03-31,SICALLOG,1.023647,64.5,63.01
2026-04-03,SICALLOG,1.02381,64.5,63.0
2026-05-01,SICALLOG,1.025177,66.78,65.14
2025-12-25,SIDDHICOTS,0.975124,29.4,30.15
2026-01-26,SIDDHICOTS,1.043974,32.05,30.7
2026-02-02,SIDDHICOTS,0.967374,29.65,30.65
2026-03-03,SIDDHICOTS,1.035714,29.0,28.0
2026-03-31,SIDDHICOTS,0.959184,28.2,29.4
2026-05-01,SIDDHICOTS,0.978827,30.05,30.7
2025-12-25,SIDDHIKA,1.028954,215.0,208.95
2026-01-15,SIDDHIKA,1.028894,204.75,199.0
2026-01-26,SIDDHIKA,0.976971,210.0,214.95
2026-03-03,SIDDHIKA,1.05198,212.5,202.0
2026-03-26,SIDDHIKA,0.966989,205.05,212.05
2026-05-28,SIDDHIKA,1.032163,210.2,203.65
2026-02-02,SIEMENS,0.961468,2981.8,3101.3
2026-03-03,SIEMENS,1.023043,3418.6,3341.6
2026-03-26,SIEMENS,0.967917,3001.8,3101.3
2026-03-31,SIEMENS,1.038807,3048.9,2935.0
2026-05-28,SIEMENS,0.94805,3677.2,3878.7
2026-01-26,SIGACHI,1.02861,23.01,22.37
2026-03-31,SIGACHI,1.076241,18.21,16.92
2026-04-14,SIGACHI,0.970822,21.96,22.62
2026-06-26,SIGACHI,1.020161,25.3,24.8
2025-12-25,SIGIND,1.021919,55.48,54.29
2026-01-15,SIGIND,0.975571,48.72,49.94
2026-03-26,SIGIND,0.937609,42.98,45.84
2026-04-14,SIGIND,1.031736,49.74,48.21
2026-06-26,SIGIND,1.046138,50.11,47.9
2025-11-05,SIGMA,1.020151,58.22,57.07
2025-12-25,SIGMA,0.953784,54.07,56.69
2026-01-15,SIGMA,1.037768,61.0,58.78
2026-03-03,SIGMA,1.034032,41.93,40.55
2026-03-26,SIGMA,0.954962,38.59,40.41
2026-03-31,SIGMA,1.067162,38.77,36.33
2026-04-03,SIGMA,0.973711,38.15,39.18
2026-05-01,SIGMA,1.024966,45.57,44.46
2026-05-28,SIGMA,0.978942,39.98,40.84
2026-03-31,SIGMAADV,1.052603,155.28,147.52
2026-04-14,SIGMAADV,1.037828,179.43,172.89
2026-05-01,SIGMAADV,0.952406,273.95,287.64
2026-05-28,SIGMAADV,0.952422,385.35,404.6
2025-11-05,SIGNATURE,1.020505,1099.9,1077.8
2026-01-15,SIGNATURE,1.026763,947.6,922.9
2026-01-26,SIGNATURE,1.028412,886.8,862.3
2026-03-03,SIGNATURE,1.03029,989.8,960.7
2026-03-26,SIGNATURE,0.957277,741.65,774.75
2026-03-31,SIGNATURE,1.040675,743.25,714.2
2026-04-03,SIGNATURE,0.96551,723.65,749.5
2026-04-14,SIGNATURE,1.027903,821.5,799.2
2026-06-26,SIGNATURE,1.031461,780.3,756.5
2025-11-05,SIGNORIA,0.954774,76.0,79.6
2026-01-26,SIGNORIA,0.969729,91.3,94.15
2026-02-02,SIGNORIA,1.034332,94.9,91.75
2026-03-31,SIGNORIA,1.043519,56.35,54.0
2026-05-28,SIGNORIA,0.952381,57.0,59.85
2026-06-26,SIGNORIA,0.952763,100.85,105.85
2025-10-22,SIGNPOST,0.9559,237.35,248.3
2026-03-31,SIGNPOST,1.039512,230.2,221.45
2026-05-01,SIGNPOST,1.026327,261.97,255.25
2026-06-26,SIGNPOST,1.029827,255.5,248.1
2026-06-26,SIKA,1.040812,1099.15,1056.05
2025-10-22,SIKKO,0.957009,99.06,103.51
2026-01-15,SIKKO,0.960829,4.17,4.34
2026-02-02,SIKKO,1.088729,4.54,4.17
2026-03-26,SIKKO,0.969697,4.48,4.62
2026-03-31,SIKKO,1.050239,4.39,4.18
2026-04-14,SIKKO,1.035565,4.95,4.78
2026-06-26,SIKKO,1.02611,3.93,3.83
2025-10-22,SIL,0.976477,18.68,19.13
2026-01-15,SIL,1.024866,15.25,14.88
2026-01-26,SIL,0.968792,14.28,14.74
2026-03-03,SIL,1.059441,15.15,14.3
2026-03-26,SIL,0.979911,13.17,13.44
2026-03-31,SIL,1.058475,12.49,11.8
2026-04-03,SIL,0.937309,12.26,13.08
2026-04-03,SILGO,1.020453,74.84,73.34
2026-05-01,SILGO,0.973028,76.84,78.97
2026-05-28,SILGO,0.969824,80.99,83.51
2026-01-15,SILGO-RE1,1.666667,11.15,6.69
2026-01-26,SILGO-RE1,0.714976,5.92,8.28
2026-02-02,SILGO-RE1,1.350993,8.16,6.04
2025-10-22,SILINV,0.973688,671.65,689.8
2025-11-05,SILINV,1.034847,637.0,615.55
2026-01-26,SILINV,1.023668,447.65,437.3
2026-02-02,SILINV,0.969474,435.1,448.8
2026-03-03,SILINV,1.04594,436.0,416.85
2026-03-31,SILINV,1.028699,392.5,381.55
2026-03-03,SILKFLEX,1.052354,139.7,132.75
2026-03-31,SILKFLEX,1.051257,108.7,103.4
2026-04-03,SILKFLEX,0.952611,108.55,113.95
2026-05-01,SILKFLEX,0.952444,216.3,227.1
2026-06-26,SILKFLEX,1.052632,228.0,216.6
2025-11-05,SILKY,1.055926,142.55,135.0
2026-01-26,SILKY,1.065217,147.0,138.0
2026-03-03,SILKY,1.036496,142.0,137.0
2026-03-31,SILKY,1.022801,157.0,153.5
2026-04-03,SILKY,1.096429,153.5,140.0
2026-05-01,SILKY,0.962963,130.0,135.0
2026-05-28,SILKY,1.089167,130.7,120.0
2026-06-26,SILKY,1.039241,120.5,115.95
2025-11-05,SILLYMONKS,0.833404,19.76,23.71
2025-12-25,SILLYMONKS,1.041705,22.48,21.58
2026-01-15,SILLYMONKS,1.022511,20.44,19.99
2026-02-02,SILLYMONKS,1.047297,20.15,19.24
2026-03-03,SILLYMONKS,1.035315,17.59,16.99
2026-03-26,SILLYMONKS,0.954601,15.56,16.3
2026-03-31,SILLYMONKS,1.023964,15.81,15.44
2026-04-03,SILLYMONKS,1.034188,15.73,15.21
2026-04-14,SILLYMONKS,1.02561,16.82,16.4
2025-12-25,SILVER,0.961688,210.35,218.73
2026-01-15,SILVER,0.945191,260.23,275.32
2026-01-26,SILVER,0.937931,287.26,306.27
2026-02-02,SILVER,0.879775,263.22,299.19
2026-03-03,SILVER,0.921983,263.3,285.58
2026-03-26,SILVER,0.965377,220.55,228.46
2026-04-03,SILVER,1.039984,234.35,225.34
2026-06-26,SILVER,1.028933,222.62,216.36
2025-12-25,SILVER1,0.962578,204.49,212.44
2026-01-15,SILVER1,0.950223,253.51,266.79
2026-01-26,SILVER1,0.924286,279.43,302.32
2026-02-02,SILVER1,0.892587,256.11,286.93
2026-03-03,SILVER1,0.923601,25.75,27.88
2026-03-26,SILVER1,0.962979,21.59,22.42
2026-03-31,SILVER1,0.968863,21.47,22.16
2026-04-03,SILVER1,1.040275,22.73,21.85
2026-06-26,SILVER1,1.025154,21.6,21.07
2025-10-22,SILVER360,1.021152,151.11,147.98
2025-11-05,SILVER360,1.020479,148.0,145.03
2025-12-25,SILVER360,0.968642,207.58,214.3
2026-01-15,SILVER360,0.945536,254.51,269.17
2026-01-26,SILVER360,0.920858,282.86,307.17
2026-02-02,SILVER360,0.854209,258.68,302.83
2026-03-03,SILVER360,0.919529,259.16,281.84
2026-03-26,SILVER360,0.974156,220.13,225.97
2026-03-31,SILVER360,0.975392,215.23,220.66
2026-04-03,SILVER360,1.036107,230.14,222.12
2026-06-26,SILVER360,1.030343,219.36,212.9
2025-12-25,SILVERADD,0.962518,203.64,211.57
2026-01-15,SILVERADD,0.94814,250.84,264.56
2026-01-26,SILVERADD,0.926527,276.42,298.34
2026-02-02,SILVERADD,0.898331,254.56,283.37
2026-03-03,SILVERADD,0.919944,255.22,277.43
2026-03-26,SILVERADD,0.963019,214.84,223.09
2026-03-31,SILVERADD,0.976434,212.56,217.69
2026-04-03,SILVERADD,1.043466,226.62,217.18
2026-06-26,SILVERADD,1.02309,214.9,210.05
2025-12-25,SILVERAG,0.963983,205.82,213.51
2026-01-15,SILVERAG,0.944996,254.27,269.07
2026-01-26,SILVERAG,0.931591,277.67,298.06
2026-02-02,SILVERAG,0.831578,256.65,308.63
2026-03-03,SILVERAG,0.922414,257.04,278.66
2026-03-26,SILVERAG,0.968276,217.01,224.12
2026-03-31,SILVERAG,0.977162,215.64,220.68
2026-04-03,SILVERAG,1.03816,227.98,219.6
2026-06-26,SILVERAG,1.033497,217.21,210.17
2025-10-22,SILVERBEES,1.024226,148.82,145.3
2025-12-25,SILVERBEES,0.964441,201.79,209.23
2026-01-15,SILVERBEES,0.949393,249.51,262.81
2026-01-26,SILVERBEES,0.943771,276.27,292.73
2026-02-02,SILVERBEES,0.881388,252.5,286.48
2026-03-03,SILVERBEES,0.920481,252.81,274.65
2026-03-26,SILVERBEES,0.958856,212.31,221.42
2026-04-03,SILVERBEES,1.041028,224.81,215.95
2026-06-26,SILVERBEES,1.032822,213.35,206.57
2025-12-25,SILVERBETA,0.963624,203.98,211.68
2026-01-15,SILVERBETA,0.948539,252.15,265.83
2026-01-26,SILVERBETA,0.953668,283.02,296.77
2026-02-02,SILVERBETA,0.879838,252.32,286.78
2026-03-03,SILVERBETA,0.91904,255.3,277.79
2026-03-26,SILVERBETA,0.961857,213.84,222.32
2026-03-31,SILVERBETA,0.963249,211.78,219.86
2026-04-03,SILVERBETA,1.042137,227.29,218.1
2026-06-26,SILVERBETA,1.031967,215.32,208.65
2025-12-25,SILVERBND,0.977323,214.63,219.61
2026-01-15,SILVERBND,0.951453,262.62,276.02
2026-01-26,SILVERBND,0.935703,291.64,311.68
2026-02-02,SILVERBND,0.830913,271.8,327.11
2026-03-03,SILVERBND,0.918767,264.32,287.69
2026-03-26,SILVERBND,0.958824,223.08,232.66
2026-04-03,SILVERBND,1.035454,234.52,226.49
2026-06-26,SILVERBND,1.024621,222.64,217.29
2025-10-22,SILVERCASE,1.023902,15.85,15.48
2025-12-25,SILVERCASE,0.964801,21.38,22.16
2026-01-15,SILVERCASE,0.946052,26.48,27.99
2026-01-26,SILVERCASE,0.941082,29.39,31.23
2026-02-02,SILVERCASE,0.851334,26.8,31.48
2026-03-03,SILVERCASE,0.922547,26.8,29.05
2026-03-26,SILVERCASE,0.966138,22.54,23.33
2026-03-31,SILVERCASE,0.975142,22.36,22.93
2026-04-03,SILVERCASE,1.03913,23.9,23.0
2026-06-26,SILVERCASE,1.031536,22.57,21.88
2025-10-22,SILVERIETF,1.02047,154.04,150.95
2025-12-25,SILVERIETF,0.965312,210.38,217.94
2026-01-15,SILVERIETF,0.950567,260.75,274.31
2026-01-26,SILVERIETF,0.939945,288.14,306.55
2026-02-02,SILVERIETF,0.898841,263.63,293.3
2026-03-03,SILVERIETF,0.920989,263.67,286.29
2026-03-26,SILVERIETF,0.959786,221.01,230.27
2026-04-03,SILVERIETF,1.038303,234.21,225.57
2026-06-26,SILVERIETF,1.028384,222.46,216.32
2025-12-25,SILVERTUC,0.964147,868.6,900.9
2026-01-26,SILVERTUC,0.952397,1382.5,1451.6
2026-02-02,SILVERTUC,1.049957,1452.3,1383.2
2026-03-03,SILVERTUC,1.031323,1412.5,1369.6
2026-03-26,SILVERTUC,0.974606,111.3,114.2
2026-03-31,SILVERTUC,1.045279,108.5,103.8
2026-04-03,SILVERTUC,0.95246,108.99,114.43
2026-04-14,SILVERTUC,1.024815,127.61,124.52
2026-05-28,SILVERTUC,0.952482,152.74,160.36
2026-06-26,SILVERTUC,1.032992,190.68,184.59
2025-12-25,SIMBHALS,1.025,9.43,9.2
2026-03-26,SIMBHALS,0.973721,7.04,7.23
2025-10-22,SIMPLEXINF,0.978056,269.65,275.7
2025-11-05,SIMPLEXINF,0.968987,287.45,296.65
2025-12-25,SIMPLEXINF,0.961752,260.25,270.6
2026-01-26,SIMPLEXINF,1.085397,214.29,197.43
2026-03-31,SIMPLEXINF,1.105987,155.17,140.3
2026-04-14,SIMPLEXINF,0.911048,192.96,211.8
2026-05-28,SIMPLEXINF,0.952238,248.22,260.67
2025-12-25,SINCLAIR,1.02243,85.24,83.37
2026-01-26,SINCLAIR,1.044874,81.03,77.55
2026-03-31,SINCLAIR,1.020951,74.07,72.55
2025-11-05,SINDHUTRAD,0.948083,23.74,25.04
2025-12-25,SINDHUTRAD,1.022384,21.01,20.55
2026-01-26,SINDHUTRAD,1.044643,18.72,17.92
2026-03-03,SINDHUTRAD,1.046608,25.15,24.03
2026-03-31,SINGERIND,1.077807,65.66,60.92
2026-04-03,SINGERIND,0.956099,66.86,69.93
2026-04-14,SINGERIND,0.969369,74.37,76.72
2026-06-26,SINGERIND,1.020854,71.47,70.01
2026-01-26,SINTERCOM,1.038119,94.5,91.03
2026-02-02,SINTERCOM,1.042267,97.65,93.69
2026-03-03,SINTERCOM,0.978999,87.64,89.52
2026-04-14,SINTERCOM,0.956578,81.51,85.21
2026-05-28,SINTERCOM,1.034331,80.14,77.48
2025-11-05,SIRCA,1.030994,522.25,506.55
2025-12-25,SIRCA,1.024173,493.6,481.95
2026-01-26,SIRCA,1.022285,470.2,459.95
2026-03-03,SIRCA,1.041572,457.25,439.0
2026-03-26,SIRCA,0.961312,416.2,432.95
2026-03-31,SIRCA,1.045721,419.7,401.35
2026-01-26,SIS,1.034209,332.55,321.55
2026-03-31,SIS,1.02979,288.65,280.3
2026-05-01,SIS,1.032072,366.85,355.45
2025-11-05,SITINET,1.023256,0.44,0.43
2026-03-03,SITINET,1.029412,0.35,0.34
2026-03-26,SITINET,1.032258,0.32,0.31
2026-03-31,SITINET,1.034483,0.3,0.29
2026-04-14,SITINET,0.971429,0.34,0.35
2026-05-28,SITINET,0.970588,0.33,0.34
2025-11-05,SIYSIL,0.935802,773.3,826.35
2025-12-25,SIYSIL,0.976196,633.6,649.05
2026-01-26,SIYSIL,1.023875,574.65,561.25
2026-03-03,SIYSIL,1.020445,531.55,520.9
2026-03-31,SIYSIL,1.054612,459.6,435.8
2025-11-05,SJLOGISTIC,1.049922,338.6,322.5
2026-03-03,SJLOGISTIC,1.029757,311.45,302.45
2026-03-26,SJLOGISTIC,1.024433,264.15,257.85
2026-03-31,SJLOGISTIC,1.051649,242.3,230.4
2026-04-03,SJLOGISTIC,0.887081,269.85,304.2
2026-04-14,SJLOGISTIC,0.979316,293.55,299.75
2026-05-01,SJLOGISTIC,1.062649,335.0,315.25
2026-05-28,SJLOGISTIC,0.964033,327.0,339.2
2025-11-05,SJS,0.943141,1632.2,1730.6
2026-01-15,SJS,1.020776,1719.6,1684.6
2026-01-26,SJS,1.027619,1614.8,1571.4
2026-03-03,SJS,1.022546,1759.7,1720.9
2026-03-26,SJS,0.960213,1588.0,1653.8
2026-03-31,SJS,1.04204,1616.1,1550.9
2026-04-14,SJS,1.02656,1793.4,1747.0
2026-05-01,SJS,0.958094,1733.0,1808.8
2026-01-26,SJVN,1.023426,72.52,70.86
2026-03-03,SJVN,1.039721,73.03,70.24
2026-03-31,SJVN,1.044515,66.17,63.35
2026-05-01,SJVN,1.020512,80.6,78.98
2026-05-28,SJVN,0.977092,73.79,75.52
2026-03-03,SKFINDIA,1.022059,1737.5,1700.0
2026-03-26,SKFINDIA,0.972689,1481.6,1523.2
2026-03-31,SKFINDIA,1.066917,1508.3,1413.7
2026-05-01,SKFINDIA,1.021574,1752.0,1715.0
2025-12-25,SKFINDUS,0.964533,2450.3,2540.4
2026-02-02,SKFINDUS,0.951082,2587.8,2720.9
2026-03-03,SKFINDUS,1.034643,2562.5,2476.7
2026-04-03,SKFINDUS,0.965628,2199.7,2278.0
2026-05-28,SKFINDUS,0.97227,2100.2,2160.1
2026-06-26,SKFINDUS,0.9766,2838.0,2906.0
2026-03-03,SKIL,1.037383,1.11,1.07
2026-03-31,SKIL,1.044944,0.93,0.89
2026-04-14,SKIL,0.958763,0.93,0.97
2026-01-26,SKIPPER,1.055209,355.5,336.9
2026-03-03,SKIPPER,1.037672,366.35,353.05
2026-03-26,SKIPPER,0.950337,338.7,356.4
2026-03-31,SKIPPER,1.039031,347.4,334.35
2026-05-28,SKIPPER,0.971169,501.9,516.8
2025-11-05,SKMEGGPROD,1.02015,427.8,419.35
2026-02-02,SKMEGGPROD,0.941245,185.99,197.6
2026-03-26,SKMEGGPROD,0.966009,160.0,165.63
2026-03-31,SKMEGGPROD,1.055818,156.43,148.16
2026-05-01,SKMEGGPROD,0.979987,161.59,164.89
2026-05-28,SKMEGGPROD,0.936706,185.73,198.28
2026-06-26,SKMEGGPROD,0.970979,268.0,276.01
2025-12-25,SKP,0.948571,166.0,175.0
2026-01-15,SKP,0.973214,163.5,168.0
2026-01-26,SKP,1.096421,170.0,155.05
2026-02-02,SKP,0.95,152.0,160.0
2026-03-31,SKP,1.053571,147.5,140.0
2026-05-28,SKP,1.020349,175.5,172.0
2025-10-22,SKYGOLD,0.974617,353.25,362.45
2026-01-26,SKYGOLD,1.038972,313.25,301.5
2026-03-03,SKYGOLD,1.046178,361.35,345.4
2026-03-26,SKYGOLD,0.968209,324.35,335.0
2026-03-31,SKYGOLD,1.032522,328.6,318.25
2025-11-05,SLONE,1.030383,332.35,322.55
2025-12-25,SLONE,0.911197,247.8,271.95
2026-01-15,SLONE,1.09774,254.95,232.25
2026-02-02,SLONE,1.026087,236.0,230.0
2026-03-26,SLONE,1.046168,176.75,168.95
2026-03-31,SLONE,1.052583,171.15,162.6
2026-04-14,SLONE,0.965814,207.65,215.0
2026-06-26,SLONE,1.100926,178.35,162.0
2026-01-26,SMALL250,1.020222,15.64,15.33
2026-02-02,SMALL250,0.979708,15.45,15.77
2026-03-26,SMALL250,0.972575,14.54,14.95
2026-03-31,SMALL250,1.020877,14.67,14.37
2026-03-03,SMALLADD,1.02384,15.89,15.52
2026-03-31,SMALLADD,0.954973,14.21,14.88
2026-02-02,SMALLCAP,0.972163,40.86,42.03
2026-03-26,SMALLCAP,0.975913,38.49,39.44
2026-03-31,SMALLCAP,1.023361,38.55,37.67
2025-11-05,SMARTEN,1.036864,88.6,85.45
2025-12-25,SMARTEN,0.964948,70.2,72.75
2026-01-15,SMARTEN,0.977698,67.95,69.5
2026-01-26,SMARTEN,1.066512,68.95,64.65
2026-02-02,SMARTEN,0.961794,57.9,60.2
2026-03-03,SMARTEN,1.030251,59.6,57.85
2026-03-26,SMARTEN,0.963955,46.8,48.55
2026-03-31,SMARTEN,1.063879,45.8,43.05
2026-04-03,SMARTEN,0.966084,47.0,48.65
2026-04-14,SMARTEN,1.093345,63.25,57.85
2026-05-01,SMARTEN,1.111008,60.05,54.05
2026-06-26,SMARTEN,1.027778,61.05,59.4
2026-03-03,SMARTLINK,1.043976,123.92,118.7
2026-03-31,SMARTLINK,1.065442,111.36,104.52
2026-04-03,SMARTLINK,0.964805,111.57,115.64
2026-05-01,SMARTLINK,1.031894,136.21,132.0
2025-10-22,SMARTWORKS,0.970609,539.95,556.3
2025-11-05,SMARTWORKS,0.97956,594.25,606.65
2026-03-03,SMARTWORKS,1.024613,410.05,400.2
2026-03-31,SMARTWORKS,1.034233,385.2,372.45
2026-04-03,SMARTWORKS,1.020806,382.7,374.9
2026-06-26,SMARTWORKS,0.97845,479.0,489.55
2025-12-25,SMCGLOBAL,0.95769,85.56,89.34
2026-01-26,SMCGLOBAL,1.028826,73.88,71.81
2026-03-03,SMCGLOBAL,1.030437,76.85,74.58
2026-03-31,SMCGLOBAL,1.072135,59.6,55.59
2026-04-03,SMCGLOBAL,0.963898,59.54,61.77
2026-02-02,SML100CASE,0.979014,9.33,9.53
2026-03-26,SML100CASE,0.974388,8.75,8.98
2026-03-31,SML100CASE,1.030162,8.88,8.62
2025-10-22,SMLISUZU,0.960837,2806.7,2921.1
2025-11-05,SMLISUZU,0.977909,3187.3,3259.3
2025-12-25,SMLMAH,1.023016,3795.8,3710.4
2026-01-15,SMLMAH,0.953284,4246.5,4454.6
2026-03-03,SMLMAH,1.052301,4780.5,4542.9
2026-03-26,SMLMAH,0.952397,3979.4,4178.3
2026-03-31,SMLMAH,1.052451,3979.0,3780.7
2026-04-03,SMLMAH,0.977518,3969.7,4061.0
2026-01-26,SMLT,1.038986,71.69,69.0
2026-02-02,SMLT,1.022319,70.54,69.0
2026-03-03,SMLT,1.052497,69.97,66.48
2026-03-31,SMLT,1.110608,63.76,57.41
2026-05-01,SMLT,0.952261,71.61,75.2
2026-06-26,SMLT,1.029838,71.79,69.71
2026-03-03,SMSPHARMA,1.039816,385.2,370.45
2026-03-26,SMSPHARMA,0.976764,395.15,404.55
2026-03-31,SMSPHARMA,1.030145,386.15,374.85
2026-01-15,SMVD,0.952941,8.1,8.5
2026-02-10,SMVD,0.952663,8.05,8.45
2026-03-03,SMVD,0.953608,9.25,9.7
2026-03-26,SMVD,0.952991,11.15,11.7
2026-03-31,SMVD,1.044643,11.7,11.2
2026-01-15,SNEHAA,1.048067,50.15,47.85
2026-01-26,SNEHAA,0.914655,53.05,58.0
2026-02-02,SNEHAA,0.962464,50.0,51.95
2026-03-03,SNEHAA,1.027778,46.25,45.0
2026-03-26,SNEHAA,1.060168,44.05,41.55
2026-04-03,SNEHAA,0.96816,41.05,42.4
2026-04-14,SNEHAA,0.978186,42.6,43.55
2026-05-28,SNEHAA,0.95302,42.6,44.7
2026-06-26,SNEHAA,0.965909,42.5,44.0
2025-11-05,SNOWMAN,1.057566,51.44,48.64
2026-02-02,SNOWMAN,0.979979,38.18,38.96
2026-03-26,SNOWMAN,0.976204,33.23,34.04
2026-03-31,SNOWMAN,1.047883,32.17,30.7
2026-04-14,SNOWMAN,1.024139,40.73,39.77
2026-06-26,SNOWMAN,1.023244,38.74,37.86
2026-03-26,SNXT30BEES,0.98,37.73,38.5
2026-01-26,SNXT50BETA,1.022014,96.1,94.03
2026-03-03,SNXT50BETA,1.02205,92.24,90.25
2026-03-31,SNXT50BETA,1.034878,83.08,80.28
2025-11-05,SOBHA,1.022974,1656.4,1619.2
2026-01-26,SOBHA,0.972427,1343.7,1381.8
2026-02-02,SOBHA,0.954903,1384.8,1450.2
2026-03-03,SOBHA,1.026111,1395.1,1359.6
2026-03-31,SOBHA,1.033771,1227.5,1187.4
2026-04-03,SOBHA,1.035529,1197.9,1156.8
2026-01-15,SOCL,1.110283,37.25,33.55
2026-01-26,SOCL,1.066456,33.7,31.6
2026-02-02,SOCL,1.02972,29.45,28.6
2026-03-03,SOCL,0.953321,26.55,27.85
2026-03-31,SOCL,1.052314,26.15,24.85
2026-04-03,SOCL,0.973734,25.95,26.65
2026-04-14,SOCL,0.965404,29.3,30.35
2026-05-01,SOCL,1.042345,32.0,30.7
2026-06-26,SOCL,1.052529,27.05,25.7
2025-10-22,SOFTTECH,0.977188,366.25,374.8
2026-01-15,SOFTTECH,0.94402,296.8,314.4
2026-01-26,SOFTTECH,1.027764,301.7,293.55
2026-03-03,SOFTTECH,1.04839,288.15,274.85
2026-03-26,SOFTTECH,1.030279,256.9,249.35
2026-03-31,SOFTTECH,1.07775,235.65,218.65
2026-04-03,SOFTTECH,0.908853,229.34,252.34
2026-05-01,SOFTTECH,0.956436,387.72,405.38
2025-11-05,SOLARA,1.0239,631.9,617.15
2025-12-25,SOLARA,1.020688,569.85,558.3
2026-01-26,SOLARA,1.029777,534.3,518.85
2026-03-26,SOLARA,0.964962,440.65,456.65
2026-03-31,SOLARA,1.040301,442.7,425.55
2026-04-03,SOLARA,0.964293,459.1,476.1
2026-05-28,SOLARA,1.023269,558.5,545.8
2025-11-05,SOLARINDS,1.039416,14161.0,13624.0
2026-02-02,SOLARINDS,0.97908,13198.0,13480.0
2026-03-03,SOLARINDS,0.96533,13504.0,13989.0
2026-03-26,SOLARINDS,0.973933,12554.0,12890.0
2026-03-31,SOLARINDS,1.028321,12418.0,12076.0
2026-04-03,SOLARINDS,0.976962,12807.0,13109.0
2026-04-14,SOLARINDS,0.968881,14073.0,14525.0
2026-06-26,SOLARINDS,1.025017,17864.0,17428.0
2026-01-26,SOLARWORLD,1.022784,246.9,241.4
2026-03-03,SOLARWORLD,1.043548,195.06,186.92
2026-03-26,SOLARWORLD,0.951701,147.98,155.49
2026-04-03,SOLARWORLD,0.953059,165.88,174.05
2026-04-14,SOLARWORLD,0.963867,175.79,182.38
2026-05-28,SOLARWORLD,1.034137,216.3,209.16
2026-01-15,SOLEX,0.965809,1118.6,1158.2
2026-03-03,SOLEX,1.035033,862.7,833.5
2026-03-31,SOLEX,1.055791,972.7,921.3
2026-04-14,SOLEX,1.022321,1282.4,1254.4
2026-05-28,SOLEX,1.034773,1315.3,1271.1
2026-06-26,SOLEX,1.020532,1113.4,1091.0
2025-11-05,SOMANYCERA,1.030607,457.95,444.35
2025-12-25,SOMANYCERA,1.021713,418.8,409.9
2026-01-15,SOMANYCERA,1.045626,415.95,397.8
2026-03-03,SOMANYCERA,1.056135,410.15,388.35
2026-03-26,SOMANYCERA,0.974382,374.65,384.5
2026-03-31,SOMANYCERA,1.066377,380.75,357.05
2026-04-03,SOMANYCERA,0.937403,363.9,388.2
2025-10-22,SOMATEX,0.952443,94.33,99.04
2025-11-05,SOMATEX,0.952403,146.27,153.58
2025-12-25,SOMATEX,0.952385,117.81,123.7
2026-01-15,SOMATEX,1.020405,120.02,117.62
2026-03-03,SOMATEX,1.020389,111.1,108.88
2026-03-26,SOMATEX,1.020211,89.85,88.07
2026-03-31,SOMATEX,0.952439,86.31,90.62
2026-04-03,SOMATEX,0.952452,95.15,99.9
2026-04-14,SOMATEX,1.029581,98.15,95.33
2025-10-22,SOMICONVEY,0.973627,148.41,152.43
2026-01-26,SOMICONVEY,1.032662,108.13,104.71
2026-02-02,SOMICONVEY,0.934757,87.11,93.19
2026-03-31,SOMICONVEY,1.031884,91.59,88.76
2026-04-03,SOMICONVEY,0.943204,95.49,101.24
2026-04-14,SOMICONVEY,1.037435,111.96,107.92
2026-05-28,SOMICONVEY,1.031394,105.46,102.25
2026-06-26,SOMICONVEY,0.848088,97.81,115.33
2026-01-26,SONACOMS,1.028503,469.1,456.1
2026-03-03,SONACOMS,1.033349,534.5,517.25
2026-03-26,SONACOMS,0.96725,494.7,511.45
2026-04-14,SONACOMS,0.973564,554.25,569.3
2026-05-01,SONAL,0.953544,99.55,104.4
2025-12-25,SONAMAC,0.976395,45.5,46.6
2026-01-15,SONAMAC,1.020025,40.75,39.95
2026-02-02,SONAMAC,0.952685,37.25,39.1
2026-03-03,SONAMAC,1.026846,38.25,37.25
2026-03-26,SONAMAC,0.937405,30.7,32.75
2026-03-31,SONAMAC,1.080292,29.6,27.4
2026-04-14,SONAMAC,1.045122,42.85,41.0
2026-05-28,SONAMAC,0.953342,37.8,39.65
2026-06-26,SONAMAC,1.041481,35.15,33.75
2025-10-22,SONAMLTD,0.888308,39.05,43.96
2026-01-15,SONAMLTD,0.948488,40.14,42.32
2026-01-26,SONAMLTD,1.021673,40.07,39.22
2026-03-03,SONAMLTD,1.021492,49.43,48.39
2026-03-31,SONAMLTD,1.029099,52.34,50.86
2026-03-03,SONATSOFTW,1.030548,268.2,260.25
2026-03-31,SONATSOFTW,1.044847,219.0,209.6
2026-04-03,SONATSOFTW,0.952328,220.74,231.79
2026-05-01,SONATSOFTW,1.03129,263.01,255.03
2026-06-26,SONATSOFTW,1.020229,290.0,284.25
2025-11-05,SONUINFRA,1.034444,93.1,90.0
2025-12-25,SONUINFRA,1.080163,79.5,73.6
2026-01-15,SONUINFRA,1.039136,77.0,74.1
2026-03-31,SONUINFRA,1.052632,40.0,38.0
2026-04-14,SONUINFRA,0.952865,51.55,54.1
2026-05-28,SONUINFRA,0.96738,47.45,49.05
2026-06-26,SONUINFRA,0.952721,53.4,56.05
2026-01-15,SOTAC,1.051333,106.5,101.3
2026-01-26,SOTAC,0.952381,100.0,105.0
2026-03-31,SOTAC,1.052632,115.0,109.25
2025-12-25,SOTL,0.974641,380.5,390.4
2026-01-26,SOTL,1.038539,361.1,347.7
2026-02-02,SOTL,0.971191,338.8,348.85
2026-03-03,SOTL,1.044922,379.15,362.85
2026-03-31,SOTL,1.043735,300.7,288.1
2026-06-26,SOTL,1.089592,575.25,527.95
2025-10-22,SOUTHBANK,0.971421,37.73,38.84
2025-11-05,SOUTHBANK,1.023978,37.58,36.7
2025-12-25,SOUTHBANK,1.032529,39.36,38.12
2026-01-15,SOUTHBANK,0.953132,40.47,42.46
2026-01-26,SOUTHBANK,1.021333,45.96,45.0
2026-03-26,SOUTHBANK,0.939173,34.74,36.99
2026-03-31,SOUTHBANK,1.046464,35.81,34.22
2025-11-05,SOUTHWEST,0.978177,175.71,179.63
2025-12-25,SOUTHWEST,0.952393,187.05,196.4
2026-01-15,SOUTHWEST,0.956981,178.63,186.66
2026-01-26,SOUTHWEST,1.03149,185.73,180.06
2026-03-31,SOUTHWEST,0.970968,206.69,212.87
2026-04-14,SOUTHWEST,0.943953,228.55,242.12
2026-05-28,SOUTHWEST,0.941107,253.28,269.13
2026-06-26,SOUTHWEST,1.029497,230.35,223.75
2026-01-15,SPAL,1.034746,671.55,649.0
2026-04-14,SPAL,0.976826,762.95,781.05
2025-11-05,SPANDANA,1.025747,249.0,242.75
2026-03-03,SPANDANA,1.031167,253.1,245.45
2026-03-26,SPANDANA,0.96495,199.6,206.85
2026-03-31,SPANDANA,1.055118,194.3,184.15
2026-04-03,SPANDANA,0.957871,192.58,201.05
2025-11-05,SPARC,1.02599,140.14,136.59
2026-01-26,SPARC,1.036898,129.55,124.94
2026-02-02,SPARC,1.059645,133.6,126.08
2026-03-26,SPARC,0.851198,111.89,131.45
2026-03-31,SPARC,1.052224,120.89,114.89
2026-04-03,SPARC,0.970015,120.34,124.06
2026-04-14,SPARC,1.041787,148.34,142.39
2026-05-01,SPARC,1.038591,148.56,143.04
2026-05-28,SPARC,1.064242,235.57,221.35
2025-10-22,SPCENET,0.967033,9.68,10.01
2025-12-25,SPCENET,0.96408,6.71,6.96
2026-01-26,SPCENET,1.050881,5.37,5.11
2026-03-03,SPCENET,1.039256,5.03,4.84
2026-03-31,SPCENET,1.082781,3.27,3.02
2026-04-14,SPCENET,0.954106,3.95,4.14
2026-05-01,SPCENET,1.047146,4.22,4.03
2026-06-26,SPCENET,1.051948,4.05,3.85
2026-01-15,SPCL,0.97538,93.1,95.45
2026-01-26,SPCL,1.030468,94.7,91.9
2026-03-31,SPCL,1.079431,64.55,59.8
2026-04-03,SPCL,0.975113,64.65,66.3
2026-04-14,SPCL,1.024219,80.35,78.45
2026-05-01,SPCL,1.024224,82.45,80.5
2026-05-28,SPCL,1.021534,75.9,74.3
2026-03-31,SPCON,0.917431,100.0,109.0
2026-04-03,SPCON,0.97561,120.0,123.0
2026-04-14,SPCON,0.96,120.0,125.0
2026-05-01,SPCON,1.10935,140.0,126.2
2026-05-28,SPCON,1.046296,141.25,135.0
2026-03-26,SPEB,0.972947,50.35,51.75
2026-03-31,SPEB,1.046967,53.5,51.1
2026-06-26,SPEB,0.977573,85.0,86.95
2025-10-22,SPECIALITY,0.974417,137.5,141.11
2026-01-26,SPECIALITY,1.026887,106.94,104.14
2026-02-02,SPECIALITY,1.023409,105.36,102.95
2026-03-03,SPECIALITY,1.022979,101.5,99.22
2026-03-26,SPECIALITY,0.966395,92.6,95.82
2026-03-31,SPECIALITY,1.069524,89.84,84.0
2026-04-03,SPECIALITY,0.923684,90.05,97.49
2026-06-26,SPECIALITY,1.068453,135.95,127.24
2026-01-15,SPECTRUM,0.979138,1084.2,1107.3
2026-02-02,SPECTRUM,0.957131,1277.1,1334.3
2026-03-03,SPECTRUM,1.111239,1449.5,1304.4
2026-03-31,SPECTRUM,0.948995,1473.6,1552.8
2026-04-03,SPECTRUM,1.044337,1465.1,1402.9
2026-05-01,SPECTRUM,0.95233,1148.7,1206.2
2026-05-28,SPECTRUM,0.953343,1383.3,1451.0
2025-10-22,SPECTSTM,1.029953,98.0,95.15
2025-12-25,SPECTSTM,0.975117,94.05,96.45
2026-01-15,SPECTSTM,0.979181,72.9,74.45
2026-01-26,SPECTSTM,0.964801,83.6,86.65
2026-02-02,SPECTSTM,1.025014,92.2,89.95
2026-03-03,SPECTSTM,1.070714,74.95,70.0
2026-03-31,SPECTSTM,1.051456,54.15,51.5
2026-04-03,SPECTSTM,0.975862,56.6,58.0
2026-04-14,SPECTSTM,0.946401,61.8,65.3
2026-05-01,SPECTSTM,1.052117,64.6,61.4
2026-05-28,SPECTSTM,0.95283,60.6,63.6
2026-06-26,SPECTSTM,1.048957,57.85,55.15
2025-10-22,SPENCERS,0.979143,51.64,52.74
2026-01-26,SPENCERS,1.114994,35.1,31.48
2026-03-03,SPENCERS,1.020743,32.97,32.3
2026-03-31,SPENCERS,1.092758,26.86,24.58
2026-04-03,SPENCERS,0.931115,27.98,30.05
2026-04-14,SPENCERS,1.036753,33.85,32.65
2026-05-01,SPENCERS,0.973988,33.7,34.6
2026-05-28,SPENCERS,1.021951,37.71,36.9
2026-06-26,SPENCERS,1.028611,37.03,36.0
2026-01-26,SPIC,1.028654,74.31,72.24
2026-02-02,SPIC,0.976622,70.6,72.29
2026-03-03,SPIC,1.030083,69.51,67.48
2026-03-31,SPIC,1.054673,58.45,55.42
2025-10-22,SPLIL,1.020435,38.45,37.68
2025-11-05,SPLIL,1.092942,43.98,40.24
2026-02-02,SPLIL,1.053161,29.32,27.84
2026-03-03,SPLIL,1.060863,29.98,28.26
2026-03-26,SPLIL,1.030541,24.97,24.23
2026-03-31,SPLIL,1.073488,23.08,21.5
2026-04-03,SPLIL,0.930937,23.05,24.76
2026-05-28,SPLIL,0.965291,30.87,31.98
2025-10-22,SPLPETRO,0.959773,770.65,802.95
2025-11-05,SPLPETRO,1.040384,720.05,692.1
2026-01-15,SPLPETRO,1.035764,563.3,543.85
2026-01-26,SPLPETRO,1.040183,521.6,501.45
2026-03-03,SPLPETRO,1.057851,716.8,677.6
2026-03-26,SPLPETRO,1.030678,692.1,671.5
2026-03-31,SPLPETRO,1.022752,755.2,738.4
2026-04-14,SPLPETRO,1.024392,745.45,727.7
2026-05-01,SPLPETRO,1.022778,774.55,757.3
2025-10-22,SPMLINFRA,0.972043,223.91,230.35
2025-12-25,SPMLINFRA,1.035667,180.61,174.39
2026-01-26,SPMLINFRA,1.052986,173.69,164.95
2026-02-02,SPMLINFRA,0.959777,163.21,170.05
2026-03-03,SPMLINFRA,1.024431,169.82,165.77
2026-03-26,SPMLINFRA,0.95846,157.82,164.66
2026-03-31,SPMLINFRA,1.041241,160.07,153.73
2026-04-14,SPMLINFRA,1.024742,188.86,184.3
2026-05-28,SPMLINFRA,0.963705,211.62,219.59
2026-06-26,SPMLINFRA,1.048375,208.7,199.07
2026-03-03,SPORTKING,1.040541,115.5,111.0
2026-03-26,SPORTKING,0.97639,116.62,119.44
2026-04-03,SPORTKING,0.9438,121.25,128.47
2026-04-14,SPORTKING,1.021656,139.64,136.68
2026-06-26,SPORTKING,1.043967,185.92,178.09
2025-10-22,SPPPOLY,1.026549,17.4,16.95
2025-12-25,SPPPOLY,0.966767,16.0,16.55
2026-01-15,SPPPOLY,0.952978,15.2,15.95
2026-03-03,SPPPOLY,0.969799,14.45,14.9
2026-03-31,SPPPOLY,1.050926,11.35,10.8
2026-04-03,SPPPOLY,0.978355,11.3,11.55
2026-05-01,SPPPOLY,1.051852,14.2,13.5
2026-06-26,SPPPOLY,0.960854,13.5,14.05
2025-10-22,SPRL,0.952472,174.35,183.05
2026-01-15,SPRL,1.052338,150.8,143.3
2026-04-14,SPRL,1.052556,110.15,104.65
2026-05-01,SPRL,0.95389,99.3,104.1
2026-05-28,SPRL,1.041667,81.25,78.0
2026-06-26,SPRL,0.953499,105.6,110.75
2025-10-22,SPUNWEB,0.966781,141.15,146.0
2025-11-05,SPUNWEB,0.971605,142.0,146.15
2026-03-03,SPUNWEB,1.040658,107.5,103.3
2026-03-31,SPUNWEB,1.057235,97.9,92.6
2026-04-14,SPUNWEB,0.961199,109.0,113.4
2026-05-01,SPUNWEB,0.95974,118.0,122.95
2026-01-15,SRD,1.029158,62.12,60.36
2026-01-26,SRD,1.071157,61.87,57.76
2026-02-02,SRD,1.02119,55.42,54.27
2026-03-03,SRD,1.041262,42.9,41.2
2026-03-31,SRD,1.089668,42.29,38.81
2026-04-03,SRD,0.963861,42.94,44.55
2026-06-26,SRD,0.974988,40.15,41.18
2026-03-03,SREEL,1.020396,204.12,200.04
2026-03-31,SREEL,1.039676,173.47,166.85
2026-04-03,SREEL,0.965197,174.44,180.73
2026-06-26,SREEL,0.97869,213.56,218.21
2026-02-02,SRF,0.968114,2726.5,2816.3
2026-03-26,SRF,0.962424,2471.6,2568.1
2026-03-31,SRF,1.023339,2494.9,2438.0
2026-04-03,SRF,1.057572,2555.2,2416.1
2025-12-25,SRGHFL,1.034687,287.85,278.2
2026-01-15,SRGHFL,0.967538,268.25,277.25
2026-03-03,SRGHFL,1.040944,266.95,256.45
2026-03-31,SRGHFL,0.958978,232.6,242.55
2026-05-01,SRGHFL,0.976757,276.1,282.67
2025-10-22,SRHHYPOLTD,0.979135,551.4,563.15
2025-12-25,SRHHYPOLTD,1.026072,537.2,523.55
2026-01-26,SRHHYPOLTD,1.026485,463.15,451.2
2026-03-03,SRHHYPOLTD,1.021615,465.55,455.7
2026-03-31,SRHHYPOLTD,1.059505,406.85,384.0
2026-04-03,SRHHYPOLTD,0.977807,411.95,421.3
2026-04-14,SRHHYPOLTD,0.979517,451.9,461.35
2026-05-28,SRHHYPOLTD,0.974808,539.8,553.75
2025-10-22,SRIVASAVI,0.975689,60.2,61.7
2026-02-02,SRIVASAVI,1.1125,44.5,40.0
2026-03-03,SRIVASAVI,1.028857,46.35,45.05
2026-03-26,SRIVASAVI,0.893617,42.0,47.0
2026-03-31,SRIVASAVI,1.045147,46.3,44.3
2026-04-03,SRIVASAVI,0.963043,44.3,46.0
2026-04-14,SRIVASAVI,0.941765,51.75,54.95
2026-05-28,SRIVASAVI,1.028704,55.55,54.0
2025-12-25,SRM,0.973915,522.7,536.7
2026-01-26,SRM,1.035492,458.05,442.35
2026-02-02,SRM,0.964052,434.45,450.65
2026-03-31,SRM,1.05523,405.05,383.85
2026-04-03,SRM,0.969004,404.85,417.8
2026-04-14,SRM,0.947316,473.8,500.15
2025-07-28,SRPL,0.968254,0.61,0.63
2025-08-11,SRPL,1.067797,0.63,0.59
2025-11-05,SRPL,1.043478,0.72,0.69
2026-01-15,SRPL,1.032258,0.64,0.62
2026-01-26,SRPL,1.033898,0.61,0.59
2026-03-03,SRPL,1.037736,0.55,0.53
2026-03-31,SRPL,1.044444,0.47,0.45
2026-04-14,SRPL,1.046512,0.45,0.43
2026-03-03,SRTL,1.456583,104.0,71.4
2026-05-01,SRTL,1.022666,49.18,48.09
2026-06-26,SRTL,0.968603,39.18,40.45
2026-03-03,SSDL,1.023694,61.35,59.93
2026-03-31,SSDL,1.102629,52.0,47.16
2026-01-15,SSEGL,1.034734,412.6,398.75
2026-03-03,SSEGL,1.030141,365.7,355.0
2026-03-31,SSEGL,1.062032,304.75,286.95
2026-04-03,SSEGL,0.90696,309.5,341.25
2025-11-05,SSFL,1.030445,132.0,128.1
2025-12-25,SSFL,1.054717,139.75,132.5
2026-01-26,SSFL,1.032145,102.75,99.55
2026-02-02,SSFL,0.967904,96.5,99.7
2026-03-03,SSFL,1.064554,137.7,129.35
2026-03-31,SSFL,1.083712,119.1,109.9
2026-04-03,SSFL,1.026268,113.3,110.4
2026-04-14,SSFL,1.036364,114.0,110.0
2026-05-01,SSFL,1.043956,104.5,100.1
2026-05-28,SSFL,1.032928,161.55,156.4
2026-06-26,SSFL,0.952437,242.3,254.4
2025-10-22,SSWL,0.973619,219.22,225.16
2026-01-26,SSWL,1.04065,186.88,179.58
2026-03-03,SSWL,1.044655,214.99,205.8
2026-03-26,SSWL,0.977559,181.65,185.82
2026-03-31,SSWL,1.050109,178.97,170.43
2025-10-22,STALLION,1.052632,374.0,355.3
2025-11-05,STALLION,1.052493,260.65,247.65
2025-12-25,STALLION,0.970997,205.23,211.36
2026-01-15,STALLION,0.952381,205.8,216.09
2026-01-26,STALLION,1.035512,204.41,197.4
2026-02-02,STALLION,0.95027,175.8,185.0
2026-03-03,STALLION,1.022562,127.81,124.99
2026-03-31,STALLION,1.031521,105.7,102.47
2026-04-03,STALLION,0.95723,106.98,111.76
2026-04-14,STALLION,0.972374,136.92,140.81
2026-05-01,STALLION,1.035057,155.3,150.04
2026-06-26,STALLION,1.03889,189.13,182.05
2025-11-05,STANLEY,1.020738,278.1,272.45
2025-12-25,STANLEY,1.035285,218.0,210.57
2026-02-02,STANLEY,0.978941,179.9,183.77
2026-03-03,STANLEY,1.041648,162.07,155.59
2026-03-31,STANLEY,1.060631,131.2,123.7
2026-04-03,STANLEY,1.036494,130.08,125.5
2026-05-01,STANLEY,1.029359,142.7,138.63
2026-06-26,STANLEY,1.030814,149.2,144.74
2025-11-05,STAR,1.02285,984.8,962.8
2025-12-25,STAR,1.03469,970.85,938.3
2026-01-26,STAR,1.08584,864.6,796.25
2026-06-26,STAR,1.02689,1111.3,1082.2
2025-11-05,STARCEMENT,1.033625,259.75,251.3
2026-02-02,STARCEMENT,0.974952,214.47,219.98
2026-03-03,STARCEMENT,1.04279,214.21,205.42
2026-01-26,STARHEALTH,1.024932,435.75,425.15
2026-03-03,STARPAPER,1.025172,140.1,136.66
2026-03-26,STARPAPER,0.959601,125.89,131.19
2026-03-31,STARPAPER,1.049963,126.51,120.49
2025-12-25,STARTECK,1.023216,295.3,288.6
2026-03-31,STARTECK,1.081019,233.5,216.0
2026-04-03,STARTECK,1.042122,244.93,235.03
2026-05-28,STARTECK,0.962933,253.03,262.77
2026-01-15,STCINDIA,0.959,125.84,131.22
2026-01-26,STCINDIA,1.033283,117.04,113.27
2026-03-03,STCINDIA,1.05537,116.65,110.53
2026-05-28,STCINDIA,0.956207,117.69,123.08
2026-06-26,STCINDIA,1.034259,133.74,129.31
2025-10-22,STEELCAS,0.962405,217.85,226.36
2026-01-26,STEELCAS,1.025686,188.08,183.37
2026-02-02,STEELCAS,1.132925,209.07,184.54
2026-03-03,STEELCAS,1.026161,234.17,228.2
2026-04-14,STEELCAS,0.957984,281.13,293.46
2026-05-01,STEELCAS,1.026052,296.96,289.42
2026-06-26,STEELCAS,1.031045,307.2,297.95
2026-02-02,STEELCITY,0.975202,82.19,84.28
2026-03-31,STEELCITY,1.025417,73.83,72.0
2026-04-03,STEELCITY,0.967283,74.8,77.33
2025-11-05,STEELXIND,1.023656,9.52,9.3
2026-01-26,STEELXIND,1.027778,8.14,7.92
2026-03-03,STEELXIND,1.044081,8.29,7.94
2026-03-31,STEELXIND,1.061885,7.55,7.11
2026-04-14,STEELXIND,1.025346,8.9,8.68
2026-05-28,STEELXIND,0.906355,10.84,11.96
2025-10-22,STEL,0.966415,415.8,430.25
2026-01-26,STEL,1.05358,435.55,413.4
2026-02-02,STEL,0.93564,415.05,443.6
2026-03-03,STEL,0.96815,493.95,510.2
2026-03-26,STEL,0.979502,432.45,441.5
2026-04-03,STEL,0.97974,432.8,441.75
2026-05-01,STEL,1.021614,477.4,467.3
2026-06-26,STEL,1.022841,611.25,597.6
2026-01-26,STERTOOLS,1.043946,237.55,227.55
2026-02-02,STERTOOLS,0.947878,240.05,253.25
2026-03-03,STERTOOLS,1.039761,222.8,214.28
2026-04-03,STERTOOLS,0.89932,181.06,201.33
2026-04-14,STERTOOLS,1.042329,237.38,227.74
2026-05-01,STERTOOLS,1.04818,254.54,242.84
2026-06-26,STERTOOLS,1.0744,269.61,250.94
2025-10-22,STLNETWORK,0.970874,27.0,27.81
2025-12-25,STLNETWORK,1.026021,22.87,22.29
2026-01-26,STLNETWORK,1.043313,19.27,18.47
2026-03-03,STLNETWORK,1.032016,20.63,19.99
2026-03-31,STLNETWORK,1.045854,16.65,15.92
2026-04-03,STLNETWORK,0.929947,17.39,18.7
2026-04-14,STLNETWORK,0.974794,21.27,21.82
2026-05-01,STLNETWORK,1.025216,28.46,27.76
2026-05-28,STLNETWORK,0.952644,27.56,28.93
2026-06-26,STLNETWORK,1.02055,27.81,27.25
2026-01-26,STLTECH,1.055662,93.31,88.39
2026-02-02,STLTECH,1.065726,113.34,106.35
2026-03-03,STLTECH,0.92305,159.18,172.45
2026-03-26,STLTECH,0.934538,180.02,192.63
2026-03-31,STLTECH,1.055398,186.13,176.36
2026-04-03,STLTECH,1.020525,181.48,177.83
2026-04-14,STLTECH,0.952385,231.22,242.78
2026-05-28,STLTECH,0.952414,486.35,510.65
2026-06-26,STLTECH,0.952393,584.15,613.35
2025-11-05,STOVEKRAFT,1.020879,723.65,708.85
2025-12-25,STOVEKRAFT,1.033347,608.9,589.25
2026-02-02,STOVEKRAFT,0.968465,477.55,493.1
2026-03-31,STOVEKRAFT,1.049504,475.95,453.5
2026-04-14,STOVEKRAFT,0.972302,559.9,575.85
2026-05-28,STOVEKRAFT,0.933069,565.3,605.85
2026-03-31,STRIDERS,0.952756,60.5,63.5
2026-04-03,STRIDERS,0.96875,62.0,64.0
2026-05-28,STRIDERS,1.031746,52.0,50.4
2026-01-26,STUDDS,1.036571,514.45,496.3
2026-03-31,STUDDS,1.034871,464.45,448.8
2026-05-28,STUDDS,0.976343,458.1,469.2
2025-10-22,STUDIOLSD,0.969072,18.8,19.4
2025-11-05,STUDIOLSD,1.02514,18.35,17.9
2026-03-03,STUDIOLSD,0.97561,10.0,10.25
2026-03-26,STUDIOLSD,1.026596,9.65,9.4
2026-03-31,STUDIOLSD,1.168919,8.65,7.4
2026-04-14,STUDIOLSD,0.917808,13.4,14.6
2026-05-28,STUDIOLSD,1.052632,11.0,10.45
2025-10-22,STYL,0.977925,376.55,385.05
2026-02-02,STYL,0.969422,241.58,249.2
2026-03-26,STYL,0.976347,221.25,226.61
2026-03-31,STYL,1.032046,219.96,213.13
2026-04-03,STYL,0.979085,224.7,229.5
2025-10-22,STYLAMIND,0.971514,1889.4,1944.8
2025-10-22,STYLEBAAZA,0.968418,323.5,334.05
2025-11-05,STYLEBAAZA,0.969369,322.8,333.0
2026-01-26,STYLEBAAZA,0.979827,327.85,334.6
2026-02-02,STYLEBAAZA,0.973551,316.55,325.15
2026-03-03,STYLEBAAZA,1.041645,305.15,292.95
2026-03-31,STYLEBAAZA,1.052767,287.3,272.9
2026-04-03,STYLEBAAZA,0.976617,294.45,301.5
2026-05-01,STYLEBAAZA,0.978515,380.3,388.65
2026-05-28,STYLEBAAZA,1.040575,351.35,337.65
2026-06-26,STYLEBAAZA,1.052519,294.6,279.9
2025-10-22,STYRENIX,0.942747,2422.2,2569.3
2026-04-14,STYRENIX,0.930868,2000.9,2149.5
2025-10-22,SUBAHOTELS,0.97863,190.05,194.2
2025-12-25,SUBAHOTELS,1.026289,152.25,148.35
2026-01-15,SUBAHOTELS,1.025907,128.7,125.45
2026-02-02,SUBAHOTELS,0.966766,113.45,117.35
2026-03-03,SUBAHOTELS,1.066803,130.15,122.0
2026-03-31,SUBAHOTELS,1.079742,109.0,100.95
2026-04-03,SUBAHOTELS,0.976449,107.8,110.4
2026-04-14,SUBAHOTELS,0.970081,126.45,130.35
2026-05-28,SUBAHOTELS,1.022374,134.8,131.85
2025-10-22,SUBEXLTD,0.977358,12.95,13.25
2026-01-26,SUBEXLTD,1.047671,9.67,9.23
2026-02-02,SUBEXLTD,1.029095,9.55,9.28
2026-03-03,SUBEXLTD,1.046857,9.16,8.75
2026-03-31,SUBEXLTD,1.052395,7.03,6.68
2026-04-03,SUBEXLTD,0.950318,7.46,7.85
2026-05-01,SUBEXLTD,1.023555,9.56,9.34
2025-10-22,SUBROS,0.954347,1026.4,1075.5
2025-11-05,SUBROS,1.023222,1066.3,1042.1
2026-01-26,SUBROS,1.043011,777.2,745.15
2026-02-02,SUBROS,0.955613,772.9,808.8
2026-03-03,SUBROS,1.053051,792.0,752.1
2026-03-26,SUBROS,0.975846,670.65,687.25
2026-03-31,SUBROS,1.02747,652.7,635.25
2026-01-26,SUDARCOLOR,0.955507,325.35,340.5
2026-03-03,SUDARCOLOR,1.032772,343.5,332.6
2026-03-26,SUDARCOLOR,0.974228,294.85,302.65
2026-03-31,SUDARCOLOR,1.032691,281.15,272.25
2026-04-03,SUDARCOLOR,0.954464,294.5,308.55
2026-05-28,SUDARCOLOR,0.979838,374.2,381.9
2025-12-25,SUDARSCHEM,1.028841,981.0,953.5
2026-03-03,SUDARSCHEM,1.021422,877.35,858.95
2026-03-31,SUDARSCHEM,1.022806,764.65,747.6
2026-04-03,SUDARSCHEM,1.021189,778.35,762.2
2026-05-01,SUDARSCHEM,0.971236,888.05,914.35
2026-05-28,SUDARSCHEM,1.024825,1003.15,978.85
2025-12-25,SUDEEPPHRM,1.031093,648.3,628.75
2026-01-26,SUDEEPPHRM,0.965591,541.6,560.9
2026-02-02,SUDEEPPHRM,0.974965,593.9,609.15
2026-03-03,SUDEEPPHRM,1.071165,638.95,596.5
2026-03-31,SUDEEPPHRM,1.024302,606.95,592.55
2026-05-01,SUDEEPPHRM,0.979153,692.8,707.55
2026-05-28,SUDEEPPHRM,1.0332,697.1,674.7
2026-06-26,SUDEEPPHRM,1.051594,850.95,809.2
2025-12-25,SUKHJITS,0.938605,155.02,165.16
2026-01-15,SUKHJITS,0.968515,177.8,183.58
2026-01-26,SUKHJITS,1.038596,178.14,171.52
2026-03-03,SUKHJITS,1.098519,216.65,197.22
2026-03-31,SUKHJITS,0.910586,140.64,154.45
2026-05-28,SUKHJITS,1.026787,204.31,198.98
2025-12-25,SULA,0.963046,216.04,224.33
2026-03-03,SULA,1.041058,171.15,164.4
2026-03-31,SULA,1.072556,149.45,139.34
2026-06-26,SUMEET-RE,1.155116,3.5,3.03
2025-10-22,SUMEETINDS,0.974352,37.99,38.99
2025-11-05,SUMEETINDS,1.037759,34.08,32.84
2025-12-25,SUMEETINDS,1.020408,31.5,30.87
2026-01-26,SUMEETINDS,1.024787,27.7,27.03
2026-02-02,SUMEETINDS,1.029658,27.08,26.3
2026-03-31,SUMEETINDS,0.970995,28.79,29.65
2026-05-28,SUMEETINDS,1.031729,28.94,28.05
2026-01-15,SUMICHEM,1.027197,441.9,430.2
2026-01-26,SUMICHEM,1.049182,439.45,418.85
2026-03-26,SUMICHEM,0.979589,379.15,387.05
2026-03-31,SUMICHEM,1.027987,374.65,364.45
2026-05-01,SUMICHEM,1.041155,436.4,419.15
2026-06-26,SUMICHEM,1.024696,446.05,435.3
2025-10-22,SUMIT,0.952088,85.25,89.54
2025-11-05,SUMIT,1.021152,87.38,85.57
2025-12-25,SUMIT,0.964515,69.04,71.58
2026-01-26,SUMIT,1.049276,52.17,49.72
2026-02-02,SUMIT,0.896689,47.39,52.85
2026-03-03,SUMIT,0.960912,38.35,39.91
2026-03-26,SUMIT,0.918043,43.91,47.83
2026-03-31,SUMIT,1.064343,49.46,46.47
2026-05-01,SUMIT,1.03311,55.54,53.76
2026-05-28,SUMIT,1.028805,45.36,44.09
2026-01-26,SUMMITSEC,1.036066,1738.0,1677.5
2026-02-02,SUMMITSEC,0.963298,1703.4,1768.3
2026-03-03,SUMMITSEC,1.044627,1664.3,1593.2
2026-03-26,SUMMITSEC,0.968774,1411.6,1457.1
2026-03-31,SUMMITSEC,1.040188,1371.8,1318.8
2026-05-01,SUMMITSEC,1.033019,1611.2,1559.7
2025-11-05,SUNCLAY,0.971638,1521.1,1565.5
2026-01-26,SUNCLAY,1.051932,1219.4,1159.2
2026-03-03,SUNCLAY,1.026202,1421.7,1385.4
2026-03-26,SUNCLAY,0.93805,1300.7,1386.6
2026-03-31,SUNCLAY,1.076329,1283.2,1192.2
2026-05-01,SUNCLAY,0.96136,1368.4,1423.4
2025-10-22,SUNDARAM,0.952381,1.8,1.89
2026-03-03,SUNDARAM,1.110294,1.51,1.36
2026-03-26,SUNDARAM,0.967742,1.2,1.24
2026-03-31,SUNDARAM,1.053571,1.18,1.12
2026-01-15,SUNDARMFIN,1.022271,5164.0,5051.5
2026-02-02,SUNDARMFIN,0.939371,4958.0,5278.0
2026-03-03,SUNDARMFIN,1.039332,5509.5,5301.0
2026-03-26,SUNDARMFIN,0.975351,4649.5,4767.0
2026-03-31,SUNDARMFIN,1.04708,4581.5,4375.5
2026-04-14,SUNDARMFIN,1.026855,4932.5,4803.5
2026-05-01,SUNDARMFIN,1.021258,4631.2,4534.8
2025-11-05,SUNDRMBRAK,0.96716,780.45,806.95
2025-12-25,SUNDRMBRAK,0.978236,685.45,700.7
2026-01-15,SUNDRMBRAK,1.020953,648.05,634.75
2026-01-26,SUNDRMBRAK,1.040832,618.15,593.9
2026-03-03,SUNDRMBRAK,1.03595,605.15,584.15
2026-03-31,SUNDRMBRAK,1.066552,496.0,465.05
2026-05-28,SUNDRMBRAK,0.953156,726.4,762.1
2026-01-26,SUNDRMFAST,1.024053,932.4,910.5
2026-02-02,SUNDRMFAST,0.978268,931.8,952.5
2026-03-03,SUNDRMFAST,1.030935,873.15,846.95
2026-06-26,SUNDRMFAST,0.97056,901.65,929.0
2025-10-22,SUNDROP,0.963465,750.25,778.7
2026-03-31,SUNDROP,1.05456,591.45,560.85
2026-02-02,SUNFLAG,0.978853,239.77,244.95
2026-03-26,SUNFLAG,0.967804,211.62,218.66
2026-03-31,SUNFLAG,1.045492,202.93,194.1
2025-11-05,SUNLITE,0.968272,218.2,225.35
2026-01-15,SUNLITE,0.952495,376.95,395.75
2026-01-26,SUNLITE,1.024489,343.05,334.85
2026-02-02,SUNLITE,0.951163,372.0,391.1
2026-03-31,SUNLITE,0.938567,340.7,363.0
2026-04-03,SUNLITE,1.021409,376.9,369.0
2026-04-14,SUNLITE,1.060003,399.25,376.65
2026-05-01,SUNLITE,1.052594,516.35,490.55
2026-05-28,SUNLITE,0.95746,463.65,484.25
2026-03-26,SUNPHARMA,0.976551,1753.3,1795.4
2026-03-31,SUNPHARMA,1.020715,1793.6,1757.2
2026-04-03,SUNPHARMA,1.020607,1728.5,1693.6
2025-10-22,SUNREST,1.034091,45.5,44.0
2025-11-05,SUNREST,1.053763,49.0,46.5
2026-01-15,SUNREST,1.07362,35.0,32.6
2026-01-26,SUNREST,0.924242,30.5,33.0
2026-03-26,SUNREST,0.944056,40.5,42.9
2026-04-14,SUNREST,0.975676,36.1,37.0
2026-04-03,SUNREST-RE,1.666667,2.5,1.5
2026-04-14,SUNREST-RE,1.111111,0.5,0.45
2025-12-25,SUNTECH,0.979499,43.0,43.9
2026-01-15,SUNTECH,1.031447,41.0,39.75
2026-01-26,SUNTECH,1.091181,36.5,33.45
2026-02-02,SUNTECH,1.039548,36.8,35.4
2026-03-03,SUNTECH,1.044737,39.7,38.0
2026-03-26,SUNTECH,0.923193,30.65,33.2
2026-03-31,SUNTECH,1.028302,32.7,31.8
2026-04-14,SUNTECH,0.955689,39.9,41.75
2026-05-01,SUNTECH,1.048429,40.05,38.2
2026-05-28,SUNTECH,0.975,39.0,40.0
2026-01-26,SUNTECK,1.051799,388.85,369.7
2026-03-03,SUNTECK,1.0257,401.1,391.05
2026-03-31,SUNTECK,1.046669,285.95,273.2
2026-04-03,SUNTECK,0.970883,295.1,303.95
2026-05-01,SUNTECK,1.04335,355.0,340.25
2026-01-26,SUNTV,0.978544,551.85,563.95
2026-03-03,SUNTV,1.035329,647.65,625.55
2026-03-31,SUNTV,1.033601,586.0,566.95
2026-04-03,SUNTV,0.978248,582.4,595.35
2026-04-14,SUNTV,0.968426,598.1,617.6
2026-05-01,SUNTV,0.968048,586.25,605.6
2026-05-28,SUNTV,0.961591,493.2,512.9
2026-01-26,SUPERHOUSE,1.03054,142.06,137.85
2026-03-03,SUPERHOUSE,1.051733,155.32,147.68
2026-03-31,SUPERHOUSE,1.025336,134.36,131.04
2026-04-14,SUPERHOUSE,1.030145,153.78,149.28
2026-06-26,SUPERHOUSE,0.966424,154.28,159.64
2026-01-15,SUPERSPIN,0.977995,8.0,8.18
2026-02-02,SUPERSPIN,0.959494,7.58,7.9
2026-03-03,SUPERSPIN,1.032258,6.4,6.2
2026-03-31,SUPERSPIN,1.046512,4.05,3.87
2026-04-03,SUPERSPIN,0.96347,4.22,4.38
2026-05-01,SUPERSPIN,0.974638,5.38,5.52
2026-06-26,SUPERSPIN,0.952381,5.2,5.46
2025-11-05,SUPRAJIT,1.025382,456.5,445.2
2026-01-26,SUPRAJIT,1.04506,433.7,415.0
2026-02-02,SUPRAJIT,0.972142,437.95,450.5
2026-03-26,SUPRAJIT,0.977464,401.2,410.45
2026-03-31,SUPRAJIT,1.035866,414.45,400.1
2026-04-03,SUPRAJIT,1.02527,421.95,411.55
2026-04-14,SUPRAJIT,1.06086,436.65,411.6
2026-01-15,SUPREME,0.919173,62.66,68.17
2026-01-26,SUPREME,1.056301,59.85,56.66
2026-02-02,SUPREME,1.029807,59.77,58.04
2026-03-03,SUPREME,1.023831,55.85,54.55
2026-03-26,SUPREME,1.026194,50.93,49.63
2026-03-31,SUPREME,1.125891,50.53,44.88
2026-04-03,SUPREME,1.081423,53.79,49.74
2026-04-14,SUPREME,1.021394,57.29,56.09
2026-06-26,SUPREME,1.052068,50.11,47.63
2025-12-25,SUPREMEENG,1.044248,1.18,1.13
2026-03-03,SUPREMEENG,1.052083,1.01,0.96
2026-03-26,SUPREMEENG,1.048544,1.08,1.03
2026-03-31,SUPREMEENG,1.042553,0.98,0.94
2026-04-14,SUPREMEENG,0.955357,1.07,1.12
2026-05-01,SUPREMEENG,0.962617,1.03,1.07
2026-05-28,SUPREMEENG,1.021053,0.97,0.95
2026-03-26,SUPREMEIND,0.979749,3754.4,3832.0
2026-06-26,SUPREMEIND,1.040475,3560.4,3421.9
2025-10-22,SUPREMEINF,1.029196,103.99,101.04
2025-11-05,SUPREMEINF,1.034254,91.79,88.75
2025-12-25,SUPREMEINF,1.035451,88.5,85.47
2026-03-03,SUPREMEINF,1.02803,83.62,81.34
2026-03-26,SUPREMEINF,1.033648,65.74,63.6
2026-03-31,SUPREMEINF,1.052604,61.23,58.17
2026-05-01,SUPREMEINF,1.033368,79.9,77.32
2026-06-26,SUPREMEINF,1.024828,73.06,71.29
2026-01-26,SUPREMEPWR,1.04795,150.8,143.9
2026-03-03,SUPREMEPWR,1.048609,148.85,141.95
2026-03-31,SUPREMEPWR,1.039617,157.45,151.45
2026-04-03,SUPREMEPWR,0.961109,159.4,165.85
2026-04-14,SUPREMEPWR,0.890606,181.55,203.85
2026-01-26,SUPRIYA,1.043642,747.3,716.05
2026-03-03,SUPRIYA,1.030522,655.0,635.6
2026-03-26,SUPRIYA,0.952329,564.35,592.6
2026-03-31,SUPRIYA,1.045649,587.55,561.9
2026-05-28,SUPRIYA,0.96742,780.95,807.25
2026-06-26,SUPRIYA,1.026774,953.0,928.15
2025-10-22,SURAJEST,0.974619,268.8,275.8
2025-12-25,SURAJEST,1.024023,245.1,239.35
2026-01-26,SURAJEST,1.060484,223.55,210.8
2026-03-03,SURAJEST,1.025067,219.19,213.83
2026-04-03,SURAJEST,0.976977,186.71,191.11
2026-05-01,SURAJEST,1.024242,239.14,233.48
2025-10-22,SURAJLTD,1.035093,345.1,333.4
2026-01-15,SURAJLTD,1.034734,241.0,232.91
2026-01-26,SURAJLTD,1.049249,231.37,220.51
2026-02-02,SURAJLTD,0.972799,217.44,223.52
2026-03-03,SURAJLTD,1.021182,225.62,220.94
2026-04-03,SURAJLTD,1.046791,258.39,246.84
2026-04-14,SURAJLTD,0.932268,242.11,259.7
2026-05-28,SURAJLTD,0.975081,228.52,234.36
2025-10-22,SURAKSHA,0.971157,301.35,310.3
2025-11-05,SURAKSHA,0.977473,316.75,324.05
2026-03-26,SURAKSHA,1.032226,256.25,248.25
2026-03-31,SURAKSHA,1.033341,235.55,227.95
2026-05-28,SURAKSHA,1.020373,295.5,289.6
2025-12-25,SURANASOL,0.97931,26.98,27.55
2026-01-26,SURANASOL,0.956377,23.02,24.07
2026-02-02,SURANASOL,1.039847,24.53,23.59
2026-03-03,SURANASOL,1.078774,22.87,21.2
2026-03-31,SURANASOL,1.073482,20.16,18.78
2025-12-25,SURANAT&P,0.950237,20.05,21.1
2026-01-26,SURANAT&P,1.047066,18.02,17.21
2026-03-03,SURANAT&P,1.044263,17.93,17.17
2026-03-31,SURANAT&P,1.026065,16.14,15.73
2025-10-22,SURANI,0.895652,82.4,92.0
2025-12-25,SURANI,1.048035,60.0,57.25
2026-01-26,SURANI,0.952534,59.2,62.15
2026-02-02,SURANI,1.026917,62.95,61.3
2026-03-26,SURANI,0.914511,81.3,88.9
2026-03-31,SURANI,0.909441,94.4,103.8
2026-05-28,SURANI,1.051165,126.35,120.2
2026-06-26,SURANI,0.974265,106.0,108.8
2026-05-28,SURYALA,0.833333,389.0,466.8
2026-06-26,SURYALA,1.023261,457.5,447.1
2025-12-25,SURYALAXMI,0.972654,56.91,58.51
2026-03-03,SURYALAXMI,1.047325,55.99,53.46
2026-03-31,SURYALAXMI,1.077012,46.43,43.11
2026-05-01,SURYALAXMI,0.97981,57.75,58.94
2026-05-28,SURYALAXMI,0.967355,57.19,59.12
2026-01-26,SURYAROSNI,1.038429,245.9,236.8
2026-03-31,SURYAROSNI,1.046257,196.78,188.08
2026-04-03,SURYAROSNI,0.957358,208.12,217.39
2026-05-01,SURYAROSNI,0.965856,241.58,250.12
2026-05-28,SURYAROSNI,0.979781,232.6,237.4
2025-12-25,SURYODAY,1.026898,144.31,140.53
2026-01-26,SURYODAY,1.051529,139.58,132.74
2026-03-03,SURYODAY,1.055458,132.08,125.14
2026-03-26,SURYODAY,0.977115,125.53,128.47
2026-03-31,SURYODAY,1.077033,127.93,118.78
2026-05-28,SURYODAY,0.974487,161.57,165.8
2026-01-26,SUTLEJTEX,1.029412,27.65,26.86
2026-03-03,SUTLEJTEX,1.028834,31.4,30.52
2026-03-31,SUTLEJTEX,1.069479,25.86,24.18
2026-04-03,SUTLEJTEX,0.965492,26.86,27.82
2026-04-14,SUTLEJTEX,0.930964,31.69,34.04
2026-05-01,SUTLEJTEX,1.045195,40.24,38.5
2026-06-26,SUTLEJTEX,1.038627,38.72,37.28
2025-10-22,SUVEN,0.97048,191.66,197.49
2025-11-05,SUVEN,1.037555,204.72,197.31
2025-12-25,SUVEN,1.022015,171.3,167.61
2026-01-26,SUVEN,1.028343,137.87,134.07
2026-02-02,SUVEN,1.048792,139.29,132.81
2026-03-03,SUVEN,1.028734,146.07,141.99
2026-03-26,SUVEN,0.964667,129.14,133.87
2026-04-03,SUVEN,0.933338,147.43,157.96
2026-04-14,SUVEN,1.026891,195.52,190.4
2026-05-01,SUVEN,1.025722,217.33,211.88
2026-05-28,SUVEN,1.025379,273.93,267.15
2026-06-26,SUVEN,0.95304,254.7,267.25
2026-03-03,SUVIDHAA,1.052632,3.0,2.85
2026-03-26,SUVIDHAA,0.957854,2.5,2.61
2026-03-31,SUVIDHAA,1.132743,2.56,2.26
2026-04-14,SUVIDHAA,1.069182,3.4,3.18
2026-05-01,SUVIDHAA,1.037801,3.02,2.91
2025-11-05,SUYOG,1.024546,755.5,737.4
2025-12-25,SUYOG,1.029414,633.45,615.35
2026-01-15,SUYOG,1.021895,555.4,543.5
2026-03-03,SUYOG,1.023696,708.5,692.1
2026-03-26,SUYOG,0.967515,612.05,632.6
2026-03-31,SUYOG,0.977456,600.5,614.35
2026-04-03,SUYOG,0.954842,636.45,666.55
2025-10-22,SUZLON,0.979882,53.09,54.18
2026-01-26,SUZLON,1.028228,46.99,45.7
2026-02-02,SUZLON,0.968534,46.17,47.67
2026-03-03,SUZLON,1.042002,42.67,40.95
2026-03-26,SUZLON,0.970901,41.04,42.27
2026-03-31,SUZLON,1.03185,40.82,39.56
2026-05-01,SUZLON,1.02213,56.81,55.58
2026-05-28,SUZLON,0.948722,54.58,57.53
2026-03-31,SVLL,1.020213,489.6,479.9
2026-04-03,SVLL,0.973699,505.35,519.0
2026-04-14,SVLL,0.97155,572.0,588.75
2026-05-01,SVLL,0.978748,584.9,597.6
2026-05-28,SVLL,0.976973,560.05,573.25
2026-06-26,SVLL,0.965355,686.85,711.5
2025-10-22,SVPGLOB,0.956403,3.51,3.67
2025-11-05,SVPGLOB,1.022409,3.65,3.57
2026-02-02,SVPGLOB,1.033113,3.12,3.02
2026-03-31,SVPGLOB,1.071429,2.4,2.24
2026-05-01,SVPGLOB,1.024862,3.71,3.62
2025-11-05,SWANCORP,1.036923,471.8,455.0
2026-01-26,SWANCORP,0.978049,401.0,410.0
2026-02-02,SWANCORP,0.964781,406.8,421.65
2026-03-03,SWANCORP,1.036876,382.4,368.8
2026-03-31,SWANCORP,1.033167,309.95,300.0
2026-04-03,SWANCORP,1.02467,321.9,314.15
2026-05-01,SWANCORP,1.028554,344.0,334.45
2026-06-26,SWANCORP,1.020267,324.7,318.25
2025-11-05,SWANDEF,0.952396,773.25,811.9
2026-03-03,SWANDEF,0.954586,1700.5,1781.4
2026-03-26,SWANDEF,1.052614,1856.6,1763.8
2026-03-31,SWANDEF,1.052612,1676.6,1592.8
2026-04-03,SWANDEF,0.974779,1584.6,1625.6
2026-04-14,SWANDEF,1.025197,1851.3,1805.8
2026-05-28,SWANDEF,0.97574,1914.5,1962.1
2026-06-26,SWANDEF,0.967277,2143.1,2215.6
2025-11-05,SWARAJ,0.93687,195.15,208.3
2026-02-02,SWARAJ,0.977442,268.65,274.85
2026-03-31,SWARAJ,1.028354,277.45,269.8
2026-05-28,SWARAJ,1.067537,261.6,245.05
2026-06-26,SWARAJ,0.922414,246.1,266.8
2026-03-03,SWARAJENG,1.029818,3595.3,3491.2
2026-03-26,SWARAJENG,0.978378,3434.4,3510.3
2026-03-31,SWARAJENG,1.035994,3428.0,3308.9
2026-04-03,SWARAJENG,0.965488,3421.4,3543.7
2025-11-05,SWASTIK,0.972713,30.3,31.15
2025-12-25,SWASTIK,0.965739,22.55,23.35
2026-03-03,SWASTIK,1.02719,17.0,16.55
2026-03-26,SWASTIK,0.977918,15.5,15.85
2026-03-31,SWASTIK,1.073077,13.95,13.0
2026-04-14,SWASTIK,1.045455,18.4,17.6
2026-05-01,SWASTIK,0.977477,21.7,22.2
2026-06-26,SWASTIK,1.050279,18.8,17.9
2026-01-26,SWELECTES,1.03905,540.15,519.85
2026-03-26,SWELECTES,1.059122,553.55,522.65
2026-05-28,SWELECTES,0.940105,611.35,650.3
2025-10-22,SWIGGY,0.976394,421.9,432.1
2025-11-05,SWIGGY,0.97363,402.45,413.35
2026-01-26,SWIGGY,1.027426,320.3,311.75
2026-03-03,SWIGGY,1.044118,301.75,289.0
2026-03-31,SWIGGY,1.032686,268.55,260.05
2026-04-03,SWIGGY,0.963501,265.3,275.35
2026-04-14,SWIGGY,1.040878,275.0,264.2
2026-05-28,SWIGGY,0.938112,253.9,270.65
2025-10-22,SWSOLAR,0.975484,224.81,230.46
2026-01-15,SWSOLAR,1.022919,202.63,198.09
2026-01-26,SWSOLAR,1.030767,190.63,184.94
2026-03-03,SWSOLAR,1.042162,197.99,189.98
2026-03-26,SWSOLAR,0.974196,162.72,167.03
2026-03-31,SWSOLAR,1.062265,158.15,148.88
2025-12-25,SYLVANPLY,0.970492,59.2,61.0
2026-03-03,SYLVANPLY,1.022222,46.0,45.0
2026-03-31,SYLVANPLY,1.07625,43.05,40.0
2026-04-03,SYLVANPLY,1.021739,47.0,46.0
2026-04-14,SYLVANPLY,1.132075,51.0,45.05
2026-02-02,SYMPHONY,0.976169,901.15,923.15
2026-03-26,SYMPHONY,0.968307,724.1,747.8
2026-03-31,SYMPHONY,1.037193,713.9,688.3
2026-04-14,SYMPHONY,1.020866,758.35,742.85
2026-01-26,SYNCOMF,1.025126,12.24,11.94
2026-02-02,SYNCOMF,1.040895,13.49,12.96
2026-03-03,SYNCOMF,1.038993,12.79,12.31
2026-03-31,SYNCOMF,1.062136,10.94,10.3
2026-05-28,SYNCOMF,1.025641,16.0,15.6
2026-01-26,SYNGENE,1.089739,592.6,543.8
2026-03-03,SYNGENE,1.024136,422.2,412.25
2026-03-26,SYNGENE,0.952478,398.85,418.75
2026-03-31,SYNGENE,1.065914,415.6,389.9
2026-05-01,SYNGENE,0.924089,432.15,467.65
2025-11-05,SYNOPTICS,0.955529,79.5,83.2
2025-12-25,SYNOPTICS,0.968939,63.95,66.0
2026-02-02,SYNOPTICS,0.950311,45.9,48.3
2026-03-03,SYNOPTICS,1.052632,58.0,55.1
2026-03-26,SYNOPTICS,1.037628,45.5,43.85
2026-03-31,SYNOPTICS,1.051702,41.7,39.65
2026-04-14,SYNOPTICS,0.952381,46.0,48.3
2026-05-28,SYNOPTICS,1.048454,50.85,48.5
2026-03-03,SYRMA,1.052345,822.25,781.35
2026-03-26,SYRMA,0.967166,790.9,817.75
2026-03-31,SYRMA,1.058337,818.2,773.1
2025-11-05,SYSTANGO,0.976205,240.0,245.85
2025-12-25,SYSTANGO,1.021219,322.45,315.75
2026-01-26,SYSTANGO,1.031115,286.65,278.0
2026-03-03,SYSTANGO,1.061174,257.6,242.75
2026-03-26,SYSTANGO,0.968921,247.85,255.8
2026-03-31,SYSTANGO,1.025205,237.95,232.1
2026-04-03,SYSTANGO,0.972058,247.0,254.1
2026-04-14,SYSTANGO,1.021956,276.95,271.0
2026-06-26,SYSTANGO,0.973877,225.55,231.6
2025-10-22,SYSTMTXC,0.977945,164.95,168.67
2025-11-05,SYSTMTXC,0.962598,160.34,166.57
2026-01-15,SYSTMTXC,1.02278,105.96,103.6
2026-01-26,SYSTMTXC,1.118731,91.68,81.95
2026-03-03,SYSTMTXC,1.031579,75.46,73.15
2026-03-26,SYSTMTXC,0.970551,60.64,62.48
2026-03-31,SYSTMTXC,1.082431,56.99,52.65
2026-04-03,SYSTMTXC,0.919065,57.8,62.89
2026-04-14,SYSTMTXC,1.034143,74.51,72.05
2026-05-01,SYSTMTXC,1.052557,74.3,70.59
2026-05-28,SYSTMTXC,0.972037,64.31,66.16
2026-06-26,SYSTMTXC,1.022229,64.38,62.98
2026-05-28,TAALTECH,0.962297,3190.4,3315.4
2026-06-26,TAALTECH,1.068083,3409.0,3191.7
2026-01-15,TAC,0.948746,699.7,737.5
2026-03-03,TAC,0.971116,381.6,392.95
2026-03-26,TAC,0.960267,416.9,434.15
2026-03-31,TAC,1.0518,419.3,398.65
2026-04-03,TAC,0.909091,438.5,482.35
2026-04-14,TAC,1.042291,566.85,543.85
2026-06-26,TAC,1.024807,398.65,389.0
2026-02-02,TAINWALCHM,0.954986,172.27,180.39
2026-03-03,TAINWALCHM,1.090445,209.18,191.83
2026-05-01,TAINWALCHM,1.032114,207.94,201.47
2026-05-28,TAINWALCHM,0.976619,201.33,206.15
2026-01-26,TAJGVK,1.043161,372.2,356.8
2026-03-03,TAJGVK,1.036253,357.3,344.8
2026-03-26,TAJGVK,0.936221,292.85,312.8
2026-05-01,TAJGVK,0.970507,315.9,325.5
2025-10-22,TAKE,0.952739,21.57,22.64
2025-11-05,TAKE,0.95266,22.74,23.87
2026-01-26,TAKE,1.038703,39.72,38.24
2026-02-02,TAKE,1.027443,42.68,41.54
2026-03-03,TAKE,1.052605,42.22,40.11
2026-05-01,TAKE,1.020379,43.56,42.69
2026-06-26,TAKE,1.036759,29.05,28.02
2026-01-15,TALBROAUTO,0.965205,266.3,275.9
2026-01-26,TALBROAUTO,1.025979,252.75,246.35
2026-03-03,TALBROAUTO,1.024467,259.6,253.4
2026-03-26,TALBROAUTO,0.93784,224.05,238.9
2026-05-01,TALBROAUTO,0.964587,320.87,332.65
2026-06-26,TALBROAUTO,0.949938,386.15,406.5
2026-05-01,TAMBOLIIN,1.034655,155.25,150.05
2026-05-28,TAMBOLIIN,1.034358,179.43,173.47
2026-06-26,TAMBOLIIN,0.951554,214.68,225.61
2026-01-26,TANKUP,1.052607,665.3,632.05
2026-03-03,TANKUP,1.020339,511.7,501.5
2026-03-31,TANKUP,1.049248,418.65,399.0
2026-04-03,TANKUP,0.952592,418.95,439.8
2026-05-28,TANKUP,0.957082,702.45,733.95
2026-01-15,TANLA,1.030306,498.05,483.4
2026-01-26,TANLA,0.932017,448.3,481.0
2026-03-03,TANLA,1.030461,455.0,441.55
2026-03-31,TANLA,1.055637,398.45,377.45
2026-04-14,TANLA,1.02967,475.45,461.75
2026-05-01,TANLA,1.054693,539.95,511.95
2026-01-26,TAPIFRUIT,0.9375,60.0,64.0
2026-03-03,TAPIFRUIT,1.052632,60.0,57.0
2026-03-31,TAPIFRUIT,1.051237,59.5,56.6
2026-05-01,TAPIFRUIT,0.967213,56.05,57.95
2026-05-28,TAPIFRUIT,1.032609,57.0,55.2
2025-10-22,TARACHAND,0.961534,87.24,90.73
2025-11-05,TARACHAND,1.03394,87.43,84.56
2026-03-03,TARACHAND,1.024448,60.76,59.31
2026-03-26,TARACHAND,0.958419,55.78,58.2
2026-04-03,TARACHAND,0.967193,56.31,58.22
2026-04-14,TARACHAND,1.026781,63.26,61.61
2026-05-01,TARACHAND,1.02729,65.5,63.76
2026-05-28,TARACHAND,1.031069,57.08,55.36
2026-06-26,TARACHAND,1.031338,58.91,57.12
2025-10-22,TARAPUR,1.05286,36.45,34.62
2026-02-02,TARAPUR,1.049751,29.54,28.14
2026-03-31,TARAPUR,1.052217,25.39,24.13
2026-05-01,TARAPUR,0.971205,23.61,24.31
2025-11-05,TARC,1.027166,161.83,157.55
2026-01-26,TARC,1.038454,162.03,156.03
2026-03-03,TARC,1.021262,146.5,143.45
2026-03-26,TARC,0.973766,119.52,122.74
2026-03-31,TARC,1.066493,119.01,111.59
2025-11-05,TARIL,1.061955,444.8,418.85
2026-01-15,TARIL,1.020308,271.3,265.9
2026-01-26,TARIL,1.040645,241.95,232.5
2026-03-31,TARIL,1.069982,272.15,254.35
2026-04-14,TARIL,0.966352,281.45,291.25
2026-05-01,TARIL,0.967983,323.5,334.2
2025-11-05,TARMAT,0.975502,50.97,52.25
2026-01-15,TARMAT,1.032486,54.03,52.33
2026-03-26,TARMAT,0.961207,53.52,55.68
2026-03-31,TARMAT,1.052496,53.13,50.48
2026-04-03,TARMAT,0.953308,52.88,55.47
2026-01-26,TARSONS,1.022346,203.59,199.14
2026-03-31,TARSONS,1.061096,176.63,166.46
2026-04-14,TARSONS,0.977621,196.58,201.08
2026-05-01,TARSONS,0.957894,210.66,219.92
2026-05-28,TARSONS,1.026514,220.68,214.98
2026-01-26,TASTYBITE,1.023437,7161.5,6997.5
2026-03-03,TASTYBITE,1.022293,7199.5,7042.5
2026-03-31,TASTYBITE,1.041718,6804.5,6532.0
2026-03-31,TATACAP,1.05,320.25,305.0
2026-05-01,TATACAP,0.975837,325.1,333.15
2026-05-28,TATACAP,1.021263,317.0,310.4
2026-06-26,TATACAP,0.973601,354.05,363.65
2026-01-26,TATACHEM,1.022635,729.65,713.5
2026-03-26,TATACHEM,0.972649,608.1,625.2
2026-03-31,TATACHEM,1.037891,605.35,583.25
2026-04-03,TATACHEM,0.930741,606.75,651.9
2026-04-14,TATACHEM,0.961399,689.9,717.6
2026-06-26,TATACHEM,0.976079,728.35,746.2
2026-02-02,TATACOMM,1.021904,1604.9,1570.5
2026-03-03,TATACOMM,1.034315,1597.5,1544.5
2026-03-26,TATACOMM,0.970686,1407.3,1449.8
2026-03-31,TATACOMM,1.037391,1398.3,1347.9
2026-05-28,TATACOMM,1.021611,2009.1,1966.6
2026-02-02,TATACONSUM,0.958903,1087.3,1133.9
2026-03-31,TATACONSUM,1.033209,1048.5,1014.8
2026-05-01,TATACONSUM,1.020444,1168.0,1144.6
2026-06-26,TATACONSUM,0.970653,1098.1,1131.3
2026-01-15,TATAELXSI,1.052316,5793.0,5505.0
2026-03-31,TATAELXSI,1.046321,4160.8,3976.6
2026-04-03,TATAELXSI,0.973074,4127.1,4241.3
2026-01-26,TATAGOLD,0.973896,14.55,14.94
2026-02-02,TATAGOLD,0.940393,14.83,15.77
2026-03-03,TATAGOLD,0.951204,15.4,16.19
2026-03-26,TATAGOLD,0.970651,13.56,13.97
2026-03-31,TATAGOLD,0.975248,13.79,14.14
2026-04-03,TATAGOLD,1.021201,14.45,14.15
2026-06-26,TATAGOLD,1.023704,13.82,13.5
2025-10-22,TATAINVEST,0.92,805.0,875.0
2026-01-26,TATAINVEST,1.026664,619.9,603.8
2026-02-02,TATAINVEST,0.970541,604.55,622.9
2026-03-03,TATAINVEST,1.027693,658.7,640.95
2026-03-31,TATAINVEST,1.048693,567.5,541.15
2026-04-14,TATAINVEST,0.933329,665.65,713.2
2026-01-26,TATAPOWER,1.023316,353.3,345.25
2026-02-02,TATAPOWER,0.967376,354.35,366.3
2026-03-03,TATAPOWER,1.024976,377.55,368.35
2026-04-14,TATAPOWER,0.975095,399.35,409.55
2026-01-15,TATASTEEL,0.964703,182.57,189.25
2026-02-02,TATASTEEL,0.959872,185.38,193.13
2026-03-26,TATASTEEL,0.970201,190.79,196.65
2026-05-01,TATASTEEL,1.021385,215.88,211.36
2026-01-15,TATATECH,1.021031,660.25,646.65
2026-03-26,TATATECH,0.975269,530.4,543.85
2026-03-31,TATATECH,1.059211,539.35,509.2
2025-10-22,TATSILV,1.020819,15.2,14.89
2025-12-25,TATSILV,0.964722,20.51,21.26
2026-01-15,TATSILV,0.942687,25.33,26.87
2026-01-26,TATSILV,0.949359,28.12,29.62
2026-02-02,TATSILV,0.900229,27.52,30.57
2026-03-03,TATSILV,0.920675,25.65,27.86
2026-03-26,TATSILV,0.968304,21.69,22.4
2026-03-31,TATSILV,0.979945,21.5,21.94
2026-04-03,TATSILV,1.039563,22.86,21.99
2026-06-26,TATSILV,1.030447,21.66,21.02
2025-11-05,TATVA,0.9243,1412.7,1528.4
2025-12-25,TATVA,1.027342,1394.0,1356.9
2026-01-26,TATVA,1.100813,1273.2,1156.6
2026-02-02,TATVA,0.94455,1090.2,1154.2
2026-03-03,TATVA,1.045369,1223.5,1170.4
2026-03-31,TATVA,1.0477,1102.6,1052.4
2026-06-26,TATVA,1.021597,1206.2,1180.7
2025-10-22,TAURIAN,0.973164,330.0,339.1
2026-02-02,TAURIAN,0.972817,245.15,252.0
2026-03-31,TAURIAN,1.028283,203.6,198.0
2026-04-03,TAURIAN,0.967742,210.0,217.0
2026-05-01,TAURIAN,1.0307,263.55,255.7
2026-05-28,TAURIAN,1.037566,294.15,283.5
2025-10-22,TBI,0.976605,89.75,91.9
2025-12-25,TBI,0.906695,86.0,94.85
2026-01-26,TBI,1.027937,80.95,78.75
2026-02-02,TBI,0.968643,71.05,73.35
2026-03-03,TBI,1.022776,71.85,70.25
2026-03-26,TBI,0.969497,58.8,60.65
2026-03-31,TBI,1.024201,59.25,57.85
2026-04-14,TBI,0.943051,69.55,73.75
2026-05-01,TBI,1.041667,70.0,67.2
2026-05-28,TBI,0.978836,64.75,66.15
2026-06-26,TBI,1.033205,66.9,64.75
2025-11-05,TBOTEK,0.94185,1496.6,1589.0
2026-03-03,TBOTEK,1.042702,1225.8,1175.6
2026-03-26,TBOTEK,0.971478,1059.3,1090.4
2026-03-31,TBOTEK,1.044831,1104.7,1057.3
2026-01-26,TBZ,1.032491,168.74,163.43
2026-02-02,TBZ,0.960336,154.23,160.6
2026-03-03,TBZ,1.040028,147.06,141.4
2026-03-31,TBZ,1.065465,118.81,111.51
2026-06-26,TBZ,1.02052,189.48,185.67
2026-03-03,TCC,1.041099,447.1,429.45
2026-03-26,TCC,0.948663,352.95,372.05
2026-03-31,TCC,1.067098,346.7,324.9
2026-05-01,TCC,0.974487,381.95,391.95
2026-02-02,TCI,1.029605,1095.5,1064.0
2026-03-03,TCI,1.028358,1004.5,976.8
2026-03-26,TCI,0.974321,914.4,938.5
2026-03-31,TCI,1.020693,942.1,923.0
2026-04-03,TCI,0.893403,929.05,1039.9
2026-04-14,TCI,1.03048,1012.55,982.6
2026-02-02,TCIEXP,0.970263,526.95,543.1
2026-03-03,TCIEXP,1.051127,545.85,519.3
2026-04-03,TCIEXP,0.957097,474.05,495.3
2026-04-14,TCIEXP,1.044645,545.2,521.9
2026-06-26,TCIEXP,1.154308,615.65,533.35
2025-12-25,TCIFINANCE,0.952487,21.45,22.52
2026-01-15,TCIFINANCE,1.052614,31.41,29.84
2026-01-26,TCIFINANCE,1.052368,23.11,21.96
2026-02-02,TCIFINANCE,0.950455,18.8,19.78
2026-03-03,TCIFINANCE,1.052455,15.65,14.87
2026-03-31,TCIFINANCE,1.042298,13.06,12.53
2026-04-03,TCIFINANCE,1.034776,13.39,12.94
2026-04-14,TCIFINANCE,1.051799,14.62,13.9
2026-06-26,TCIFINANCE,1.052348,19.5,18.53
2025-10-22,TCL,0.97219,124.1,127.65
2025-11-05,TCL,1.0292,128.65,125.0
2026-01-15,TCL,1.042017,93.0,89.25
2026-02-02,TCL,0.964265,85.0,88.15
2026-03-03,TCL,1.032258,96.0,93.0
2026-03-31,TCL,1.125745,85.05,75.55
2026-04-03,TCL,0.974651,76.9,78.9
2026-04-14,TCL,0.96575,86.0,89.05
2026-05-28,TCL,0.979675,96.4,98.4
2026-01-26,TCPLPACK,1.026165,2714.0,2644.8
2026-03-26,TCPLPACK,0.952078,2286.7,2401.8
2026-03-31,TCPLPACK,1.033126,2354.7,2279.2
2026-04-03,TCPLPACK,1.030523,2390.4,2319.6
2026-06-26,TCPLPACK,0.972675,2915.4,2997.3
2026-01-15,TCS,1.023649,3268.0,3192.5
2026-02-02,TCS,1.020167,3186.9,3123.9
2026-04-14,TCS,1.020909,2524.3,2472.6
2026-03-26,TDPOWERSYS,0.971095,860.05,885.65
2026-05-28,TDPOWERSYS,1.026812,1367.2,1331.5
2025-11-05,TEAMGTY,0.962313,257.9,268.0
2025-12-25,TEAMGTY,0.952102,284.25,298.55
2026-02-02,TEAMGTY,1.070012,269.75,252.1
2026-03-26,TEAMGTY,0.949517,255.8,269.4
2026-03-31,TEAMGTY,1.026939,253.5,246.85
2026-04-03,TEAMGTY,0.976965,251.08,257.0
2026-04-14,TEAMGTY,1.025602,266.8,260.14
2026-06-26,TEAMGTY,1.036653,244.65,236.0
2026-01-26,TEAMLEASE,1.024687,1448.6,1413.7
2026-03-03,TEAMLEASE,1.020248,1219.4,1195.2
2026-03-31,TEAMLEASE,1.02809,1160.2,1128.5
2026-06-26,TEAMTECH,0.946524,97.35,102.85
2026-04-03,TECH,0.975937,32.04,32.83
2025-11-05,TECHD,0.952915,803.45,843.15
2026-01-15,TECHD,1.026777,621.2,605.0
2026-01-26,TECHD,1.022055,544.5,532.75
2026-03-03,TECHD,0.906302,378.2,417.3
2026-03-26,TECHD,1.022811,486.5,475.65
2026-03-31,TECHD,1.024489,443.45,432.85
2026-04-14,TECHD,1.054438,582.05,552.0
2026-06-26,TECHD,1.045961,633.8,605.95
2025-10-22,TECHERA,0.971885,280.0,288.1
2025-11-05,TECHERA,1.033607,289.1,279.7
2026-01-15,TECHERA,1.032484,198.65,192.4
2026-01-26,TECHERA,0.95378,178.5,187.15
2026-02-02,TECHERA,1.049912,238.75,227.4
2026-03-26,TECHERA,0.953387,196.35,205.95
2026-03-31,TECHERA,1.052491,197.5,187.65
2026-04-14,TECHERA,1.033521,201.95,195.4
2026-05-01,TECHERA,0.95319,207.7,217.9
2026-06-26,TECHERA,1.0526,177.1,168.25
2025-10-22,TECHLABS,0.973936,452.15,464.25
2025-11-05,TECHLABS,1.029618,455.4,442.3
2025-12-25,TECHLABS,0.952498,348.9,366.3
2026-01-26,TECHLABS,1.052632,239.0,227.05
2026-02-02,TECHLABS,1.039063,259.35,249.6
2026-03-31,TECHLABS,1.052565,167.2,158.85
2026-04-03,TECHLABS,0.952585,166.75,175.05
2026-05-28,TECHLABS,1.052499,208.5,198.1
2026-04-03,TECHM,0.974332,1404.5,1441.5
2025-11-05,TECHNOE,1.028313,1340.2,1303.3
2026-01-26,TECHNOE,1.025185,915.9,893.4
2026-02-02,TECHNOE,1.022165,996.1,974.5
2026-03-03,TECHNOE,1.020884,1173.2,1149.2
2026-03-26,TECHNOE,0.970776,1049.7,1081.3
2026-03-31,TECHNOE,1.047508,1031.9,985.1
2026-05-28,TECHNOE,1.119896,1201.2,1072.6
2025-11-05,TECILCHEM,1.04187,21.4,20.54
2025-12-25,TECILCHEM,1.043339,19.5,18.69
2026-01-26,TECILCHEM,1.062112,17.1,16.1
2026-02-02,TECILCHEM,1.066845,15.96,14.96
2026-03-03,TECILCHEM,1.064618,13.51,12.69
2026-03-26,TECILCHEM,1.050088,11.95,11.38
2026-04-03,TECILCHEM,0.938963,11.23,11.96
2026-05-01,TECILCHEM,1.033038,12.82,12.41
2026-06-26,TECILCHEM,1.025121,10.61,10.35
2026-03-03,TEGA,1.033254,1817.7,1759.2
2026-03-26,TEGA,0.960809,1600.9,1666.2
2026-03-31,TEGA,1.023724,1700.2,1660.8
2026-04-14,TEGA,1.022609,1727.8,1689.6
2025-12-25,TEJASCARGO,0.971559,276.7,284.8
2026-01-15,TEJASCARGO,1.034304,300.0,290.05
2026-01-26,TEJASCARGO,0.97,266.75,275.0
2026-04-14,TEJASCARGO,0.972474,263.2,270.65
2026-05-01,TEJASCARGO,0.968571,339.0,350.0
2026-01-26,TEJASNET,1.062654,323.1,304.05
2026-02-02,TEJASNET,0.970951,330.9,340.8
2026-03-03,TEJASNET,0.899216,435.85,484.7
2026-03-31,TEJASNET,1.062783,410.5,386.25
2025-10-22,TEMBO,0.97057,615.05,633.7
2025-11-05,TEMBO,1.020678,644.15,631.1
2025-12-25,TEMBO,1.050671,782.75,745.0
2026-04-03,TEMBO,0.976602,480.0,491.5
2026-04-14,TEMBO,0.974258,569.6,584.65
2026-01-26,TENNIND,1.030377,527.45,511.9
2026-02-02,TENNIND,0.975773,509.5,522.15
2026-03-03,TENNIND,1.040172,581.3,558.85
2026-03-31,TENNIND,1.032518,531.85,515.1
2026-05-01,TENNIND,0.957218,595.15,621.75
2026-06-26,TENNIND,1.037232,600.35,578.8
2025-11-05,TERASOFT,0.955286,530.9,555.75
2025-12-25,TERASOFT,1.049611,431.6,411.2
2026-01-26,TERASOFT,1.052514,377.8,358.95
2026-02-02,TERASOFT,0.959224,392.85,409.55
2026-03-03,TERASOFT,1.050499,357.8,340.6
2026-03-26,TERASOFT,0.960127,302.2,314.75
2026-05-01,TERASOFT,1.032538,350.65,339.6
2026-05-28,TERASOFT,0.952489,357.85,375.7
2026-02-02,TEXINFRA,0.97959,95.03,97.01
2026-03-03,TEXINFRA,1.031647,94.21,91.32
2026-03-26,TEXINFRA,0.944177,92.18,97.63
2026-03-03,TEXMOPIPES,1.078872,45.14,41.84
2026-03-26,TEXMOPIPES,1.021338,38.77,37.96
2026-03-31,TEXMOPIPES,1.088875,36.02,33.08
2026-04-14,TEXMOPIPES,1.047376,45.1,43.06
2026-05-28,TEXMOPIPES,0.979796,45.1,46.03
2026-01-15,TEXRAIL,0.970625,124.57,128.34
2026-02-02,TEXRAIL,0.94708,120.98,127.74
2026-03-03,TEXRAIL,1.056379,104.74,99.15
2026-03-31,TEXRAIL,1.061675,83.66,78.8
2026-04-14,TEXRAIL,1.024953,98.58,96.18
2026-01-15,TFCILTD,0.908349,62.34,68.63
2026-01-26,TFCILTD,1.041496,63.5,60.97
2026-02-02,TFCILTD,0.964559,63.14,65.46
2026-04-14,TFCILTD,0.976915,67.71,69.31
2025-12-25,TFL,0.935223,16.17,17.29
2026-03-31,TFL,1.121294,12.48,11.13
2026-06-26,TFL,1.026446,12.42,12.1
2025-11-05,TGBHOTELS,1.033825,11.92,11.53
2026-01-26,TGBHOTELS,1.031522,9.49,9.2
2026-03-03,TGBHOTELS,1.020994,9.24,9.05
2026-03-31,TGBHOTELS,1.055556,7.98,7.56
2026-04-14,TGBHOTELS,0.955466,9.44,9.88
2026-05-01,TGBHOTELS,0.978328,9.48,9.69
2025-11-05,TGL,1.051643,44.8,42.6
2025-12-25,TGL,0.953224,75.4,79.1
2026-01-15,TGL,1.020015,68.8,67.45
2026-01-26,TGL,1.020194,63.15,61.9
2026-02-02,TGL,0.950175,54.35,57.2
2026-03-03,TGL,1.020045,45.8,44.9
2026-04-14,TGL,0.953198,30.55,32.05
2026-05-28,TGL,0.953191,22.4,23.5
2026-06-26,TGL,1.038806,17.4,16.75
2026-05-01,THACKER,0.968383,1072.0,1107.0
2026-05-28,THACKER,0.891469,1151.6,1291.8
2025-11-05,THANGAMAYL,0.856077,2603.5,3041.2
2025-12-25,THANGAMAYL,1.043807,3426.4,3282.6
2026-01-15,THANGAMAYL,0.977688,3746.6,3832.1
2026-02-02,THANGAMAYL,0.955791,3173.8,3320.6
2026-03-03,THANGAMAYL,1.029273,3959.2,3846.6
2026-03-26,THANGAMAYL,0.91961,3309.4,3598.7
2026-05-28,THANGAMAYL,0.969774,3805.2,3923.8
2026-06-26,THANGAMAYL,0.973812,5447.7,5594.2
2026-01-15,THEINVEST,0.976295,116.14,118.96
2026-04-03,THEINVEST,0.97973,94.25,96.2
2026-05-01,THEINVEST,1.030612,109.08,105.84
2025-11-05,THEJO,1.026163,1819.9,1773.5
2025-12-25,THEJO,0.96508,1688.6,1749.7
2026-01-15,THEJO,0.963363,1790.7,1858.8
2026-01-26,THEJO,1.031968,1836.8,1779.9
2026-03-03,THEJO,1.029733,1686.6,1637.9
2026-03-31,THEJO,1.071566,1561.7,1457.4
2026-04-03,THEJO,0.969178,1487.3,1534.6
2026-04-14,THEJO,0.96404,1638.0,1699.1
2026-01-15,THELEELA,0.972029,439.6,452.25
2026-03-03,THELEELA,1.025088,453.55,442.45
2026-03-26,THELEELA,0.976854,405.15,414.75
2025-11-05,THEMISMED,1.023227,125.11,122.27
2026-03-03,THEMISMED,1.037987,85.8,82.66
2026-03-26,THEMISMED,0.939648,70.53,75.06
2026-03-31,THEMISMED,1.056455,69.8,66.07
2026-04-03,THEMISMED,0.93638,74.18,79.22
2026-05-01,THEMISMED,0.950051,93.77,98.7
2026-05-28,THEMISMED,0.93468,106.46,113.9
2026-06-26,THEMISMED,1.033849,118.2,114.33
2025-12-25,THERMAX,0.977038,2931.7,3000.6
2026-04-14,THERMAX,0.941149,3643.0,3870.8
2026-05-01,THERMAX,0.978517,3990.0,4077.6
2026-05-28,THERMAX,0.966279,4435.8,4590.6
2025-10-22,THESL,0.953521,33.85,35.5
2025-12-25,THESL,1.052632,26.0,24.7
2026-01-15,THESL,0.972222,26.25,27.0
2026-03-26,THESL,1.027888,12.9,12.55
2026-04-14,THESL,0.952862,14.15,14.85
2026-01-26,THOMASCOOK,1.02591,127.1,123.89
2026-03-03,THOMASCOOK,1.028477,102.93,100.08
2026-03-31,THOMASCOOK,1.045085,93.88,89.83
2026-04-14,THOMASCOOK,1.031368,106.86,103.61
2025-10-22,THOMASCOTT,0.938282,337.5,359.7
2025-11-05,THOMASCOTT,1.030553,425.0,412.4
2026-01-15,THOMASCOTT,0.948236,330.65,348.7
2026-01-26,THOMASCOTT,1.023669,320.05,312.65
2026-03-03,THOMASCOTT,1.044534,309.6,296.4
2026-03-26,THOMASCOTT,0.963309,262.55,272.55
2026-03-31,THOMASCOTT,1.067728,251.45,235.5
2026-05-28,THOMASCOTT,0.833417,249.9,299.85
2026-01-26,THYROCARE,1.040318,458.0,440.25
2026-02-02,THYROCARE,0.9525,400.05,420.0
2026-03-03,THYROCARE,1.02393,393.65,384.45
2026-03-31,THYROCARE,1.033472,361.25,349.55
2026-06-26,THYROCARE,1.074633,555.8,517.2
2025-11-05,TI,1.045008,527.05,504.35
2026-01-15,TI,1.023611,429.2,419.3
2026-01-26,TI,1.038837,403.9,388.8
2026-02-02,TI,0.95474,412.4,431.95
2026-03-03,TI,1.058782,453.9,428.7
2026-03-26,TI,0.97819,437.3,447.05
2026-03-31,TI,1.031479,429.25,416.15
2026-05-28,TI,1.023524,456.85,446.35
2025-12-25,TICL,1.031008,23.94,23.22
2026-01-26,TICL,1.025463,22.15,21.6
2026-02-02,TICL,0.969737,21.79,22.47
2026-03-26,TICL,1.043792,23.12,22.15
2026-03-31,TICL,1.049302,22.56,21.5
2026-04-03,TICL,0.963887,22.42,23.26
2026-05-01,TICL,0.965214,23.03,23.86
2026-06-26,TICL,1.074443,18.33,17.06
2026-01-15,TIGERLOGS,1.058225,33.26,31.43
2026-01-26,TIGERLOGS,1.033927,30.17,29.18
2026-03-03,TIGERLOGS,1.022644,30.71,30.03
2026-03-31,TIGERLOGS,1.037657,24.8,23.9
2026-04-03,TIGERLOGS,1.022922,26.33,25.74
2026-04-14,TIGERLOGS,1.04171,29.97,28.77
2026-02-02,TIIL,0.963816,1957.8,2031.3
2026-03-26,TIIL,0.976914,2149.7,2200.5
2026-04-14,TIIL,0.969318,2331.5,2405.3
2026-06-26,TIIL,1.032278,2641.6,2559.0
2026-01-26,TIINDIA,1.034874,2296.8,2219.4
2026-03-03,TIINDIA,0.970327,2753.4,2837.6
2026-03-26,TIINDIA,0.957575,2568.6,2682.4
2026-05-28,TIINDIA,0.946613,3039.1,3210.5
2026-06-26,TIINDIA,1.038147,3170.5,3054.0
2025-10-22,TIJARIA,0.941915,6.0,6.37
2025-12-25,TIJARIA,1.04321,5.07,4.86
2026-01-15,TIJARIA,0.971154,4.04,4.16
2026-02-02,TIJARIA,1.081281,4.39,4.06
2026-03-03,TIJARIA,1.052392,4.62,4.39
2026-03-31,TIJARIA,1.051597,4.28,4.07
2026-06-26,TIJARIA,0.952941,4.05,4.25
2025-12-25,TIL,1.022482,279.7,273.55
2026-01-26,TIL,1.04609,228.1,218.05
2026-03-26,TIL,0.93589,169.34,180.94
2026-03-31,TIL,1.028185,168.17,163.56
2026-04-14,TIL,0.928211,207.65,223.71
2026-05-01,TIL,1.027693,202.62,197.16
2026-06-26,TIL,1.051261,218.0,207.37
2026-03-31,TIL-RE1,1.585,3.17,2.0
2025-11-05,TIMESCAN,0.952421,56.05,58.85
2025-12-25,TIMESCAN,1.05191,53.7,51.05
2026-01-26,TIMESCAN,1.052311,43.25,41.1
2026-03-31,TIMESCAN,1.04773,45.0,42.95
2026-03-03,TIMETECHNO,1.027683,183.76,178.81
2026-03-26,TIMETECHNO,0.958244,161.79,168.84
2026-03-31,TIMETECHNO,1.047279,165.91,158.42
2026-05-01,TIMETECHNO,0.954251,184.18,193.01
2026-06-26,TIMETECHNO,0.97935,178.32,182.08
2026-05-28,TIMEX,0.884429,374.6,423.55
2026-06-26,TIMEX,0.97468,494.65,507.5
2026-02-02,TIMKEN,1.030188,3030.4,2941.6
2026-03-03,TIMKEN,1.029587,3472.9,3373.1
2026-03-26,TIMKEN,0.947959,3136.7,3308.9
2026-03-31,TIMKEN,1.029052,3319.0,3225.3
2026-06-26,TIMKEN,1.029176,3760.3,3653.7
2026-03-03,TINNARUBR,1.044408,710.25,680.05
2026-03-26,TINNARUBR,0.978902,596.2,609.05
2026-03-31,TINNARUBR,1.077332,577.45,536.0
2026-05-28,TINNARUBR,1.026524,810.8,789.85
2026-06-26,TINNARUBR,1.037791,961.15,926.15
2025-10-22,TIPSFILMS,0.970825,427.6,440.45
2025-12-25,TIPSFILMS,1.024983,443.1,432.3
2026-01-26,TIPSFILMS,1.031667,405.6,393.15
2026-03-03,TIPSFILMS,1.023526,361.1,352.8
2026-03-26,TIPSFILMS,0.979271,283.45,289.45
2026-03-31,TIPSFILMS,1.082075,304.55,281.45
2026-05-28,TIPSFILMS,1.034521,368.6,356.3
2025-10-22,TIPSMUSIC,0.977458,509.5,521.25
2026-01-15,TIPSMUSIC,0.97949,508.6,519.25
2026-01-26,TIPSMUSIC,1.038784,545.05,524.7
2026-02-02,TIPSMUSIC,0.963225,523.85,543.85
2026-04-03,TIPSMUSIC,0.973699,514.6,528.5
2026-05-28,TIPSMUSIC,0.976961,655.15,670.6
2026-01-15,TIRUMALCHM,1.026873,214.37,208.76
2026-01-26,TIRUMALCHM,1.045067,198.73,190.16
2026-02-02,TIRUMALCHM,0.97149,185.03,190.46
2026-03-31,TIRUMALCHM,1.072889,177.37,165.32
2026-04-03,TIRUMALCHM,1.034409,180.07,174.08
2026-05-01,TIRUMALCHM,0.965561,197.1,204.13
2026-06-26,TIRUMALCHM,1.021696,165.76,162.24
2025-10-22,TIRUPATI,1.030128,783.0,760.1
2026-01-15,TIRUPATI,0.972386,660.25,679.0
2026-02-02,TIRUPATI,0.950004,553.9,583.05
2026-03-03,TIRUPATI,1.052589,524.4,498.2
2026-04-14,TIRUPATI,0.969892,451.0,465.0
2026-05-28,TIRUPATI,1.052575,489.5,465.05
2025-10-22,TIRUPATIFL,0.973001,38.2,39.26
2025-12-25,TIRUPATIFL,1.023931,32.09,31.34
2026-02-02,TIRUPATIFL,0.961629,32.58,33.88
2026-03-03,TIRUPATIFL,0.970149,37.05,38.19
2026-03-26,TIRUPATIFL,1.025862,44.03,42.92
2026-04-03,TIRUPATIFL,0.972763,42.5,43.69
2026-05-28,TIRUPATIFL,0.953407,43.79,45.93
2025-11-05,TITAGARH,1.031445,906.95,879.3
2025-12-25,TITAGARH,0.979464,837.05,854.6
2026-01-15,TITAGARH,0.968454,792.05,817.85
2026-02-02,TITAGARH,0.956638,785.4,821.0
2026-03-03,TITAGARH,1.04409,700.95,671.35
2026-03-31,TITAGARH,1.036096,595.6,574.85
2026-05-01,TITAGARH,1.02323,786.25,768.4
2026-05-28,TITAGARH,0.963822,816.55,847.2
2026-06-26,TITAGARH,1.037931,922.15,888.45
2025-11-05,TITAN,0.976662,3724.5,3813.5
2026-03-26,TITAN,0.96539,3899.5,4039.3
2026-01-26,TMB,1.025889,566.65,552.35
2026-02-02,TMB,0.970127,591.05,609.25
2026-03-31,TMB,1.035468,599.95,579.4
2026-04-03,TMB,0.972661,606.6,623.65
2026-06-26,TMB,1.04211,763.45,732.6
2025-12-25,TMCV,1.042446,426.1,408.75
2026-01-15,TMCV,0.977867,424.15,433.75
2026-02-02,TMCV,0.962486,441.3,458.5
2026-03-26,TMCV,0.962603,415.7,431.85
2026-03-31,TMCV,1.08308,427.6,394.8
2026-04-03,TMCV,1.020484,396.05,388.1
2026-04-14,TMCV,1.034318,444.55,429.8
2026-06-26,TMCV,0.952535,411.4,431.9
2025-11-05,TMPV,1.02583,417.0,406.5
2026-03-03,TMPV,1.032515,382.65,370.6
2026-03-26,TMPV,0.97877,311.2,317.95
2026-03-31,TMPV,1.023633,303.2,296.2
2026-05-01,TMPV,1.032645,352.7,341.55
2026-05-28,TMPV,0.961716,385.6,400.95
2026-03-31,TNIDETF,1.034823,77.56,74.95
2025-11-05,TNPETRO,1.032344,124.48,120.58
2026-01-26,TNPETRO,1.029083,93.77,91.12
2026-03-03,TNPETRO,1.031847,93.96,91.06
2026-06-26,TNPETRO,1.033936,97.19,94.0
2026-01-26,TNPL,1.025052,133.8,130.53
2026-03-03,TNPL,1.024193,136.74,133.51
2026-03-31,TNPL,1.022034,125.24,122.54
2025-10-22,TNTELE,0.963801,12.78,13.26
2026-02-02,TNTELE,0.969231,8.82,9.1
2026-03-03,TNTELE,0.938445,8.69,9.26
2026-03-26,TNTELE,0.944873,8.57,9.07
2026-03-31,TNTELE,1.054254,8.55,8.11
2026-04-03,TNTELE,0.965517,8.68,8.99
2026-05-01,TNTELE,0.97762,9.61,9.83
2026-06-26,TNTELE,1.022272,9.18,8.98
2026-03-03,TOKYOPLAST,1.055825,80.57,76.31
2026-03-26,TOKYOPLAST,1.021216,67.87,66.46
2026-03-31,TOKYOPLAST,1.03569,60.65,58.56
2026-04-14,TOKYOPLAST,1.030299,74.81,72.61
2026-06-26,TOKYOPLAST,1.034031,85.99,83.16
2025-11-05,TOLINS,0.967715,186.14,192.35
2026-01-26,TOLINS,1.02245,117.96,115.37
2026-03-03,TOLINS,1.032051,111.09,107.64
2026-03-31,TOLINS,1.064772,89.92,84.45
2026-05-28,TOLINS,0.945246,113.94,120.54
2026-03-31,TOP100CASE,1.02199,9.76,9.55
2026-03-31,TOP20,1.022005,8.36,8.18
2026-01-26,TORNTPHARM,1.022456,4020.5,3932.2
2026-04-03,TORNTPHARM,1.031125,4111.3,3987.2
2025-11-05,TORNTPOWER,1.031051,1344.8,1304.3
2026-01-26,TORNTPOWER,1.039899,1321.4,1270.7
2026-02-02,TORNTPOWER,0.935068,1297.5,1387.6
2026-03-31,TORNTPOWER,1.03561,1352.3,1305.8
2026-06-26,TORNTPOWER,1.021575,1444.2,1413.7
2025-12-25,TOTAL,1.030268,79.65,77.31
2026-01-26,TOTAL,1.066772,67.42,63.2
2026-03-03,TOTAL,1.023968,64.51,63.0
2026-03-26,TOTAL,0.94773,48.23,50.89
2026-04-03,TOTAL,1.033673,50.65,49.0
2026-05-01,TOTAL,1.0619,59.7,56.22
2026-05-28,TOTAL,0.976984,53.06,54.31
2025-10-22,TOUCHWOOD,1.02086,103.26,101.15
2026-01-15,TOUCHWOOD,1.030744,101.25,98.23
2026-03-03,TOUCHWOOD,1.036325,73.89,71.3
2026-03-31,TOUCHWOOD,1.095797,69.09,63.05
2026-05-01,TOUCHWOOD,1.023871,75.06,73.31
2026-06-26,TOUCHWOOD,1.040267,71.82,69.04
2025-12-25,TPHQ,0.847059,0.72,0.85
2026-01-26,TPHQ,1.031746,0.65,0.63
2026-02-02,TPHQ,1.033898,0.61,0.59
2026-03-03,TPHQ,1.035714,0.58,0.56
2026-03-26,TPHQ,0.958333,0.46,0.48
2026-03-31,TPHQ,1.045455,0.46,0.44
2026-04-03,TPHQ,0.958333,0.46,0.48
2026-04-14,TPHQ,1.071429,0.6,0.56
2026-06-26,TPHQ,1.020833,0.49,0.48
2025-10-22,TPLPLASTEH,0.967672,67.35,69.6
2026-01-26,TPLPLASTEH,1.021677,64.57,63.2
2026-03-03,TPLPLASTEH,1.047863,67.43,64.35
2026-03-26,TPLPLASTEH,0.976465,57.67,59.06
2026-03-31,TPLPLASTEH,1.06466,54.83,51.5
2026-04-03,TPLPLASTEH,0.965147,57.6,59.68
2026-04-14,TPLPLASTEH,1.024264,69.23,67.59
2026-05-01,TPLPLASTEH,0.975051,66.83,68.54
2026-05-28,TPLPLASTEH,0.941572,65.75,69.83
2026-02-02,TRACXN,1.065112,37.46,35.17
2026-03-03,TRACXN,1.054641,33.97,32.21
2026-03-31,TRACXN,1.037707,26.97,25.99
2026-05-28,TRANSPEK,1.116305,1194.0,1069.6
2026-03-03,TRANSRAILL,1.05175,565.0,537.2
2026-03-26,TRANSRAILL,1.030626,498.05,483.25
2026-03-31,TRANSRAILL,1.05719,477.85,452.0
2026-05-28,TRANSRAILL,1.055832,519.1,491.65
2025-10-22,TRANSTEEL,0.976413,130.4,133.55
2025-11-05,TRANSTEEL,0.975779,126.9,130.05
2025-12-25,TRANSTEEL,1.021769,150.2,147.0
2026-02-02,TRANSTEEL,0.96922,144.85,149.45
2026-03-31,TRANSTEEL,1.031488,142.5,138.15
2026-04-14,TRANSTEEL,1.045756,149.7,143.15
2026-05-01,TRANSTEEL,1.031771,129.9,125.9
2026-05-28,TRANSTEEL,1.025682,127.8,124.6
2025-11-05,TRANSWIND,1.053156,15.85,15.05
2026-03-31,TRANSWIND,1.051282,20.5,19.5
2026-05-01,TRANSWIND,1.051051,17.5,16.65
2025-11-05,TRANSWORLD,1.020427,250.77,245.75
2026-01-26,TRANSWORLD,1.089174,171.73,157.67
2026-03-03,TRANSWORLD,1.068074,139.17,130.3
2026-03-31,TRANSWORLD,1.075706,123.76,115.05
2026-01-26,TRAVELFOOD,1.034926,1102.3,1065.1
2026-03-03,TRAVELFOOD,1.049044,1234.2,1176.5
2026-03-26,TRAVELFOOD,0.976722,1128.7,1155.6
2026-03-31,TRAVELFOOD,0.935172,1180.0,1261.8
2025-12-25,TREEHOUSE,1.032622,8.23,7.97
2026-01-15,TREEHOUSE,0.944201,8.63,9.14
2026-03-03,TREEHOUSE,1.09212,9.84,9.01
2026-03-31,TREEHOUSE,1.038564,7.81,7.52
2026-04-14,TREEHOUSE,1.033835,8.25,7.98
2026-01-15,TREJHARA,1.023567,218.9,213.86
2026-02-02,TREJHARA,1.023381,197.84,193.32
2026-03-03,TREJHARA,1.032937,189.42,183.38
2026-03-26,TREJHARA,1.050439,166.19,158.21
2026-03-31,TREJHARA,1.052374,150.3,142.82
2026-04-14,TREJHARA,0.961922,158.14,164.4
2025-11-05,TREL,0.962512,29.27,30.41
2026-02-02,TREL,0.88893,24.01,27.01
2026-03-03,TREL,0.969745,24.36,25.12
2026-03-26,TREL,1.024712,24.88,24.28
2026-04-14,TREL,1.032295,26.85,26.01
2025-12-25,TRENT,0.976641,4189.4,4289.6
2026-03-26,TRENT,0.967432,3365.6,3478.9
2026-03-31,TRENT,1.031495,3399.6,3295.8
2026-05-01,TRENT,1.020195,4228.3,4144.6
2026-01-26,TRF,1.026928,265.05,258.1
2026-02-02,TRF,0.940216,273.65,291.05
2026-03-03,TRF,1.084967,265.6,244.8
2026-03-26,TRF,0.944735,217.1,229.8
2026-03-31,TRF,1.068648,231.95,217.05
2026-01-26,TRIDENT,1.029968,26.12,25.36
2026-03-03,TRIDENT,1.046645,25.58,24.44
2026-03-26,TRIDENT,1.027913,25.41,24.72
2026-03-31,TRIDENT,1.056419,23.78,22.51
2026-01-15,TRIDHYA,1.073077,13.95,13.0
2026-02-03,TRIDHYA,0.937931,13.6,14.5
2026-04-14,TRIDHYA,0.954545,8.4,8.8
2025-11-05,TRIGYN,1.022834,76.15,74.45
2026-01-26,TRIGYN,1.064248,60.13,56.5
2026-03-03,TRIGYN,1.020164,52.11,51.08
2026-03-31,TRIGYN,1.088228,42.06,38.65
2026-05-01,TRIGYN,1.025983,60.81,59.27
2026-05-28,TRIGYN,1.021772,61.48,60.17
2026-06-26,TRIGYN,1.048495,54.7,52.17
2026-01-26,TRITURBINE,1.030067,476.2,462.3
2026-03-03,TRITURBINE,1.047537,489.2,467.0
2026-03-31,TRITURBINE,1.027509,451.95,439.85
2026-05-28,TRITURBINE,0.960092,690.45,719.15
2026-02-02,TRIVENI,0.955248,358.6,375.4
2026-03-26,TRIVENI,0.908935,370.3,407.4
2026-03-31,TRIVENI,1.029257,390.5,379.4
2026-06-26,TRIVENI,1.022328,418.95,409.8
2026-03-03,TROM,1.028677,55.6,54.05
2026-03-26,TROM,1.02381,53.75,52.5
2026-03-31,TROM,1.127418,49.55,43.95
2026-04-03,TROM,1.051,52.55,50.0
2026-04-14,TROM,1.049462,73.2,69.75
2026-05-28,TROM,1.037037,56.0,54.0
2025-10-22,TRU,0.97451,9.94,10.2
2025-11-05,TRU,0.961931,10.36,10.77
2025-12-25,TRU,1.030651,8.07,7.83
2026-02-02,TRU,1.05,7.35,7.0
2026-03-03,TRU,1.042187,6.67,6.4
2026-03-31,TRU,1.084233,5.02,4.63
2026-04-03,TRU,0.952941,4.86,5.1
2026-04-14,TRU,1.023569,6.08,5.94
2026-06-26,TRU,1.027933,5.52,5.37
2025-10-22,TRUALT,0.965196,461.75,478.4
2025-11-05,TRUALT,1.031021,435.4,422.3
2026-01-26,TRUALT,1.0682,341.45,319.65
2026-03-03,TRUALT,1.065569,401.4,376.7
2026-03-26,TRUALT,0.968071,398.7,411.85
2026-03-31,TRUALT,0.965543,389.5,403.4
2025-11-05,TRUST,1.032573,63.4,61.4
2025-12-25,TRUST,1.020408,50.0,49.0
2026-01-15,TRUST,1.031833,47.0,45.55
2026-01-26,TRUST,1.04248,45.4,43.55
2026-03-03,TRUST,1.045519,36.75,35.15
2026-03-31,TRUST,0.955738,29.15,30.5
2026-05-01,TRUST,1.045692,40.05,38.3
2026-05-28,TRUST,1.136223,36.7,32.3
2025-10-22,TSC,0.953137,60.0,62.95
2026-01-15,TSC,0.92925,44.0,47.35
2026-01-26,TSC,0.952818,36.35,38.15
2026-03-03,TSC,0.979866,36.5,37.25
2026-03-26,TSC,0.971168,32.0,32.95
2026-03-31,TSC,1.032086,28.95,28.05
2025-11-05,TSFINV,1.083873,653.25,602.7
2026-01-15,TSFINV,0.97763,426.1,435.85
2026-02-02,TSFINV,0.939017,408.05,434.55
2026-03-03,TSFINV,1.052611,402.15,382.05
2026-03-26,TSFINV,0.94631,355.15,375.3
2026-03-31,TSFINV,1.039834,351.1,337.65
2026-03-31,TTKHLTCARE,1.03894,768.4,739.6
2026-04-14,TTKHLTCARE,1.0202,886.35,868.8
2026-02-02,TTKPRESTIG,0.975068,574.9,589.6
2026-03-03,TTKPRESTIG,1.043001,522.7,501.15
2026-03-31,TTKPRESTIG,1.026475,440.05,428.7
2026-05-01,TTKPRESTIG,1.022678,516.35,504.9
2026-05-28,TTKPRESTIG,0.965452,512.8,531.15
2026-01-26,TTL,1.020436,7.49,7.34
2026-02-02,TTL,1.027248,7.54,7.34
2026-03-03,TTL,1.042117,9.65,9.26
2026-03-31,TTL,1.020286,8.55,8.38
2026-04-03,TTL,0.970387,8.52,8.78
2025-12-25,TTML,0.972533,49.57,50.97
2026-01-26,TTML,1.025472,43.48,42.4
2026-03-03,TTML,1.04314,41.59,39.87
2026-03-31,TTML,1.056441,33.13,31.36
2026-04-03,TTML,0.967822,35.19,36.36
2026-05-01,TTML,1.022595,43.9,42.93
2025-10-22,TUNWAL,0.971993,29.5,30.35
2026-03-31,TUNWAL,1.033101,29.65,28.7
2025-11-05,TVSELECT,0.967031,605.7,626.35
2025-12-25,TVSELECT,1.020298,454.9,445.85
2026-01-26,TVSELECT,1.020351,398.6,390.65
2026-02-02,TVSELECT,1.030379,412.1,399.95
2026-03-03,TVSELECT,1.026254,371.35,361.85
2026-06-26,TVSELECT,0.943669,473.25,501.5
2025-10-22,TVSHLTD,0.960126,14929.0,15549.0
2026-02-02,TVSHLTD,0.9656,14540.0,15058.0
2026-03-03,TVSHLTD,1.031965,15109.0,14641.0
2026-03-26,TVSHLTD,0.974024,13724.0,14090.0
2026-05-01,TVSHLTD,1.026371,14634.0,14258.0
2026-02-02,TVSMOTOR,0.977267,3593.8,3677.4
2026-03-31,TVSMOTOR,1.024199,3445.2,3363.8
2026-04-14,TVSMOTOR,1.027233,3839.9,3738.1
2026-05-28,TVSMOTOR,1.020771,3454.9,3384.6
2026-06-26,TVSMOTOR,0.963834,3440.6,3569.7
2026-01-15,TVSSCS,1.034133,109.07,105.47
2026-01-26,TVSSCS,1.03576,97.32,93.96
2026-03-03,TVSSCS,1.020504,114.97,112.66
2026-03-31,TVSSCS,1.04474,95.04,90.97
2026-04-03,TVSSCS,0.958551,95.51,99.64
2026-05-28,TVSSCS,1.020263,123.36,120.91
2025-12-25,TVSSRICHAK,1.023577,4128.7,4033.6
2026-02-02,TVSSRICHAK,0.958762,3903.6,4071.5
2026-03-03,TVSSRICHAK,1.025923,3933.9,3834.5
2026-03-31,TVSSRICHAK,1.06978,3435.6,3211.5
2026-04-03,TVSSRICHAK,0.97692,3394.7,3474.9
2026-04-14,TVSSRICHAK,0.948948,3769.6,3972.4
2026-05-28,TVSSRICHAK,0.89239,3596.6,4030.3
2026-01-26,TVTODAY,1.027012,126.99,123.65
2026-03-03,TVTODAY,1.021817,125.05,122.38
2026-05-28,TVTODAY,0.96549,110.79,114.75
2026-06-26,TVTODAY,0.942429,117.7,124.89
2025-10-22,TVVISION,1.030159,6.49,6.3
2025-12-25,TVVISION,1.051813,10.15,9.65
2026-01-15,TVVISION,0.952381,6.6,6.93
2026-01-26,TVVISION,1.050769,6.83,6.5
2026-02-02,TVVISION,0.951863,6.13,6.44
2026-03-03,TVVISION,1.047452,5.96,5.69
2026-03-26,TVVISION,0.93578,5.1,5.45
2026-04-03,TVVISION,1.031068,5.31,5.15
2026-04-14,TVVISION,1.055449,5.52,5.23
2026-02-02,TWCGOLDETF,0.928078,149.04,160.59
2026-03-03,TWCGOLDETF,0.933982,157.32,168.44
2026-03-26,TWCGOLDETF,0.972903,138.95,142.82
2026-03-31,TWCGOLDETF,0.977517,141.74,145.0
2026-04-03,UBL,1.06673,1584.2,1485.1
2026-01-15,UCAL,0.833346,107.51,129.01
2026-01-26,UCAL,1.038374,114.46,110.23
2026-02-02,UCAL,0.96303,106.54,110.63
2026-03-03,UCAL,1.060139,108.59,102.43
2026-03-31,UCAL,1.072757,86.55,80.68
2026-04-03,UCAL,0.966036,86.75,89.8
2026-05-28,UCAL,0.978737,95.28,97.35
2026-06-26,UCAL,0.930131,113.29,121.8
2026-06-26,UCL,0.954545,177.45,185.9
2025-11-05,UCOBANK,1.027225,33.58,32.69
2026-02-02,UCOBANK,0.976027,28.5,29.2
2026-03-03,UCOBANK,1.036027,29.62,28.59
2026-03-26,UCOBANK,0.974401,23.98,24.61
2026-03-31,UCOBANK,1.051225,23.6,22.45
2025-12-25,UDS,0.936632,186.24,198.84
2026-01-26,UDS,1.021835,157.24,153.88
2026-03-03,UDS,1.028495,157.37,153.01
2026-03-31,UDS,1.040559,132.64,127.47
2025-10-13,UEL,0.333378,123.8,371.35
2026-02-02,UEL,1.049966,123.56,117.68
2026-03-03,UEL,1.052601,179.3,170.34
2026-03-26,UEL,0.977623,141.99,145.24
2026-03-31,UEL,1.046781,138.06,131.89
2026-04-03,UEL,0.971926,138.48,142.48
2026-04-14,UEL,1.029461,166.33,161.57
2026-05-01,UEL,1.022828,161.3,157.7
2026-06-26,UEL,1.032724,137.28,132.93
2025-10-22,UFBL,0.970167,212.03,218.55
2026-01-26,UFBL,1.02498,183.0,178.54
2026-02-02,UFBL,1.2,217.44,181.2
2026-03-03,UFBL,0.95777,237.23,247.69
2026-03-31,UFBL,1.111111,217.0,195.3
2026-04-03,UFBL,0.961387,204.41,212.62
2026-04-14,UFBL,0.962315,281.15,292.16
2026-05-01,UFBL,0.967611,339.97,351.35
2026-06-26,UFBL,1.052616,727.2,690.85
2026-01-26,UFLEX,1.020131,461.15,452.05
2026-03-03,UFLEX,1.040838,481.7,462.8
2026-03-26,UFLEX,1.041603,408.1,391.8
2026-03-31,UFLEX,1.076417,359.9,334.35
2026-01-26,UFO,1.035595,80.3,77.54
2026-03-31,UFO,1.057039,58.19,55.05
2026-04-03,UFO,0.972845,61.62,63.34
2026-06-26,UFO,1.025783,74.0,72.14
2026-03-03,UGARSUGAR,1.034785,36.59,35.36
2026-03-26,UGARSUGAR,0.958999,37.19,38.78
2026-05-01,UGARSUGAR,0.966993,42.48,43.93
2026-06-26,UGARSUGAR,1.025389,39.58,38.6
2025-11-05,UGROCAP,1.020693,181.52,177.84
2026-03-03,UGROCAP,1.025587,111.03,108.26
2026-03-31,UGROCAP,1.107011,90.0,81.3
2026-01-26,UHTL,1.064722,58.4,54.85
2026-02-02,UHTL,0.952381,50.0,52.5
2026-03-03,UHTL,1.053125,50.55,48.0
2026-03-26,UHTL,0.95509,47.85,50.1
2026-03-31,UHTL,1.079545,47.5,44.0
2026-04-14,UHTL,0.926952,55.2,59.55
2026-05-01,UHTL,1.044865,52.4,50.15
2026-06-26,UHTL,1.020281,123.25,120.8
2025-10-22,UJJIVANSFB,1.020303,51.26,50.24
2026-01-15,UJJIVANSFB,0.978471,57.72,58.99
2026-02-02,UJJIVANSFB,0.953801,62.35,65.37
2026-03-26,UJJIVANSFB,0.942191,51.34,54.49
2026-03-31,UJJIVANSFB,1.046921,52.88,50.51
2026-04-03,UJJIVANSFB,0.967521,53.62,55.42
2026-02-02,ULTRACEMCO,0.967701,12284.0,12694.0
2026-03-26,ULTRACEMCO,0.960728,10764.0,11204.0
2026-03-31,ULTRACEMCO,1.028292,11049.0,10745.0
2026-05-01,ULTRACEMCO,1.021319,11833.0,11586.0
2026-06-26,ULTRAMAR,0.976431,366.65,375.5
2025-11-05,UMA,0.95,22.8,24.0
2026-01-15,UMA,1.046997,20.05,19.15
2026-02-03,UMA,0.948052,18.25,19.25
2026-03-03,UMA,0.97319,18.15,18.65
2026-03-26,UMA,0.93617,15.4,16.45
2026-03-31,UMA,1.071197,16.55,15.45
2026-04-14,UMA,0.916667,16.5,18.0
2026-05-01,UMA,1.050633,20.75,19.75
2025-10-22,UMAEXPORTS,0.968812,48.46,50.02
2025-12-25,UMAEXPORTS,1.02008,40.64,39.84
2026-01-15,UMAEXPORTS,1.032382,35.07,33.97
2026-02-02,UMAEXPORTS,0.952729,31.24,32.79
2026-03-03,UMAEXPORTS,1.059233,27.36,25.83
2026-03-26,UMAEXPORTS,0.944345,21.04,22.28
2026-03-31,UMAEXPORTS,1.051808,19.49,18.53
2026-04-03,UMAEXPORTS,0.976488,20.35,20.84
2026-04-14,UMAEXPORTS,1.067522,28.3,26.51
2026-05-28,UMAEXPORTS,0.964023,24.92,25.85
2025-10-22,UMESLTD,1.035778,5.79,5.59
2025-12-25,UMESLTD,0.970646,4.96,5.11
2026-04-14,UMESLTD,1.027778,6.66,6.48
2026-05-28,UMESLTD,0.953321,5.31,5.57
2026-01-26,UMIYA-MRO,0.91801,72.89,79.4
2026-03-03,UMIYA-MRO,1.025994,85.65,83.48
2026-03-31,UMIYA-MRO,1.130694,81.67,72.23
2026-04-14,UMIYA-MRO,1.052163,86.33,82.05
2026-01-26,UNICHEMLAB,1.024943,380.1,370.85
2026-03-03,UNICHEMLAB,1.050364,346.2,329.6
2026-03-31,UNICHEMLAB,0.967967,284.05,293.45
2026-05-01,UNICHEMLAB,0.962061,375.3,390.1
2026-03-03,UNIDT,1.043741,174.67,167.35
2026-03-31,UNIDT,1.047217,153.7,146.77
2025-10-22,UNIECOM,0.964868,131.28,136.06
2025-11-05,UNIECOM,1.024259,130.89,127.79
2026-03-03,UNIECOM,1.036652,107.76,103.95
2026-03-31,UNIECOM,1.063986,84.14,79.08
2026-04-03,UNIECOM,0.970305,85.61,88.23
2025-10-22,UNIENTER,0.966885,144.53,149.48
2026-02-02,UNIENTER,1.043505,119.93,114.93
2026-03-03,UNIENTER,1.05407,107.22,101.72
2026-04-14,UNIENTER,0.9796,100.84,102.94
2026-05-01,UNIENTER,1.02069,109.52,107.3
2025-11-05,UNIHEALTH,1.022362,162.3,158.75
2025-12-25,UNIHEALTH,1.047602,289.4,276.25
2026-01-26,UNIHEALTH,1.040947,283.45,272.3
2026-02-02,UNIHEALTH,1.02699,296.8,289.0
2026-03-31,UNIHEALTH,1.052566,381.45,362.4
2026-04-03,UNIHEALTH,0.965859,380.5,393.95
2026-04-14,UNIHEALTH,1.038838,456.05,439.0
2026-05-28,UNIHEALTH,1.025201,421.05,410.7
2025-10-22,UNIINFO,1.023768,17.66,17.25
2026-01-15,UNIINFO,1.028534,15.5,15.07
2026-01-26,UNIINFO,1.023114,15.05,14.71
2026-02-02,UNIINFO,1.039501,15.0,14.43
2026-03-26,UNIINFO,0.96652,10.97,11.35
2026-03-31,UNIINFO,1.038153,10.34,9.96
2026-04-14,UNIINFO,0.960723,12.23,12.73
2026-05-01,UNIINFO,0.962631,12.88,13.38
2025-12-25,UNILEX,1.037868,37.0,35.65
2026-03-26,UNILEX,0.854895,24.45,28.6
2026-03-31,UNILEX,1.102273,24.25,22.0
2026-04-03,UNILEX,0.960784,24.5,25.5
2025-10-22,UNIMECH,0.957646,940.6,982.2
2026-01-26,UNIMECH,1.028496,873.45,849.25
2026-03-26,UNIMECH,0.935213,736.2,787.2
2026-03-31,UNIMECH,1.036174,731.85,706.3
2026-04-14,UNIMECH,0.944123,856.65,907.35
2026-05-01,UNIMECH,1.052275,1054.8,1002.4
2026-01-15,UNIONBANK,0.927037,166.19,179.27
2026-02-02,UNIONBANK,0.936988,169.37,180.76
2026-03-03,UNIONBANK,1.020895,202.27,198.13
2026-03-26,UNIONBANK,0.963953,173.82,180.32
2026-03-31,UNIONBANK,1.068697,175.48,164.2
2026-04-14,UNIONBANK,1.023554,189.03,184.68
2026-01-26,UNIONGOLD,0.975987,148.35,152.0
2026-02-02,UNIONGOLD,0.950713,146.6,154.2
2026-03-03,UNIONGOLD,0.941604,155.6,165.25
2026-03-26,UNIONGOLD,0.97235,137.15,141.05
2026-04-03,UNIONGOLD,1.031612,146.85,142.35
2026-01-26,UNIPARTS,1.022007,422.6,413.5
2026-03-26,UNIPARTS,0.960102,453.6,472.45
2026-03-31,UNIPARTS,1.038605,460.05,442.95
2026-04-03,UNIPARTS,0.978043,458.8,469.1
2026-04-14,UNIPARTS,1.024471,508.65,496.5
2026-06-26,UNIPARTS,1.027921,670.05,651.85
2026-02-02,UNITDSPR,0.979745,1335.0,1362.6
2026-03-31,UNITDSPR,1.028717,1253.8,1218.8
2026-04-03,UNITDSPR,1.02301,1249.3,1221.2
2026-04-14,UNITDSPR,1.029801,1268.2,1231.5
2026-05-01,UNITDSPR,1.028515,1363.4,1325.6
2025-11-05,UNITECH,1.031339,7.24,7.02
2025-12-25,UNITECH,0.972835,5.73,5.89
2026-03-03,UNITECH,1.028112,5.12,4.98
2026-03-31,UNITECH,1.098101,3.47,3.16
2026-04-03,UNITECH,0.88345,3.79,4.29
2026-04-14,UNITECH,1.031185,4.96,4.81
2026-05-28,UNITECH,1.025097,5.31,5.18
2025-11-05,UNITEDPOLY,0.952381,41.8,43.89
2025-12-25,UNITEDPOLY,0.956965,25.35,26.49
2026-01-15,UNITEDPOLY,0.952381,25.6,26.88
2026-03-03,UNITEDPOLY,1.031799,24.66,23.9
2026-03-26,UNITEDPOLY,1.047308,25.68,24.52
2026-03-31,UNITEDPOLY,1.023276,23.3,22.77
2026-04-03,UNITEDPOLY,0.970361,23.9,24.63
2026-04-14,UNITEDPOLY,1.031341,28.3,27.44
2026-06-26,UNITEDTEA,1.024799,489.7,477.85
2026-03-31,UNIVAFOODS,1.052049,9.5,9.03
2026-04-14,UNIVAFOODS,1.05,9.03,8.6
2025-12-25,UNIVASTU,0.952093,66.18,69.51
2026-03-03,UNIVASTU,1.086716,66.92,61.58
2026-05-01,UNIVASTU,1.023792,70.57,68.93
2026-05-28,UNIVASTU,0.954527,72.42,75.87
2026-06-26,UNIVASTU,1.040282,88.58,85.15
2026-01-15,UNIVCABLES,1.066583,805.75,755.45
2026-01-26,UNIVCABLES,1.053738,702.0,666.2
2026-02-02,UNIVCABLES,0.979913,712.25,726.85
2026-04-03,UNIVCABLES,1.020043,684.5,671.05
2026-06-26,UNIVCABLES,1.063399,1293.2,1216.1
2025-10-22,UNIVPHOTO,0.977723,278.7,285.05
2026-03-03,UNIVPHOTO,0.952417,436.35,458.15
2026-03-26,UNIVPHOTO,1.020327,436.7,428.0
2026-03-31,UNIVPHOTO,1.020185,419.5,411.2
2026-04-03,UNIVPHOTO,1.020382,403.0,394.95
2026-04-14,UNIVPHOTO,0.952406,357.2,375.05
2026-05-01,UNIVPHOTO,0.95423,468.05,490.5
2026-05-28,UNIVPHOTO,1.020392,437.85,429.1
2026-01-26,UNOMINDA,1.034741,1173.5,1134.1
2026-02-02,UNOMINDA,0.968536,1145.1,1182.3
2026-03-03,UNOMINDA,1.042178,1188.5,1140.4
2026-06-26,UNOMINDA,0.970963,1103.5,1136.5
2026-02-02,UPL,0.944598,664.95,703.95
2026-03-03,UPL,1.02336,637.4,622.85
2026-03-31,UPL,1.049124,595.85,567.95
2025-12-25,URAVIDEF,0.95253,198.25,208.13
2026-01-26,URAVIDEF,1.038063,197.18,189.95
2026-03-03,URAVIDEF,1.035851,145.91,140.86
2026-03-31,URAVIDEF,1.043017,117.11,112.28
2026-04-03,URAVIDEF,0.919513,122.24,132.94
2026-05-01,URAVIDEF,1.023055,142.0,138.8
2026-03-03,URBAN,1.091193,140.0,128.3
2026-03-26,URBAN,1.02381,137.6,134.4
2026-03-31,URBAN,1.034879,135.0,130.45
2026-04-03,URBAN,0.944406,135.05,143.0
2026-04-14,URBAN,1.069967,143.75,134.35
2026-05-28,URBAN,1.027526,136.25,132.6
2026-06-26,URBAN,1.038418,136.5,131.45
2025-10-22,URBANCO,0.977127,154.22,157.83
2025-11-05,URBANCO,1.020887,152.01,148.9
2026-01-26,URBANCO,1.038606,129.67,124.85
2026-02-02,URBANCO,0.971435,120.73,124.28
2026-03-03,URBANCO,1.039503,107.1,103.03
2026-03-31,URBANCO,0.963823,114.56,118.86
2026-05-01,URBANCO,0.972241,147.45,151.66
2026-06-26,URBANCO,1.02511,133.09,129.83
2025-10-22,URJA,0.961509,12.49,12.99
2026-01-26,URJA,1.027163,10.21,9.94
2026-02-02,URJA,1.023669,10.38,10.14
2026-03-03,URJA,1.038117,9.26,8.92
2026-03-31,URJA,1.062422,8.51,8.01
2026-04-03,URJA,0.977149,8.98,9.19
2025-10-22,USASEEDS,0.976009,179.0,183.4
2026-03-03,USASEEDS,1.052632,115.0,109.25
2026-03-26,USASEEDS,0.968817,90.1,93.0
2026-03-31,USASEEDS,1.048889,94.4,90.0
2026-05-28,USASEEDS,1.049,104.9,100.0
2025-11-05,USHAFIN,1.024419,44.05,43.0
2025-12-25,USHAFIN,0.957447,36.0,37.6
2026-01-15,USHAFIN,1.142857,40.0,35.0
2026-01-26,USHAFIN,1.02931,29.85,29.0
2026-02-02,USHAFIN,1.041667,30.0,28.8
2026-05-01,USHAFIN,0.957547,30.45,31.8
2026-05-28,USHAFIN,1.081164,35.3,32.65
2025-12-25,USHAMART,1.020161,463.0,453.85
2026-01-26,USHAMART,1.027394,420.05,408.85
2026-03-26,USHAMART,0.950121,393.35,414.0
2026-03-31,USHAMART,1.042279,408.0,391.45
2026-05-01,USHAMART,1.022134,461.8,451.8
2026-05-28,USHAMART,0.941914,480.8,510.45
2025-10-22,USK,0.968581,28.67,29.6
2026-01-15,USK,1.034033,22.18,21.45
2026-03-03,USK,1.042166,28.67,27.51
2026-03-26,USK,1.026107,22.01,21.45
2026-03-31,USK,1.050601,20.97,19.96
2026-04-14,USK,0.969582,22.95,23.67
2026-05-28,USK,0.952466,21.44,22.51
2025-11-05,UTIAMC,1.020127,1236.7,1212.3
2026-01-26,UTIAMC,1.056433,1029.6,974.6
2026-03-03,UTIAMC,1.020993,987.3,967.0
2026-03-26,UTIAMC,0.963582,928.7,963.8
2026-06-26,UTKAL,1.051892,48.65,46.25
2026-01-15,UTKARSHBNK,0.965753,14.1,14.6
2026-03-03,UTKARSHBNK,1.047727,13.83,13.2
2026-03-31,UTKARSHBNK,1.080235,11.04,10.22
2026-04-03,UTKARSHBNK,0.976109,11.44,11.72
2026-06-26,UTKARSHBNK,1.024105,14.87,14.52
2026-01-26,UTLSOLAR,1.020445,210.13,205.92
2026-03-03,UTLSOLAR,1.031403,187.87,182.15
2026-03-26,UTLSOLAR,0.970986,193.1,198.87
2026-05-28,UTLSOLAR,0.952526,297.95,312.8
2025-11-05,UTSSAV,1.045043,271.45,259.75
2026-01-26,UTSSAV,1.029405,227.55,221.05
2026-02-02,UTSSAV,0.95537,205.5,215.1
2026-03-03,UTSSAV,1.035159,203.15,196.25
2026-03-31,UTSSAV,1.029658,190.95,185.45
2026-04-14,UTSSAV,0.978365,214.8,219.55
2026-01-26,UTTAMSUGAR,1.063963,220.4,207.15
2026-03-26,UTTAMSUGAR,0.944202,224.72,238.0
2026-03-31,UTTAMSUGAR,0.94729,236.69,249.86
2026-04-14,UTTAMSUGAR,0.97917,240.21,245.32
2026-05-28,UTTAMSUGAR,1.02075,243.5,238.55
2025-11-05,UWCSL,0.957639,106.25,110.95
2025-12-25,UWCSL,1.052632,114.0,108.3
2025-11-05,UYFINCORP,1.042424,15.48,14.85
2026-01-26,UYFINCORP,1.023126,12.83,12.54
2026-02-02,UYFINCORP,1.0224,12.78,12.5
2026-03-03,UYFINCORP,1.023948,14.11,13.78
2026-03-31,UYFINCORP,1.043178,12.08,11.58
2026-04-14,UYFINCORP,0.966221,13.73,14.21
2026-05-28,UYFINCORP,1.024155,14.84,14.49
2025-10-22,V2RETAIL,1.020149,2258.1,2213.5
2026-01-26,V2RETAIL,1.056681,1929.5,1826.0
2026-03-03,V2RETAIL,1.027726,1994.2,1940.4
2026-03-26,V2RETAIL,9.817626,1927.2,196.3
2026-03-31,V2RETAIL,1.043363,197.3,189.1
2026-06-26,V2RETAIL,1.034173,228.79,221.23
2026-03-31,VADILALIND,1.049169,4291.1,4090.0
2026-04-03,VADILALIND,1.023697,4397.7,4295.9
2025-11-05,VAIBHAVGBL,1.024404,281.25,274.55
2026-01-26,VAIBHAVGBL,0.979792,214.79,219.22
2026-03-03,VAIBHAVGBL,1.022447,225.47,220.52
2026-03-31,VAIBHAVGBL,1.055771,185.14,175.36
2026-04-14,VAIBHAVGBL,1.026097,217.43,211.9
2026-06-26,VAIBHAVGBL,1.033663,240.74,232.9
2026-01-26,VAISHALI,1.028777,8.58,8.34
2026-03-03,VAISHALI,1.02651,6.97,6.79
2026-03-31,VAISHALI,1.061475,5.18,4.88
2026-04-03,VAISHALI,0.978261,5.85,5.98
2026-04-14,VAISHALI,0.941448,6.11,6.49
2026-05-01,VAISHALI,1.043364,7.94,7.61
2026-01-26,VAKRANGEE,1.064857,7.06,6.63
2026-02-02,VAKRANGEE,0.976945,6.78,6.94
2026-03-03,VAKRANGEE,1.043408,6.49,6.22
2026-03-26,VAKRANGEE,0.95203,5.16,5.42
2026-03-31,VAKRANGEE,1.07265,5.02,4.68
2026-04-03,VAKRANGEE,0.895868,5.42,6.05
2026-02-02,VAL30IETF,0.977243,15.03,15.38
2026-03-26,VAL30IETF,0.979111,14.53,14.84
2025-12-25,VALIANTLAB,0.940517,70.52,74.98
2026-01-26,VALIANTLAB,1.031207,59.48,57.68
2026-03-26,VALIANTLAB,1.046454,59.47,56.83
2026-03-31,VALIANTLAB,1.037776,53.57,51.62
2026-05-01,VALIANTLAB,1.049216,81.65,77.82
2025-10-22,VALIANTORG,0.976159,296.85,304.1
2025-12-25,VALIANTORG,0.965012,270.3,280.1
2026-03-03,VALIANTORG,1.020582,229.58,224.95
2026-03-31,VALIANTORG,1.061216,214.44,202.07
2026-05-28,VALIANTORG,0.948553,286.7,302.25
2026-06-26,VAML,1.045865,463.13,442.82
2025-10-22,VARDHACRLC,1.041806,40.62,38.99
2026-03-03,VARDHACRLC,1.026043,34.67,33.79
2026-03-31,VARDHACRLC,1.087404,29.61,27.23
2026-04-03,VARDHACRLC,0.922763,29.39,31.85
2026-05-01,VARDHACRLC,0.966016,36.1,37.37
2025-11-05,VARDMNPOLY,1.052497,8.22,7.81
2026-01-15,VARDMNPOLY,0.978022,5.34,5.46
2026-03-03,VARDMNPOLY,1.047146,8.44,8.06
2026-03-31,VARDMNPOLY,1.046368,6.77,6.47
2025-12-25,VARROC,1.022368,630.75,616.95
2026-03-03,VARROC,1.029891,540.95,525.25
2026-03-31,VARROC,1.043218,487.6,467.4
2026-04-03,VARROC,0.976224,478.35,490.0
2026-05-01,VARROC,0.975084,520.5,533.8
2026-05-28,VARROC,0.978546,574.7,587.3
2025-12-25,VASCONEQ,1.029697,47.85,46.47
2026-01-26,VASCONEQ,1.046616,44.23,42.26
2026-03-03,VASCONEQ,1.029786,38.03,36.93
2026-03-26,VASCONEQ,0.949609,30.34,31.95
2026-03-31,VASCONEQ,1.09867,29.73,27.06
2026-04-03,VASCONEQ,0.91216,30.53,33.47
2026-04-14,VASCONEQ,1.028101,36.22,35.23
2026-05-28,VASCONEQ,1.02134,34.46,33.74
2026-01-15,VASWANI,0.973745,54.89,56.37
2026-01-26,VASWANI,1.046512,54.45,52.03
2026-03-03,VASWANI,1.142512,61.49,53.82
2026-03-26,VASWANI,0.974876,51.22,52.54
2026-03-31,VASWANI,1.043921,52.29,50.09
2026-06-26,VASWANI,1.038318,55.55,53.5
2026-01-26,VBL,1.02742,487.1,474.1
2026-03-26,VBL,0.967368,388.35,401.45
2025-11-05,VCL,1.034091,0.91,0.88
2025-12-25,VCL,0.954545,1.89,1.98
2026-02-02,VCL,0.97549,1.99,2.04
2026-03-03,VCL,1.049261,2.13,2.03
2026-03-26,VCL,0.955882,1.3,1.36
2026-04-03,VCL,0.962687,1.29,1.34
2026-04-14,VCL,0.959302,1.65,1.72
2026-06-26,VCL,0.909091,1.2,1.32
2025-11-05,VDEAL,1.05664,222.0,210.1
2025-12-25,VDEAL,1.034884,222.5,215.0
2026-01-15,VDEAL,1.033711,187.05,180.95
2026-02-02,VDEAL,1.08125,173.0,160.0
2026-03-26,VDEAL,0.89141,165.0,185.1
2026-03-31,VDEAL,1.051051,175.0,166.5
2026-04-03,VDEAL,0.958953,186.9,194.9
2026-06-26,VDEAL,0.944181,159.0,168.4
2026-01-15,VEDL,0.942952,637.2,675.75
2026-02-02,VEDL,0.961265,655.15,681.55
2026-03-26,VEDL,0.973046,651.6,669.65
2026-05-01,VEDL,2.848831,773.6,271.55
2026-05-28,VEDL,0.972371,344.9,354.7
2026-06-26,VEDL,1.033278,282.55,273.45
2026-06-26,VEDPOWER,1.028053,43.61,42.42
2025-10-22,VEEDOL,0.978893,1785.5,1824.0
2026-03-03,VEEDOL,1.035749,1393.6,1345.5
2026-03-31,VEEDOL,1.027764,1280.8,1246.2
2025-11-05,VEEKAYEM,1.107639,287.1,259.2
2025-12-25,VEEKAYEM,1.066648,190.45,178.55
2026-02-02,VEEKAYEM,0.950764,84.0,88.35
2026-03-31,VEEKAYEM,0.964427,122.0,126.5
2026-05-01,VEEKAYEM,0.952381,134.0,140.7
2026-05-28,VEEKAYEM,0.954064,135.0,141.5
2026-05-01,VELJAN,0.966082,1002.6,1037.8
2026-05-28,VELJAN,0.975721,1048.9,1075.0
2025-11-05,VELS,0.953072,55.85,58.6
2026-01-26,VELS,0.953026,52.75,55.35
2026-03-03,VELS,0.952381,50.0,52.5
2026-03-26,VELS,1.052411,50.2,47.7
2026-03-31,VELS,0.952764,47.4,49.75
2026-04-03,VELS,0.952468,52.1,54.7
2026-04-14,VELS,0.95873,60.4,63.0
2026-06-26,VELS,1.052255,73.5,69.85
2026-03-03,VENKEYS,1.03781,1347.7,1298.6
2026-03-31,VENKEYS,1.036129,1213.1,1170.8
2026-01-26,VENTIVE,1.02025,738.1,723.45
2026-02-02,VENTIVE,0.971651,724.9,746.05
2026-03-03,VENTIVE,0.976525,694.7,711.4
2026-03-31,VENTIVE,1.067499,585.95,548.9
2026-01-26,VENUSPIPES,1.033898,1061.4,1026.6
2026-03-03,VENUSPIPES,1.04486,1111.0,1063.3
2026-03-26,VENUSPIPES,0.960651,949.7,988.6
2026-03-31,VENUSPIPES,1.046197,935.3,894.0
2026-06-26,VENUSPIPES,0.978131,1659.4,1696.5
2026-01-15,VENUSREM,0.96634,743.55,769.45
2026-01-26,VENUSREM,1.042981,743.75,713.1
2026-03-03,VENUSREM,1.032159,672.4,651.45
2026-03-31,VENUSREM,1.05207,862.75,820.05
2026-04-03,VENUSREM,0.96035,861.05,896.6
2026-04-14,VENUSREM,0.955728,994.1,1040.15
2026-05-01,VENUSREM,0.964751,933.3,967.4
2026-05-28,VENUSREM,0.952383,1161.05,1219.1
2026-06-26,VENUSREM,0.95244,1854.4,1947.0
2025-10-22,VERANDA,0.966738,230.77,238.71
2025-12-25,VERANDA,1.028829,190.93,185.58
2026-01-15,VERANDA,0.979334,215.14,219.68
2026-01-26,VERANDA,1.02224,211.43,206.83
2026-02-02,VERANDA,0.954768,196.52,205.83
2026-03-03,VERANDA,1.027696,181.82,176.92
2026-03-31,VERANDA,1.034812,138.52,133.86
2026-04-14,VERANDA,1.025245,151.48,147.75
2026-05-01,VERANDA,1.036158,196.87,190.0
2026-06-26,VERANDA,1.021931,239.51,234.37
2025-12-25,VERITAAS,0.953149,62.05,65.1
2026-01-15,VERITAAS,1.041284,56.75,54.5
2026-01-26,VERITAAS,1.045455,46.0,44.0
2026-02-02,VERITAAS,1.049116,53.4,50.9
2026-03-26,VERITAAS,1.051637,41.75,39.7
2026-03-31,VERITAAS,0.953283,37.75,39.6
2026-04-03,VERITAAS,0.952982,41.55,43.6
2025-11-05,VERTEXPLUS,0.952756,114.95,120.65
2025-12-25,VERTEXPLUS,1.053105,117.0,111.1
2026-03-26,VERTEXPLUS,1.042319,89.9,86.25
2025-11-05,VERTOZ,0.961976,68.56,71.27
2026-01-26,VERTOZ,1.068392,68.11,63.75
2026-03-03,VERTOZ,1.063541,47.87,45.01
2026-03-26,VERTOZ,0.978076,35.69,36.49
2026-03-31,VERTOZ,1.133735,31.96,28.19
2026-04-03,VERTOZ,0.943065,31.14,33.02
2026-04-14,VERTOZ,0.968687,43.31,44.71
2026-06-26,VERTOZ,1.047468,39.72,37.92
2025-10-22,VESUVIUS,0.979203,482.6,492.85
2026-01-15,VESUVIUS,0.965791,444.65,460.4
2026-02-02,VESUVIUS,0.931463,461.4,495.35
2026-03-26,VESUVIUS,0.962188,455.5,473.4
2026-03-31,VESUVIUS,1.045825,455.3,435.35
2026-04-03,VESUVIUS,0.967612,443.65,458.5
2026-03-03,VETO,1.025758,103.54,100.94
2026-03-26,VETO,0.977539,90.96,93.05
2026-03-31,VETO,1.068009,90.14,84.4
2026-05-28,VETO,0.919889,112.3,122.08
2026-04-03,VGINFOTECH,0.929352,119.05,128.1
2026-04-14,VGINFOTECH,0.959694,144.05,150.1
2026-05-28,VGINFOTECH,0.945936,130.35,137.8
2025-12-25,VGL,1.021166,149.56,146.46
2026-01-26,VGL,1.027483,132.72,129.17
2026-03-03,VGL,1.855839,128.09,69.02
2026-03-26,VGL,1.026243,51.62,50.3
2026-04-14,VGL,0.978912,60.81,62.12
2026-05-28,VGL,0.952483,66.95,70.29
2026-06-26,VGL,1.031046,68.08,66.03
2026-01-15,VGUARD,1.03368,313.05,302.85
2026-02-02,VGUARD,0.979543,344.75,351.95
2026-04-03,VGUARD,0.978308,315.7,322.7
2026-04-14,VGUARD,1.024853,321.65,313.85
2026-06-26,VGUARD,1.024004,313.55,306.2
2026-01-26,VHL,1.022763,3226.0,3154.2
2026-03-03,VHL,1.071842,3330.0,3106.8
2026-03-31,VHL,1.031644,3071.1,2976.9
2026-01-26,VHLTD,0.970047,138.61,142.89
2026-02-02,VHLTD,1.044218,139.33,133.43
2026-06-26,VHLTD,1.027099,131.9,128.42
2025-12-25,VIAZ,1.052632,70.0,66.5
2026-01-15,VIAZ,0.952381,63.0,66.15
2026-03-31,VIAZ,1.022951,62.4,61.0
2026-01-15,VICTORYEV,1.251908,41.0,32.75
2026-01-26,VICTORYEV,1.051653,25.45,24.2
2026-02-02,VICTORYEV,0.943946,21.05,22.3
2026-03-03,VICTORYEV,1.089347,15.85,14.55
2026-06-26,VICTORYEV,1.041667,17.5,16.8
2026-03-03,VIDHIING,1.025959,310.25,302.4
2026-03-31,VIDHIING,0.956577,263.25,275.2
2026-04-03,VIDHIING,0.945907,298.15,315.2
2026-06-26,VIDHIING,1.020949,285.1,279.25
2026-01-15,VIDYAWIRES,0.978741,47.88,48.92
2026-02-02,VIDYAWIRES,0.955971,44.51,46.56
2026-03-03,VIDYAWIRES,1.034863,53.43,51.63
2026-03-31,VIDYAWIRES,1.04347,52.33,50.15
2026-04-14,VIDYAWIRES,0.949058,62.97,66.35
2026-05-28,VIDYAWIRES,0.909099,101.61,111.77
2025-11-05,VIESL,1.022541,231.35,226.25
2025-12-25,VIESL,0.975836,262.5,269.0
2026-01-15,VIESL,0.962712,227.2,236.0
2026-01-26,VIESL,1.034415,235.95,228.1
2026-02-02,VIESL,1.04063,227.95,219.05
2026-03-26,VIESL,0.950767,238.5,250.85
2026-03-31,VIESL,1.041029,244.85,235.2
2026-04-14,VIESL,1.020558,285.45,279.7
2026-05-28,VIESL,1.050569,313.7,298.6
2026-03-03,VIGOR,1.077689,54.1,50.2
2026-03-26,VIGOR,0.908491,48.15,53.0
2026-03-31,VIGOR,0.969345,45.85,47.3
2026-04-14,VIGOR,0.96063,61.0,63.5
2026-05-01,VIGOR,1.025854,55.55,54.15
2026-02-02,VIJAYA,1.023209,980.95,958.7
2026-03-03,VIJAYA,1.025942,1004.5,979.1
2026-06-26,VIJAYA,0.959643,1312.6,1367.8
2025-10-22,VIJAYPD,0.954067,49.85,52.25
2026-02-02,VIJAYPD,1.126374,51.25,45.5
2026-03-03,VIJAYPD,1.05198,63.75,60.6
2026-03-31,VIJAYPD,1.052147,68.6,65.2
2026-04-03,VIJAYPD,1.02088,68.45,67.05
2026-04-14,VIJAYPD,1.037464,72.0,69.4
2026-05-01,VIJAYPD,0.952403,104.05,109.25
2026-06-26,VIJAYPD,1.04222,86.4,82.9
2026-01-15,VIJIFIN,1.051903,3.04,2.89
2026-01-26,VIJIFIN,1.052209,2.62,2.49
2026-02-02,VIJIFIN,1.045643,2.52,2.41
2026-03-31,VIJIFIN,0.955017,2.76,2.89
2026-05-01,VIJIFIN,0.971279,3.72,3.83
2026-05-28,VIJIFIN,0.952381,3.8,3.99
2026-06-26,VIJIFIN,0.952381,5.2,5.46
2025-12-25,VIKASECO,0.949721,1.7,1.79
2026-01-15,VIKASECO,0.97546,1.59,1.63
2026-03-03,VIKASECO,1.037313,1.39,1.34
2026-03-31,VIKASECO,1.080808,1.07,0.99
2026-04-03,VIKASECO,0.94958,1.13,1.19
2026-04-14,VIKASECO,1.042857,1.46,1.4
2026-05-28,VIKASECO,1.023438,1.31,1.28
2026-03-03,VIKASLIFE,1.042857,1.46,1.4
2026-03-31,VIKASLIFE,1.084906,1.15,1.06
2026-04-03,VIKASLIFE,0.96875,1.24,1.28
2026-04-14,VIKASLIFE,1.038217,1.63,1.57
2026-05-28,VIKASLIFE,0.960265,1.45,1.51
2026-01-26,VIKRAMSOLR,1.037889,203.53,196.1
2026-02-02,VIKRAMSOLR,0.970101,197.92,204.02
2026-03-03,VIKRAMSOLR,1.040634,173.89,167.1
2026-03-31,VIKRAMSOLR,1.071425,190.36,177.67
2026-05-01,VIKRAMSOLR,1.029035,225.76,219.39
2026-06-26,VIKRAMSOLR,1.026662,190.22,185.28
2025-12-25,VIKRAN,0.898952,86.65,96.39
2026-01-26,VIKRAN,1.027519,90.36,87.94
2026-03-03,VIKRAN,1.030093,68.46,66.46
2026-03-26,VIKRAN,0.976709,58.29,59.68
2026-03-31,VIKRAN,1.07842,55.97,51.9
2026-05-28,VIKRAN,1.0288,77.16,75.0
2025-11-05,VILAS,1.025678,431.4,420.6
2026-01-15,VILAS,1.04,384.8,370.0
2026-02-02,VILAS,1.02187,331.75,324.65
2026-03-03,VILAS,1.043501,392.2,375.85
2026-03-26,VILAS,0.942176,363.35,385.65
2026-03-31,VILAS,1.060826,358.4,337.85
2026-04-03,VILAS,0.925988,357.2,385.75
2026-04-14,VILAS,1.03399,419.8,406.0
2025-11-05,VILINBIO,0.954717,25.3,26.5
2026-01-15,VILINBIO,1.052536,29.05,27.6
2026-01-26,VILINBIO,0.953287,27.55,28.9
2026-02-02,VILINBIO,1.047143,36.65,35.0
2026-06-26,VILINBIO,1.051745,43.7,41.55
2025-11-05,VIMTALABS,1.032282,682.7,661.35
2025-12-25,VIMTALABS,1.026645,635.75,619.25
2026-01-26,VIMTALABS,1.039833,535.15,514.65
2026-02-02,VIMTALABS,1.077363,442.85,411.05
2026-03-03,VIMTALABS,1.028672,452.05,439.45
2026-03-31,VIMTALABS,1.054242,401.35,380.7
2026-02-02,VINATIORGA,0.976418,1490.6,1526.6
2026-03-03,VINATIORGA,1.042121,1472.1,1412.6
2026-04-03,VINATIORGA,1.025363,1342.2,1309.0
2026-04-14,VINATIORGA,1.037552,1254.4,1209.0
2025-11-05,VINCOFE,1.022635,166.71,163.02
2026-01-26,VINCOFE,1.028999,151.87,147.59
2026-05-28,VINCOFE,0.972152,149.76,154.05
2026-06-26,VINCOFE,1.028974,155.55,151.17
2026-01-26,VINDHYATEL,1.03741,1247.9,1202.9
2026-03-03,VINDHYATEL,1.023621,1048.7,1024.5
2026-04-14,VINDHYATEL,0.960857,1168.45,1216.05
2026-05-01,VINDHYATEL,0.949014,1299.2,1369.0
2026-05-28,VINDHYATEL,0.945472,2009.6,2125.5
2026-01-15,VINEET-RE,1.066667,0.96,0.9
2026-01-26,VINEET-RE,1.046154,0.68,0.65
2026-01-26,VINEETLAB,0.974639,33.05,33.91
2026-02-02,VINEETLAB,1.020744,33.46,32.78
2026-03-31,VINEETLAB,1.044391,30.35,29.06
2025-10-22,VINNY,1.02439,1.26,1.23
2026-02-02,VINNY,0.962617,1.03,1.07
2026-03-03,VINNY,1.038835,1.07,1.03
2026-03-26,VINNY,1.028846,1.07,1.04
2026-03-31,VINNY,1.072165,1.04,0.97
2026-04-14,VINNY,1.02521,1.22,1.19
2026-02-02,VINSYS,0.958261,357.0,372.55
2026-03-03,VINSYS,0.979643,310.4,316.85
2026-03-26,VINSYS,1.053725,268.7,255.0
2026-05-28,VINSYS,0.950508,360.1,378.85
2026-01-26,VINYAS,1.03559,1117.35,1078.95
2026-02-02,VINYAS,0.93592,1004.85,1073.65
2026-03-03,VINYAS,0.964424,982.7,1018.95
2026-03-26,VINYAS,1.04551,900.55,861.35
2026-03-31,VINYAS,1.051402,855.0,813.2
2026-04-14,VINYAS,0.950718,970.35,1020.65
2026-05-28,VINYAS,0.957586,1060.0,1106.95
2026-01-26,VINYLINDIA,1.020972,213.23,208.85
2026-03-03,VINYLINDIA,1.024803,209.89,204.81
2026-03-31,VINYLINDIA,1.086132,179.19,164.98
2026-05-01,VINYLINDIA,1.02923,263.73,256.24
2026-01-26,VIPCLOTHNG,1.067494,27.52,25.78
2026-03-31,VIPCLOTHNG,1.06288,15.72,14.79
2026-04-03,VIPCLOTHNG,0.84234,16.99,20.17
2026-04-14,VIPCLOTHNG,1.058979,24.06,22.72
2026-05-28,VIPCLOTHNG,0.974455,25.94,26.62
2026-06-26,VIPCLOTHNG,1.032656,25.93,25.11
2025-12-25,VIPIND,0.895969,365.6,408.05
2026-01-15,VIPIND,1.03236,374.85,363.1
2026-03-31,VIPIND,1.055914,319.15,302.25
2026-04-14,VIPIND,1.028535,324.4,315.4
2025-11-05,VIPULLTD,0.909611,7.95,8.74
2025-12-25,VIPULLTD,0.916017,10.58,11.55
2026-01-15,VIPULLTD,0.952762,11.9,12.49
2026-03-03,VIPULLTD,1.034483,13.2,12.76
2026-03-26,VIPULLTD,1.020036,11.2,10.98
2026-05-01,VIPULLTD,1.026749,9.98,9.72
2026-06-26,VIPULLTD,0.953005,12.37,12.98
2025-12-25,VIRINCHI,0.968865,23.65,24.41
2026-01-26,VIRINCHI,1.050594,20.35,19.37
2026-03-31,VIRINCHI,1.031406,14.45,14.01
2026-04-03,VIRINCHI,0.975254,15.37,15.76
2026-04-14,VIRINCHI,1.028353,18.86,18.34
2026-05-28,VIRINCHI,0.967565,17.6,18.19
2026-05-28,VISACHROME,1.044299,52.57,50.34
2026-06-26,VISACHROME,1.028912,42.35,41.16
2025-12-25,VISAKAIND,0.971441,67.35,69.33
2026-03-26,VISAKAIND,0.979893,56.53,57.69
2026-03-31,VISAKAIND,1.07068,55.14,51.5
2026-04-03,VISAKAIND,0.954435,55.09,57.72
2026-04-14,VISAKAIND,1.02844,64.73,62.94
2026-05-28,VISAKAIND,1.027673,73.53,71.55
2026-06-26,VISAKAIND,1.036188,78.17,75.44
2025-11-05,VISAMAN,1.033169,115.25,111.55
2026-02-02,VISAMAN,1.024429,130.0,126.9
2026-03-03,VISAMAN,1.0523,133.8,127.15
2026-03-26,VISAMAN,0.977842,101.5,103.8
2026-03-31,VISAMAN,1.052156,104.9,99.7
2026-04-03,VISAMAN,0.978037,104.65,107.0
2026-04-14,VISAMAN,1.020367,125.25,122.75
2025-11-05,VISASTEEL,0.977531,67.0,68.54
2026-01-15,VISASTEEL,0.978391,42.56,43.5
2026-01-26,VISASTEEL,1.02819,42.31,41.15
2026-02-02,VISASTEEL,1.043444,39.87,38.21
2026-03-03,VISASTEEL,1.024619,38.29,37.37
2026-03-26,VISASTEEL,0.953361,27.8,29.16
2026-03-31,VISASTEEL,1.05252,29.86,28.37
2026-04-14,VISASTEEL,1.022383,32.43,31.72
2025-10-22,VISHNU,0.97515,472.85,484.9
2025-11-05,VISHNU,1.033665,525.05,507.95
2025-12-25,VISHNU,0.968245,530.55,547.95
2026-02-02,VISHNU,0.953743,500.0,524.25
2026-04-14,VISHNU,0.968606,515.25,531.95
2026-05-01,VISHNU,0.975595,579.65,594.15
2025-12-25,VISHNUINFR,1.043215,181.05,173.55
2026-01-15,VISHNUINFR,0.956977,164.6,172.0
2026-02-02,VISHNUINFR,0.934742,201.25,215.3
2026-03-31,VISHNUINFR,1.048965,131.75,125.6
2026-04-03,VISHNUINFR,1.026236,134.95,131.5
2026-04-14,VISHNUINFR,0.974026,168.75,173.25
2026-01-15,VISHWARAJ,1.033183,6.85,6.63
2026-01-26,VISHWARAJ,1.053485,6.5,6.17
2026-03-03,VISHWARAJ,1.053957,5.86,5.56
2026-03-31,VISHWARAJ,1.0311,4.31,4.18
2026-04-03,VISHWARAJ,0.972222,4.55,4.68
2026-04-14,VISHWARAJ,0.972222,5.6,5.76
2026-06-26,VISHWARAJ,1.044527,5.63,5.39
2025-10-22,VISHWAS,0.948122,53.0,55.9
2025-11-05,VISHWAS,1.020212,53.0,51.95
2025-12-25,VISHWAS,0.947012,42.0,44.35
2026-01-26,VISHWAS,0.978385,43.0,43.95
2026-03-03,VISHWAS,0.975734,38.2,39.15
2026-03-26,VISHWAS,0.922667,34.6,37.5
2026-05-01,VISHWAS,0.967073,39.65,41.0
2026-06-26,VISL,0.952396,29.41,30.88
2025-10-22,VITAL,0.965574,58.9,61.0
2025-12-25,VITAL,1.036232,57.2,55.2
2026-01-26,VITAL,1.042308,54.2,52.0
2026-03-26,VITAL,0.952564,37.15,39.0
2026-03-31,VITAL,0.953434,40.95,42.95
2026-04-03,VITAL,0.952471,45.09,47.34
2026-04-14,VITAL,0.958413,60.38,63.0
2026-05-28,VITAL,1.034128,56.36,54.5
2025-10-22,VIVIANA,0.973683,1696.4,1742.25
2025-11-05,VIVIANA,1.04138,1610.65,1546.65
2025-12-25,VIVIANA,0.973385,735.1,755.2
2026-02-02,VIVIANA,0.965462,628.95,651.45
2026-03-31,VIVIANA,1.030485,643.95,624.9
2026-04-14,VIVIANA,1.02288,739.9,723.35
2026-06-26,VIVIANA,1.025719,859.45,837.9
2026-05-28,VIVIDEL,1.021762,986.0,965.0
2026-06-26,VIVIDEL,1.026932,1405.1,1368.25
2025-12-25,VIVIDHA,1.029851,0.69,0.67
2026-03-03,VIVIDHA,1.056604,0.56,0.53
2026-03-31,VIVIDHA,1.116279,0.48,0.43
2026-04-03,VIVIDHA,1.021277,0.48,0.47
2025-12-25,VIVIMEDLAB,1.052607,22.81,21.67
2026-01-15,VIVIMEDLAB,1.052049,9.5,9.03
2026-01-26,VIVIMEDLAB,0.959016,7.02,7.32
2026-02-02,VIVIMEDLAB,1.049774,9.28,8.84
2026-03-03,VIVIMEDLAB,1.051389,7.57,7.2
2026-03-31,VIVIMEDLAB,1.051136,5.55,5.28
2026-04-03,VIVIMEDLAB,0.955095,5.53,5.79
2026-05-01,VIVIMEDLAB,1.029499,6.98,6.78
2026-03-26,VIVO,0.955263,72.6,76.0
2026-01-26,VIYASH,0.971085,201.17,207.16
2026-03-03,VIYASH,1.06572,213.08,199.94
2026-03-26,VIYASH,0.974499,188.78,193.72
2026-03-31,VIYASH,1.025599,187.5,182.82
2026-05-28,VIYASH,1.02837,257.36,250.26
2025-10-22,VLEGOV,0.971842,24.16,24.86
2025-11-05,VLEGOV,1.052749,23.55,22.37
2025-12-25,VLEGOV,1.024319,21.06,20.56
2026-01-26,VLEGOV,1.021992,15.8,15.46
2026-03-03,VLEGOV,0.979899,15.6,15.92
2026-03-31,VLEGOV,1.089431,9.38,8.61
2026-04-03,VLEGOV,0.909702,9.47,10.41
2026-04-14,VLEGOV,0.953168,13.84,14.52
2025-11-05,VLINFRA,1.071547,32.2,30.05
2025-12-25,VLINFRA,0.978947,27.9,28.5
2026-03-03,VLINFRA,1.095833,26.3,24.0
2026-03-31,VLINFRA,1.091398,20.3,18.6
2026-04-03,VLINFRA,0.97619,20.5,21.0
2026-05-01,VLINFRA,1.04031,33.55,32.25
2026-05-28,VLINFRA,0.973535,25.75,26.45
2026-06-26,VLINFRA,1.022059,27.8,27.2
2025-12-25,VLSFINANCE,0.97075,290.4,299.15
2026-03-31,VLSFINANCE,1.037777,215.65,207.8
2026-04-03,VLSFINANCE,0.975962,216.4,221.73
2026-05-01,VLSFINANCE,1.024886,236.39,230.65
2026-05-28,VLSFINANCE,1.063165,238.84,224.65
2026-06-26,VLSFINANCE,0.939223,246.33,262.27
2026-03-03,VMARCIND,1.031498,702.45,681.0
2026-03-26,VMARCIND,0.965979,634.6,656.95
2026-03-31,VMARCIND,1.038084,602.4,580.3
2026-04-03,VMARCIND,0.974118,621.0,637.5
2026-04-14,VMARCIND,1.045264,797.85,763.3
2026-05-28,VMARCIND,0.934836,1142.65,1222.3
2026-06-26,VMARCIND,1.021481,1614.45,1580.5
2026-02-02,VMART,0.957058,605.1,632.25
2026-03-31,VMART,1.032272,492.6,477.2
2026-04-03,VMART,0.886768,483.2,544.9
2026-05-01,VMART,1.03439,637.65,616.45
2026-06-26,VMART,1.020929,778.05,762.1
2026-04-03,VMM,0.974323,105.11,107.88
2026-06-26,VMM,1.022167,118.97,116.39
2026-01-26,VMSTMT,1.055978,49.99,47.34
2026-02-02,VMSTMT,0.959733,47.43,49.42
2026-03-03,VMSTMT,1.052847,46.22,43.9
2026-03-31,VMSTMT,1.079687,37.26,34.51
2026-05-01,VMSTMT,1.03606,51.43,49.64
2026-06-26,VOGL,1.032984,34.45,33.35
2025-10-22,VOLERCAR,0.96729,227.7,235.4
2025-11-05,VOLERCAR,1.031522,237.25,230.0
2026-01-15,VOLERCAR,0.952381,209.0,219.45
2026-01-26,VOLERCAR,0.952381,213.0,223.65
2026-02-02,VOLERCAR,0.956757,230.1,240.5
2026-03-31,VOLERCAR,1.043478,216.0,207.0
2026-05-28,VOLERCAR,0.967544,237.0,244.95
2026-06-26,VOLERCAR,0.979036,233.5,238.5
2026-03-03,VOLTAMP,1.032957,9105.0,8814.5
2026-03-31,VOLTAMP,0.971619,8439.0,8685.5
2026-02-02,VOLTAS,0.975073,1294.8,1327.9
2026-03-03,VOLTAS,1.041492,1561.3,1499.1
2026-03-26,VOLTAS,0.951271,1302.1,1368.8
2026-03-31,VOLTAS,1.039126,1322.6,1272.8
2026-04-14,VOLTAS,0.966216,1315.6,1361.6
2026-05-01,VOLTAS,1.03104,1474.8,1430.4
2025-12-25,VPRPL,0.969974,59.44,61.28
2026-03-03,VPRPL,1.05038,44.2,42.08
2026-03-26,VPRPL,0.979332,34.59,35.32
2026-03-31,VPRPL,1.108317,33.05,29.82
2026-04-03,VPRPL,0.975921,33.64,34.47
2026-05-01,VPRPL,1.030296,45.23,43.9
2026-06-26,VPRPL,1.02031,29.64,29.05
2025-12-25,VR,1.080402,172.0,159.2
2026-01-15,VR,0.848946,145.0,170.8
2026-02-06,VR,0.95023,154.65,162.75
2026-03-03,VR,1.046698,143.45,137.05
2026-03-31,VR,1.052632,144.0,136.8
2026-05-01,VR,1.050847,155.0,147.5
2026-05-28,VR,1.052467,134.4,127.7
2026-03-03,VRAJ,1.050174,126.84,120.78
2026-03-31,VRAJ,1.086194,102.83,94.67
2025-11-05,VRLLOG,1.039734,281.3,270.55
2026-03-31,VRLLOG,1.051732,246.0,233.9
2026-04-03,VRLLOG,1.020497,235.99,231.25
2026-06-26,VRLLOG,0.973245,233.17,239.58
2025-11-05,VSCL,1.052273,23.15,22.0
2026-01-26,VSCL,1.051643,22.4,21.3
2026-03-26,VSCL,1.052009,22.25,21.15
2026-04-03,VSCL,0.965217,22.2,23.0
2026-05-01,VSCL,1.051181,26.7,25.4
2026-05-28,VSCL,0.954248,21.9,22.95
2025-10-22,VSSL,0.940631,278.85,296.45
2025-12-25,VSSL,1.022616,291.65,285.2
2026-01-26,VSSL,1.051762,261.1,248.25
2026-03-03,VSSL,1.03426,256.6,248.1
2026-03-31,VSSL,1.050144,218.85,208.4
2026-04-14,VSSL,0.964425,243.17,252.14
2025-10-22,VSTIND,0.977027,253.05,259.0
2026-03-03,VSTIND,1.021354,233.89,229.0
2026-03-31,VSTIND,1.038287,207.73,200.07
2026-04-03,VSTIND,0.97768,211.13,215.95
2026-03-03,VSTL,1.039622,116.76,112.31
2026-03-26,VSTL,0.976232,107.61,110.23
2026-03-31,VSTL,1.029242,105.24,102.25
2026-03-03,VSTTILLERS,1.024204,5776.0,5639.5
2026-03-31,VSTTILLERS,1.020816,4904.0,4804.0
2026-05-28,VSTTILLERS,1.030293,4778.5,4638.0
2026-01-26,VTL,1.031231,416.05,403.45
2026-02-02,VTL,1.045912,452.2,432.35
2026-03-26,VTL,1.020911,534.6,523.65
2026-04-14,VTL,1.022982,560.85,548.25
2026-02-02,WAAREEENER,0.94974,2647.4,2787.5
2026-03-03,WAAREEENER,1.024969,2709.3,2643.3
2026-03-26,WAAREEENER,0.971302,3086.7,3177.9
2026-05-01,WAAREEENER,1.123156,3502.9,3118.8
2025-12-25,WAAREEINDO,0.95241,471.3,494.85
2026-01-15,WAAREEINDO,0.96965,472.85,487.65
2026-01-26,WAAREEINDO,0.971915,422.2,434.4
2026-02-02,WAAREEINDO,0.956128,422.8,442.2
2026-03-03,WAAREEINDO,1.052624,347.05,329.7
2026-03-26,WAAREEINDO,1.039059,421.65,405.8
2026-03-31,WAAREEINDO,1.052409,385.55,366.35
2026-04-14,WAAREEINDO,0.952472,423.85,445.0
2025-10-22,WAAREERTL,0.976501,1234.2,1263.9
2025-11-05,WAAREERTL,1.026686,1235.0,1202.9
2026-01-15,WAAREERTL,1.034594,1006.35,972.7
2026-01-26,WAAREERTL,1.031989,901.7,873.75
2026-03-03,WAAREERTL,1.0237,853.1,833.35
2026-03-26,WAAREERTL,0.976581,829.85,849.75
2026-03-31,WAAREERTL,1.037773,811.85,782.3
2026-04-14,WAAREERTL,0.945657,918.8,971.6
2026-05-01,WAAREERTL,1.023094,1041.1,1017.6
2026-06-26,WAAREERTL,0.963945,983.85,1020.65
2026-01-26,WABAG,1.043069,1106.8,1061.1
2026-03-03,WABAG,1.029225,1264.3,1228.4
2026-03-26,WABAG,0.96557,1208.7,1251.8
2026-03-31,WABAG,1.037239,1200.5,1157.4
2026-05-28,WABAG,0.973691,1506.3,1547.0
2026-02-02,WAKEFIT,0.979863,178.58,182.25
2026-05-01,WAKEFIT,1.03238,142.52,138.05
2026-01-26,WALCHANNAG,1.035181,157.42,152.07
2026-03-03,WALCHANNAG,1.023855,172.97,168.94
2026-03-31,WALCHANNAG,1.056665,139.11,131.65
2026-06-26,WALCHANNAG,1.047854,286.85,273.75
2025-10-22,WALPAR,0.96548,44.75,46.35
2026-05-28,WALPAR,0.952381,33.0,34.65
2026-06-26,WALPAR,0.952475,24.05,25.25
2025-10-22,WANBURY,0.973209,228.85,235.15
2026-01-15,WANBURY,0.96746,212.58,219.73
2026-01-26,WANBURY,1.042728,185.47,177.87
2026-03-03,WANBURY,1.048392,265.61,253.35
2026-03-26,WANBURY,1.022933,243.1,237.65
2026-03-31,WANBURY,1.022077,226.85,221.95
2026-04-14,WANBURY,0.973316,245.12,251.84
2026-05-28,WANBURY,0.952532,285.95,300.2
2025-10-22,WCIL,0.970449,125.12,128.93
2026-03-03,WCIL,1.048361,114.46,109.18
2026-03-26,WCIL,0.963763,85.64,88.86
2026-03-31,WCIL,1.049827,81.75,77.87
2026-04-03,WCIL,0.972042,81.01,83.34
2026-04-14,WCIL,0.972369,93.96,96.63
2026-06-26,WCIL,1.039501,105.0,101.01
2026-01-15,WEALTH,1.043739,869.8,833.35
2026-02-02,WEALTH,0.96942,816.3,842.05
2026-03-26,WEALTH,0.929865,867.75,933.2
2026-03-31,WEALTH,1.074528,867.95,807.75
2025-11-05,WEBELSOLAR,1.039442,1259.7,1211.9
2025-12-25,WEBELSOLAR,0.910146,85.49,93.93
2026-01-15,WEBELSOLAR,1.028644,85.47,83.09
2026-01-26,WEBELSOLAR,1.040519,77.81,74.78
2026-02-02,WEBELSOLAR,0.915356,74.51,81.4
2026-03-31,WEBELSOLAR,1.091119,70.77,64.86
2026-04-03,WEBELSOLAR,0.934259,71.34,76.36
2026-05-01,WEBELSOLAR,1.049069,116.09,110.66
2026-01-26,WEIZMANIND,1.046933,84.99,81.18
2026-03-03,WEIZMANIND,1.047031,89.05,85.05
2026-03-31,WEIZMANIND,1.067368,70.98,66.5
2026-04-03,WEIZMANIND,0.968149,69.0,71.27
2025-12-25,WEL,0.953943,141.05,147.86
2026-03-03,WEL,1.024682,141.15,137.75
2026-03-31,WEL,1.249948,119.92,95.94
2026-04-14,WEL,0.951842,83.21,87.42
2026-06-26,WEL,0.967311,94.1,97.28
2025-10-22,WELCORP,0.979593,832.85,850.2
2025-11-05,WELCORP,1.030275,952.85,924.85
2026-01-26,WELCORP,1.039009,759.1,730.6
2026-03-26,WELCORP,0.960086,802.2,835.55
2026-04-03,WELCORP,0.977505,827.8,846.85
2026-04-14,WELCORP,0.956539,961.8,1005.5
2026-05-28,WELCORP,0.96074,1319.0,1372.9
2026-06-26,WELCORP,0.966257,1406.0,1455.1
2026-01-26,WELENT,1.054271,492.45,467.1
2026-02-02,WELENT,0.978369,461.35,471.55
2026-03-03,WELENT,1.032031,484.9,469.85
2026-03-31,WELENT,1.034275,430.0,415.75
2026-05-01,WELENT,1.032203,540.1,523.25
2025-10-22,WELINV,0.956946,1166.9,1219.4
2026-01-15,WELINV,1.032375,1285.1,1244.8
2026-01-26,WELINV,1.021725,1241.6,1215.2
2026-03-26,WELINV,0.958276,1251.7,1306.2
2026-04-03,WELINV,0.972337,1265.4,1301.4
2026-06-26,WELSPLSOL,0.972973,56.52,58.09
2026-01-15,WELSPUNLIV,0.965246,121.37,125.74
2026-01-26,WELSPUNLIV,1.039576,125.56,120.78
2026-03-31,WELSPUNLIV,1.075148,116.46,108.32
2025-10-22,WENDT,0.974226,8901.5,9137.0
2026-01-26,WENDT,1.031337,6845.5,6637.5
2026-03-03,WENDT,1.020698,6854.5,6715.5
2026-03-31,WENDT,1.062368,6294.0,5924.5
2026-04-03,WENDT,0.947178,6159.5,6503.0
2025-12-25,WESTLIFE,0.979747,527.3,538.2
2026-01-15,WESTLIFE,1.028805,510.75,496.45
2026-02-02,WESTLIFE,0.974754,480.7,493.15
2026-03-26,WESTLIFE,0.973307,424.8,436.45
2026-03-31,WESTLIFE,0.919177,442.4,481.3
2025-10-22,WEWIN,1.044072,63.49,60.81
2026-01-15,WEWIN,0.976514,42.41,43.43
2026-03-31,WEWIN,1.062432,39.31,37.0
2026-04-14,WEWIN,1.04535,54.4,52.04
2026-05-28,WEWIN,1.041096,57.0,54.75
2025-11-05,WEWORK,1.024599,647.7,632.15
2026-03-03,WEWORK,1.034497,496.3,479.75
2026-03-26,WEWORK,0.967402,445.15,460.15
2026-05-28,WEWORK,0.961249,568.05,590.95
2026-06-26,WEWORK,1.026654,643.25,626.55
2025-10-22,WHEELS,0.966205,927.75,960.2
2026-01-26,WHEELS,1.035885,757.75,731.5
2026-03-03,WHEELS,1.028747,901.8,876.6
2026-03-26,WHEELS,0.941857,1026.2,1089.55
2026-03-31,WHEELS,1.085084,1082.1,997.25
2026-04-14,WHEELS,1.02133,1043.85,1022.05
2026-05-28,WHEELS,0.967362,1600.5,1654.5
2026-06-26,WHEELS,0.935559,1566.5,1674.4
2025-10-22,WHIRLPOOL,0.971664,1357.9,1397.5
2026-03-31,WHIRLPOOL,1.02425,808.85,789.7
2025-10-22,WHITEFORCE,0.977033,78.7,80.55
2025-12-25,WHITEFORCE,1.059972,76.0,71.7
2026-01-15,WHITEFORCE,1.083898,63.95,59.0
2026-03-03,WHITEFORCE,1.085196,38.85,35.8
2026-03-26,WHITEFORCE,1.039242,38.4,36.95
2026-03-31,WHITEFORCE,1.027273,33.9,33.0
2026-04-14,WHITEFORCE,1.087719,37.2,34.2
2026-05-28,WHITEFORCE,1.05042,37.5,35.7
2025-11-05,WILLAMAGOR,1.028023,33.75,32.83
2025-12-25,WILLAMAGOR,1.042154,29.42,28.23
2026-01-26,WILLAMAGOR,1.043007,30.8,29.53
2026-02-02,WILLAMAGOR,0.974887,27.95,28.67
2026-03-03,WILLAMAGOR,1.073535,28.03,26.11
2026-03-31,WILLAMAGOR,1.082759,23.55,21.75
2026-04-03,WILLAMAGOR,0.971974,23.93,24.62
2026-05-01,WILLAMAGOR,0.961779,26.17,27.21
2026-06-26,WILLAMAGOR,1.023682,26.8,26.18
2025-11-05,WINDLAS,1.022074,958.45,937.75
2026-01-15,WINDLAS,0.962021,775.1,805.7
2026-01-26,WINDLAS,1.021419,803.55,786.7
2026-02-02,WINDLAS,0.978855,830.95,848.9
2026-03-26,WINDLAS,0.978273,763.2,780.15
2026-03-31,WINDLAS,1.038344,765.0,736.75
2025-11-05,WINDMACHIN,0.973225,287.15,295.05
2026-01-26,WINDMACHIN,1.027126,266.95,259.9
2026-02-02,WINDMACHIN,0.966015,254.4,263.35
2026-03-03,WINDMACHIN,1.067359,251.95,236.05
2026-03-26,WINDMACHIN,0.973366,221.1,227.15
2026-03-31,WINDMACHIN,1.051082,216.05,205.55
2026-04-03,WINDMACHIN,0.968826,217.86,224.87
2026-04-14,WINDMACHIN,0.932985,258.81,277.4
2026-01-15,WINNY,0.837989,60.0,71.6
2026-03-03,WINNY,1.074419,46.2,43.0
2026-03-31,WINNY,1.052632,41.0,38.95
2026-04-03,WINNY,0.953488,38.95,40.85
2026-04-14,WINNY,0.955631,42.0,43.95
2026-05-28,WINNY,1.051899,41.55,39.5
2025-12-25,WINSOL,1.021478,161.7,158.3
2026-01-15,WINSOL,0.978392,138.1,141.15
2026-02-02,WINSOL,0.973384,128.0,131.5
2026-03-03,WINSOL,1.048751,132.3,126.15
2026-03-31,WINSOL,1.103754,105.85,95.9
2026-04-03,WINSOL,0.951046,100.05,105.2
2026-04-14,WINSOL,1.054212,126.4,119.9
2026-05-28,WINSOL,0.973262,127.4,130.9
2026-06-26,WINSOL,1.033803,128.45,124.25
2025-10-22,WIPL,0.979383,162.94,166.37
2026-01-15,WIPL,1.032294,148.0,143.37
2026-02-02,WIPL,0.974984,148.1,151.9
2026-05-01,WIPL,1.029203,161.06,156.49
2026-02-02,WIPRO,1.020684,241.8,236.9
2026-03-31,WIPRO,1.021104,191.6,187.64
2025-10-22,WOCKPHARMA,0.97545,1339.0,1372.7
2025-11-05,WOCKPHARMA,1.035523,1413.8,1365.3
2026-02-02,WOCKPHARMA,0.979453,1353.8,1382.2
2026-03-03,WOCKPHARMA,1.039618,1361.9,1310.0
2026-03-26,WOCKPHARMA,0.95122,1138.8,1197.2
2026-05-28,WOCKPHARMA,0.960023,1700.2,1771.0
2025-11-05,WOL3D,0.95057,125.0,131.5
2026-01-15,WOL3D,1.052551,137.2,130.35
2026-01-26,WOL3D,1.042762,117.05,112.25
2026-03-03,WOL3D,1.052632,132.0,125.4
2026-03-26,WOL3D,0.955882,117.0,122.4
2026-03-31,WOL3D,1.041483,118.0,113.3
2026-04-03,WOL3D,0.953889,118.95,124.7
2026-05-01,WOL3D,1.03075,167.6,162.6
2026-05-28,WOL3D,1.052437,213.75,203.1
2026-06-26,WOL3D,1.021591,127.75,125.05
2025-11-05,WOMANCART,0.927175,301.1,324.75
2026-03-03,WOMANCART,1.023292,164.75,161.0
2026-03-26,WOMANCART,0.962528,151.55,157.45
2026-03-31,WOMANCART,1.104612,147.3,133.35
2026-05-01,WOMANCART,1.193254,150.35,126.0
2026-05-28,WOMANCART,1.024369,119.8,116.95
2026-06-26,WOMANCART,1.044847,109.5,104.8
2025-10-22,WONDERLA,0.971286,573.35,590.3
2026-01-15,WORTHPERI,0.975114,132.44,135.82
2026-01-26,WORTHPERI,1.037482,138.12,133.13
2026-02-02,WORTHPERI,1.022391,138.81,135.77
2026-03-26,WORTHPERI,0.970091,126.82,130.73
2026-05-01,WORTHPERI,1.022162,135.6,132.66
2026-05-01,WPIL,1.02188,441.35,431.9
2026-06-26,WPIL,1.02482,505.8,493.55
2025-10-22,WSI,0.96289,78.62,81.65
2025-12-25,WSI,1.028083,92.62,90.09
2026-03-03,WSI,1.026201,70.5,68.7
2026-03-26,WSI,0.95311,67.89,71.23
2026-04-03,WSI,0.947091,68.38,72.2
2025-10-22,WSTCSTPAPR,0.973644,450.7,462.9
2026-01-26,WSTCSTPAPR,1.025214,400.5,390.65
2026-02-02,WSTCSTPAPR,0.975309,391.05,400.95
2026-03-03,WSTCSTPAPR,1.039068,421.55,405.7
2026-03-26,WSTCSTPAPR,0.979249,431.8,440.95
2026-03-31,WSTCSTPAPR,1.03135,419.45,406.7
2026-05-28,WSTCSTPAPR,0.97698,505.05,516.95
2025-12-25,WTICAB,0.965345,135.1,139.95
2026-01-26,WTICAB,1.056636,125.0,118.3
2026-02-02,WTICAB,1.038725,128.75,123.95
2026-03-26,WTICAB,0.960116,83.05,86.5
2026-03-31,WTICAB,1.080868,82.2,76.05
2026-04-03,WTICAB,0.949505,91.2,96.05
2026-04-14,WTICAB,1.032369,105.25,101.95
2026-05-28,WTICAB,0.975534,93.7,96.05
2026-06-26,WTICAB,1.032143,115.6,112.0
2026-01-26,XCHANGING,1.022776,71.4,69.81
2026-03-31,XCHANGING,1.062147,50.76,47.79
2026-04-03,XCHANGING,0.972009,53.13,54.66
2025-10-22,XELPMOC,0.952021,134.93,141.73
2026-01-26,XELPMOC,0.975753,127.97,131.15
2026-03-03,XELPMOC,1.046965,130.41,124.56
2026-03-26,XELPMOC,1.047749,96.11,91.73
2026-03-31,XELPMOC,1.052033,88.76,84.37
2026-04-03,XELPMOC,0.955565,89.03,93.17
2026-05-01,XELPMOC,0.975502,99.55,102.05
2026-06-26,XELPMOC,0.973602,83.72,85.99
2026-01-15,XPROINDIA,0.871415,890.15,1021.5
2026-01-26,XPROINDIA,1.030797,1024.2,993.6
2026-03-03,XPROINDIA,0.972047,902.4,928.35
2026-03-26,XPROINDIA,0.963137,961.5,998.3
2026-03-31,XPROINDIA,1.02079,1033.55,1012.5
2026-04-14,XPROINDIA,1.055102,1112.5,1054.4
2026-05-28,XPROINDIA,0.97285,1132.3,1163.9
2026-01-26,XTGLOBAL,1.055019,28.38,26.9
2026-02-02,XTGLOBAL,1.035926,27.97,27.0
2026-03-03,XTGLOBAL,1.10337,38.64,35.02
2026-03-31,XTGLOBAL,1.068069,27.93,26.15
2026-04-03,XTGLOBAL,1.024567,29.61,28.9
2026-04-14,XTGLOBAL,1.025256,30.04,29.3
2026-05-01,XTGLOBAL,0.966605,31.26,32.34
2026-06-26,XTGLOBAL,1.040698,32.22,30.96
2026-03-31,YAAP,1.035107,143.0,138.15
2026-04-03,YAAP,0.843741,139.85,165.75
2026-05-28,YAAP,1.035512,201.2,194.3
2026-01-26,YASHO,1.023435,1275.2,1246.0
2026-02-02,YASHO,0.979022,1194.7,1220.3
2026-03-26,YASHO,1.049965,1492.0,1421.0
2026-03-31,YASHO,1.081864,1362.5,1259.4
2026-05-01,YASHO,0.977579,1465.0,1498.6
2026-05-28,YASHO,1.054165,2249.8,2134.2
2026-06-26,YASHO,0.964302,2766.1,2868.5
2025-10-22,YASHOPTICS,0.979213,131.9,134.7
2025-11-05,YASHOPTICS,1.040689,133.0,127.8
2025-12-25,YASHOPTICS,1.072112,134.55,125.5
2026-01-26,YASHOPTICS,1.056426,117.95,111.65
2026-03-03,YASHOPTICS,1.043744,110.95,106.3
2026-06-26,YASHOPTICS,0.977852,117.0,119.65
2026-01-26,YATHARTH,1.032861,568.9,550.8
2026-02-02,YATHARTH,1.039084,610.15,587.2
2026-03-03,YATHARTH,1.041618,709.55,681.2
2026-03-31,YATHARTH,1.040671,642.25,617.15
2026-05-01,YATHARTH,0.979207,802.95,820.0
2026-06-26,YATHARTH,1.023834,857.0,837.05
2026-01-15,YATRA,1.022418,164.64,161.03
2026-01-26,YATRA,1.03925,149.07,143.44
2026-03-03,YATRA,1.114033,118.6,106.46
2026-03-26,YATRA,0.978297,101.42,103.67
2026-03-31,YATRA,1.069152,96.63,90.38
2026-05-01,YATRA,1.048323,110.64,105.54
2026-05-28,YATRA,1.049274,101.15,96.4
2026-01-26,YCCL,0.9,10.8,12.0
2026-03-26,YCCL,1.035897,10.1,9.75
2026-03-31,YCCL,1.021622,9.45,9.25
2026-04-03,YCCL,0.920398,9.25,10.05
2026-01-26,YESBANK,1.033939,21.63,20.92
2026-03-03,YESBANK,1.026759,20.72,20.18
2026-03-26,YESBANK,0.978343,18.07,18.47
2026-03-31,YESBANK,1.050435,18.12,17.25
2025-10-22,YUDIZ,1.029361,29.8,28.95
2025-12-25,YUDIZ,1.037037,28.0,27.0
2026-01-15,YUDIZ,0.960573,26.8,27.9
2026-01-26,YUDIZ,1.043053,26.65,25.55
2026-02-02,YUDIZ,1.049451,28.65,27.3
2026-03-03,YUDIZ,1.046875,33.5,32.0
2026-03-26,YUDIZ,1.020408,25.0,24.5
2026-03-31,YUDIZ,1.051919,23.3,22.15
2026-04-03,YUDIZ,0.952869,23.25,24.4
2026-04-14,YUDIZ,1.051107,30.85,29.35
2026-05-28,YUDIZ,1.038911,26.7,25.7
2025-11-05,YUKEN,1.020639,964.3,944.8
2026-02-02,YUKEN,0.940464,768.5,817.15
2026-03-03,YUKEN,1.03966,782.5,752.65
2026-03-31,YUKEN,1.032073,613.0,593.95
2026-05-01,YUKEN,0.974097,735.2,754.75
2025-10-22,ZAGGLE,0.975483,348.15,356.9
2025-11-05,ZAGGLE,1.02731,372.4,362.5
2026-01-26,ZAGGLE,1.043208,284.9,273.1
2026-02-02,ZAGGLE,0.970713,275.1,283.4
2026-03-03,ZAGGLE,1.021182,227.55,222.83
2026-03-31,ZAGGLE,1.074679,201.47,187.47
2026-04-03,ZAGGLE,0.925805,217.49,234.92
2026-06-26,ZAGGLE,1.021352,209.99,205.6
2025-10-22,ZEAL,1.020458,104.75,102.65
2026-01-15,ZEAL,1.102362,91.0,82.55
2026-01-26,ZEAL,1.029089,79.6,77.35
2026-03-03,ZEAL,1.056478,79.5,75.25
2026-05-28,ZEAL,0.94566,67.0,70.85
2026-01-26,ZEEL,1.045214,85.07,81.39
2026-02-02,ZEEL,0.967054,81.6,84.38
2026-03-03,ZEEL,1.038722,87.45,84.19
2026-03-26,ZEEL,0.941417,71.51,75.96
2026-03-31,ZEEL,1.021486,73.69,72.14
2026-04-03,ZEEL,1.02617,76.07,74.13
2026-04-14,ZEEL,1.02566,81.94,79.89
2026-05-28,ZEEL,0.905095,82.78,91.46
2026-06-26,ZEEL,1.036997,115.48,111.36
2025-10-22,ZEELEARN,0.961538,8.75,9.1
2026-01-15,ZEELEARN,0.966127,6.56,6.79
2026-01-26,ZEELEARN,1.029141,6.71,6.52
2026-03-26,ZEELEARN,0.970472,4.93,5.08
2026-03-31,ZEELEARN,1.087059,4.62,4.25
2026-05-28,ZEELEARN,0.851541,6.08,7.14
2026-06-26,ZEELEARN,1.049272,9.37,8.93
2026-01-26,ZEEMEDIA,1.088677,7.98,7.33
2026-03-03,ZEEMEDIA,1.052045,8.49,8.07
2026-03-26,ZEEMEDIA,0.963315,7.09,7.36
2026-03-31,ZEEMEDIA,1.052632,7.0,6.65
2026-04-03,ZEEMEDIA,0.969402,6.97,7.19
2026-04-14,ZEEMEDIA,1.025707,7.98,7.78
2026-05-28,ZEEMEDIA,0.953571,8.01,8.4
2025-11-05,ZENITHDRUG,1.059446,65.05,61.4
2025-12-25,ZENITHDRUG,0.951382,49.9,52.45
2026-01-15,ZENITHDRUG,0.96369,49.1,50.95
2026-01-26,ZENITHDRUG,1.03617,48.7,47.0
2026-02-02,ZENITHDRUG,0.912409,50.0,54.8
2026-03-31,ZENITHDRUG,1.082386,38.1,35.2
2026-04-03,ZENITHDRUG,0.962453,38.45,39.95
2026-05-28,ZENITHDRUG,1.022002,46.45,45.45
2026-06-26,ZENITHDRUG,0.974054,45.05,46.25
2026-01-15,ZENITHEXPO,1.021725,205.99,201.61
2026-01-26,ZENITHEXPO,1.021282,199.15,195.0
2026-02-02,ZENITHEXPO,1.029491,212.94,206.84
2026-03-03,ZENITHEXPO,1.05258,203.19,193.04
2026-03-26,ZENITHEXPO,0.969052,181.61,187.41
2026-03-31,ZENITHEXPO,1.038457,187.4,180.46
2026-04-14,ZENITHEXPO,0.909112,197.65,217.41
2026-05-01,ZENITHEXPO,1.037674,223.1,215.0
2026-05-28,ZENITHEXPO,0.978125,196.3,200.69
2026-06-26,ZENITHEXPO,1.028744,205.79,200.04
2025-10-22,ZENITHSTL,0.953252,9.38,9.84
2025-11-05,ZENITHSTL,1.0366,8.78,8.47
2026-01-26,ZENITHSTL,1.051081,5.35,5.09
2026-02-02,ZENITHSTL,1.037624,5.24,5.05
2026-03-26,ZENITHSTL,0.9625,4.62,4.8
2026-03-31,ZENITHSTL,1.051613,4.89,4.65
2026-04-03,ZENITHSTL,1.021277,4.8,4.7
2026-04-14,ZENITHSTL,0.911765,5.89,6.46
2026-05-01,ZENITHSTL,1.030449,6.43,6.24
2026-05-28,ZENITHSTL,0.978091,6.25,6.39
2026-06-26,ZENITHSTL,1.053667,5.89,5.59
2025-11-05,ZENSARTECH,1.026899,755.9,736.1
2026-01-26,ZENSARTECH,1.024902,722.3,704.75
2026-02-02,ZENSARTECH,1.025838,667.0,650.2
2026-03-31,ZENSARTECH,1.021378,525.55,514.55
2026-02-02,ZENTEC,0.943981,1336.3,1415.6
2026-03-26,ZENTEC,0.97799,1364.1,1394.8
2026-03-31,ZENTEC,1.06036,1356.2,1279.0
2026-05-28,ZENTEC,0.945326,1602.8,1695.5
2026-06-26,ZENTEC,1.040425,1842.8,1771.2
2026-01-26,ZFCVINDIA,1.020654,13837.0,13557.0
2026-03-03,ZFCVINDIA,1.032056,15164.0,14693.0
2026-03-26,ZFCVINDIA,0.970497,13191.0,13592.0
2026-04-03,ZFCVINDIA,1.028696,14375.0,13974.0
2026-04-14,ZFCVINDIA,1.020968,14364.0,14069.0
2026-05-01,ZFSTEERING,1.048919,843.95,804.59
2026-06-26,ZFSTEERING,1.034534,699.5,676.15
2026-03-31,ZIMLAB,1.053103,63.46,60.26
2026-04-03,ZIMLAB,0.954202,64.38,67.47
2026-05-01,ZIMLAB,0.970434,85.34,87.94
2026-06-26,ZIMLAB,1.023779,127.87,124.9
2025-11-05,ZODIAC,0.952419,361.3,379.35
2026-01-15,ZODIAC,1.022271,277.7,271.65
2026-02-02,ZODIAC,0.951756,246.6,259.1
2026-03-03,ZODIAC,1.02515,243.75,237.77
2026-03-31,ZODIAC,1.058923,226.08,213.5
2026-04-14,ZODIAC,0.979562,279.9,285.74
2026-05-01,ZODIAC,1.024544,332.69,324.72
2026-05-28,ZODIAC,1.02463,307.85,300.45
2026-03-03,ZODIACLOTH,1.032051,80.5,78.0
2026-03-31,ZODIACLOTH,1.041485,62.01,59.54
2026-04-03,ZODIACLOTH,1.037502,66.95,64.53
2026-05-01,ZODIACLOTH,1.030307,80.23,77.87
2026-06-26,ZODIACLOTH,1.059558,88.24,83.28
2025-10-22,ZOTA,0.97427,1563.8,1605.1
2026-01-15,ZOTA,1.027067,1373.6,1337.4
2026-01-26,ZOTA,1.047025,1376.0,1314.2
2026-03-26,ZOTA,0.925982,1047.1,1130.8
2026-05-28,ZOTA,1.04558,1172.2,1121.1
2026-05-01,ZSARACOM,0.977796,9716.85,9937.5
2026-05-28,ZSARACOM,1.020101,10150.0,9950.0
2026-01-26,ZTECH,1.044945,619.6,592.95
2026-03-03,ZTECH,1.030846,518.0,502.5
2026-03-31,ZTECH,1.044545,529.95,507.35
2025-11-05,ZUARI,1.023964,252.1,246.2
2025-12-25,ZUARI,1.027809,321.55,312.85
2026-01-26,ZUARI,1.034601,272.1,263.0
2026-03-03,ZUARI,1.034347,224.05,216.61
2026-03-26,ZUARI,0.966533,192.34,199.0
2026-03-31,ZUARI,1.059668,191.98,181.17
2026-04-03,ZUARI,0.975994,196.37,201.2
2026-05-01,ZUARI,1.024235,240.9,235.2
2025-11-05,ZUARIIND,1.029809,331.65,322.05
2026-01-26,ZUARIIND,1.034318,271.25,262.25
2026-02-02,ZUARIIND,0.968269,263.95,272.6
2026-03-03,ZUARIIND,1.025521,263.2,256.65
2026-03-26,ZUARIIND,0.95542,218.6,228.8
2026-03-31,ZUARIIND,1.021331,217.85,213.3
2026-03-31,ZYDUSLIFE,1.02927,896.7,871.2
2026-05-01,ZYDUSLIFE,1.021247,910.85,891.9
2025-10-22,ZYDUSWELL,0.960303,469.3,488.7
2025-11-05,ZYDUSWELL,1.036285,479.8,463.0
2026-01-26,ZYDUSWELL,1.031418,431.7,418.55
2026-03-26,ZYDUSWELL,0.962005,440.55,457.95
2026-03-31,ZYDUSWELL,1.046323,446.1,426.35
2026-04-14,ZYDUSWELL,0.945829,489.75,517.8
